workload,frame,frame_ms,gc_bytes,gpu_ms,RR.UI,RR.Streaming,RR.IndustryTick,RR.MachineViews,RR.WeatherViews,RR.TorchRefresh,RR.PassiveTick,RR.HostileTick,RR.SurvivalTick,alloc_RR.UI,alloc_RR.Streaming,alloc_RR.IndustryTick,alloc_RR.MachineViews,alloc_RR.WeatherViews,alloc_RR.TorchRefresh,alloc_RR.PassiveTick,alloc_RR.HostileTick,alloc_RR.SurvivalTick,machine_views_created,crate_views_created,timing_timestamp,cpu_main_ms,cpu_render_ms,present_wait_ms,draw_calls,batches,set_pass,srp_draw_calls,shadow_casters
factory-192,528,43.4610,-1,20.1751,-1.0000,-1.0000,-1.0000,-1.0000,-1.0000,-1.0000,-1.0000,-1.0000,-1.0000,-1,-1,-1,-1,-1,-1,-1,-1,-1,0,0,3220865132201,3.4883,1.1170,7.6083,-1,-1,61,2558,492
factory-192,529,49.5490,-1,43.6664,-1.0000,-1.0000,-1.0000,-1.0000,-1.0000,-1.0000,-1.0000,-1.0000,-1.0000,-1,-1,-1,-1,-1,-1,-1,-1,-1,0,0,3220865243316,2.6869,3.9975,13.3043,-1,-1,61,2558,492
factory-192,530,48.4641,-1,48.7393,-1.0000,-1.0000,-1.0000,-1.0000,-1.0000,-1.0000,-1.0000,-1.0000,-1.0000,-1,-1,-1,-1,-1,-1,-1,-1,-1,0,0,3220865403426,8.3788,2.1311,11.2191,-1,-1,61,2558,492
factory-192,531,33.9019,-1,48.3389,-1.0000,-1.0000,-1.0000,-1.0000,-1.0000,-1.0000,-1.0000,-1.0000,-1.0000,-1,-1,-1,-1,-1,-1,-1,-1,-1,0,0,3220865599726,6.6924,1.1773,36.7441,-1,-1,61,2558,492
stress-factory-farm-mobs-clear,19,27.4055,-1,13.6540,-1.0000,-1.0000,-1.0000,-1.0000,-1.0000,-1.0000,-1.0000,-1.0000,-1.0000,-1,-1,-1,-1,-1,-1,-1,-1,-1,0,0,3222234880124,4.9458,3.8766,7.2330,-1,-1,170,7259,2441
stress-factory-farm-mobs-clear,20,27.4052,-1,23.6196,-1.0000,-1.0000,-1.0000,-1.0000,-1.0000,-1.0000,-1.0000,-1.0000,-1.0000,-1,-1,-1,-1,-1,-1,-1,-1,-1,0,0,3222235002027,5.1995,4.4259,5.8922,-1,-1,171,7259,2443
stress-factory-farm-mobs-clear,21,27.5762,-1,27.2287,-1.0000,-1.0000,-1.0000,-1.0000,-1.0000,-1.0000,-1.0000,-1.0000,-1.0000,-1,-1,-1,-1,-1,-1,-1,-1,-1,0,0,3222235113048,17.2711,4.4319,0.0143,-1,-1,171,7259,2443
stress-factory-farm-mobs-clear,22,27.7520,-1,27.2635,-1.0000,-1.0000,-1.0000,-1.0000,-1.0000,-1.0000,-1.0000,-1.0000,-1.0000,-1,-1,-1,-1,-1,-1,-1,-1,-1,0,0,3222235286070,5.9736,4.0263,21.4222,-1,-1,171,7259,2443
stress-factory-farm-mobs-clear,23,28.2857,-1,27.7855,-1.0000,-1.0000,-1.0000,-1.0000,-1.0000,-1.0000,-1.0000,-1.0000,-1.0000,-1,-1,-1,-1,-1,-1,-1,-1,-1,0,0,3222235560091,10.9224,4.0882,16.4706,-1,-1,171,7259,2443
stress-factory-farm-mobs-clear,24,27.1257,-1,27.8444,-1.0000,-1.0000,-1.0000,-1.0000,-1.0000,-1.0000,-1.0000,-1.0000,-1.0000,-1,-1,-1,-1,-1,-1,-1,-1,-1,0,0,3222235834141,6.2316,3.6427,21.3324,-1,-1,171,7259,2443
stress-factory-farm-mobs-clear,25,27.1090,-1,27.0717,-1.0000,-1.0000,-1.0000,-1.0000,-1.0000,-1.0000,-1.0000,-1.0000,-1.0000,-1,-1,-1,-1,-1,-1,-1,-1,-1,0,0,3222236109903,10.0529,3.8225,17.6873,-1,-1,171,7259,2443
stress-factory-farm-mobs-clear,43,41.3526,-1,20.4408,-1.0000,-1.0000,-1.0000,-1.0000,-1.0000,-1.0000,-1.0000,-1.0000,-1.0000,-1,-1,-1,-1,-1,-1,-1,-1,-1,0,0,3222238927463,5.6531,3.6169,8.0085,-1,-1,171,7257,2441
stress-factory-farm-mobs-clear,44,28.6758,-1,41.3796,-1.0000,-1.0000,-1.0000,-1.0000,-1.0000,-1.0000,-1.0000,-1.0000,-1.0000,-1,-1,-1,-1,-1,-1,-1,-1,-1,0,0,3222239064178,11.1929,3.9411,6.4833,-1,-1,171,7257,2441
stress-factory-farm-mobs-clear,45,24.4980,-1,28.3599,-1.0000,-1.0000,-1.0000,-1.0000,-1.0000,-1.0000,-1.0000,-1.0000,-1.0000,-1,-1,-1,-1,-1,-1,-1,-1,-1,0,0,3222239241057,4.9095,3.5041,15.8096,-1,-1,171,7256,2440
stress-factory-farm-mobs-clear,46,23.4623,-1,25.2334,-1.0000,-1.0000,-1.0000,-1.0000,-1.0000,-1.0000,-1.0000,-1.0000,-1.0000,-1,-1,-1,-1,-1,-1,-1,-1,-1,0,0,3222239448355,4.2016,4.1416,37.1393,-1,-1,171,7256,2440
stress-factory-farm-mobs-clear,168,24.4865,-1,14.2930,-1.0000,-1.0000,-1.0000,-1.0000,-1.0000,-1.0000,-1.0000,-1.0000,-1.0000,-1,-1,-1,-1,-1,-1,-1,-1,-1,0,0,3222257309205,5.0528,3.4389,13.2234,-1,-1,171,7248,2434
stress-factory-farm-mobs-clear,169,22.7078,-1,23.3001,-1.0000,-1.0000,-1.0000,-1.0000,-1.0000,-1.0000,-1.0000,-1.0000,-1.0000,-1,-1,-1,-1,-1,-1,-1,-1,-1,0,0,3222257492077,4.8193,4.3347,12.9903,-1,-1,171,7248,2434
stress-factory-farm-mobs-clear,287,28.1522,-1,18.6586,-1.0000,-1.0000,-1.0000,-1.0000,-1.0000,-1.0000,-1.0000,-1.0000,-1.0000,-1,-1,-1,-1,-1,-1,-1,-1,-1,0,0,3222273856585,4.8059,3.6845,6.9404,-1,-1,171,7248,2431
stress-factory-farm-mobs-clear,288,29.7931,-1,-1.0000,-1.0000,-1.0000,-1.0000,-1.0000,-1.0000,-1.0000,-1.0000,-1.0000,-1.0000,-1,-1,-1,-1,-1,-1,-1,-1,-1,0,0,3222273974164,4.8155,3.9497,7.2030,-1,-1,171,7248,2431
stress-factory-farm-mobs-clear,289,31.7187,-1,27.7852,-1.0000,-1.0000,-1.0000,-1.0000,-1.0000,-1.0000,-1.0000,-1.0000,-1.0000,-1,-1,-1,-1,-1,-1,-1,-1,-1,0,0,3222274094450,12.2321,3.8074,5.4518,-1,-1,171,7248,2431
stress-factory-farm-mobs-clear,290,31.8889,-1,-1.0000,-1.0000,-1.0000,-1.0000,-1.0000,-1.0000,-1.0000,-1.0000,-1.0000,-1.0000,-1,-1,-1,-1,-1,-1,-1,-1,-1,0,0,3222274271418,4.7335,4.2641,23.4202,-1,-1,171,7248,2431
stress-factory-farm-mobs-clear,291,29.4815,-1,25.7119,-1.0000,-1.0000,-1.0000,-1.0000,-1.0000,-1.0000,-1.0000,-1.0000,-1.0000,-1,-1,-1,-1,-1,-1,-1,-1,-1,0,0,3222274553161,29.7281,3.4265,0.0142,-1,-1,171,7248,2431
stress-factory-farm-mobs-clear,326,69.4988,-1,15.0840,-1.0000,-1.0000,-1.0000,-1.0000,-1.0000,-1.0000,-1.0000,-1.0000,-1.0000,-1,-1,-1,-1,-1,-1,-1,-1,-1,0,0,3222279975673,4.7145,4.2668,14.1475,-1,-1,171,7246,2428
stress-factory-farm-mobs-clear,327,80.3367,-1,68.8451,-1.0000,-1.0000,-1.0000,-1.0000,-1.0000,-1.0000,-1.0000,-1.0000,-1.0000,-1,-1,-1,-1,-1,-1,-1,-1,-1,0,0,3222280164394,13.3624,3.0442,1.2841,-1,-1,171,7245,2427
stress-factory-farm-mobs-clear,328,80.8916,-1,80.7700,-1.0000,-1.0000,-1.0000,-1.0000,-1.0000,-1.0000,-1.0000,-1.0000,-1.0000,-1,-1,-1,-1,-1,-1,-1,-1,-1,0,0,3222280310975,5.0966,3.3710,13.1945,-1,-1,171,7245,2427
stress-factory-farm-mobs-clear,329,66.1528,-1,79.7553,-1.0000,-1.0000,-1.0000,-1.0000,-1.0000,-1.0000,-1.0000,-1.0000,-1.0000,-1,-1,-1,-1,-1,-1,-1,-1,-1,0,0,3222280493948,4.1957,3.4475,65.3084,-1,-1,171,7245,2427
stress-factory-farm-mobs-clear,330,30.3925,-1,65.9927,-1.0000,-1.0000,-1.0000,-1.0000,-1.0000,-1.0000,-1.0000,-1.0000,-1.0000,-1,-1,-1,-1,-1,-1,-1,-1,-1,0,0,3222281189188,44.3226,3.7959,35.9610,-1,-1,170,7245,2425
stress-factory-farm-mobs-clear,331,23.6820,-1,30.8283,-1.0000,-1.0000,-1.0000,-1.0000,-1.0000,-1.0000,-1.0000,-1.0000,-1.0000,-1,-1,-1,-1,-1,-1,-1,-1,-1,0,0,3222281992325,12.4548,4.1133,68.4398,-1,-1,170,7242,2426
stress-factory-farm-mobs-clear,332,22.8459,-1,24.5560,-1.0000,-1.0000,-1.0000,-1.0000,-1.0000,-1.0000,-1.0000,-1.0000,-1.0000,-1,-1,-1,-1,-1,-1,-1,-1,-1,0,0,3222282801477,45.6548,3.4792,20.4427,-1,-1,170,7246,2426
stress-factory-farm-mobs-clear,650,31.2941,-1,11.8093,-1.0000,-1.0000,-1.0000,-1.0000,-1.0000,-1.0000,-1.0000,-1.0000,-1.0000,-1,-1,-1,-1,-1,-1,-1,-1,-1,0,0,3222326896782,4.8626,5.1657,13.6227,-1,-1,170,7212,2393
stress-factory-farm-mobs-clear,651,38.0018,-1,31.4470,-1.0000,-1.0000,-1.0000,-1.0000,-1.0000,-1.0000,-1.0000,-1.0000,-1.0000,-1,-1,-1,-1,-1,-1,-1,-1,-1,0,0,3222327081770,12.6868,3.5547,2.7246,-1,-1,170,7212,2393
stress-factory-farm-mobs-clear,652,30.9301,-1,36.8740,-1.0000,-1.0000,-1.0000,-1.0000,-1.0000,-1.0000,-1.0000,-1.0000,-1.0000,-1,-1,-1,-1,-1,-1,-1,-1,-1,0,0,3222327236002,5.1157,3.8349,8.3259,-1,-1,170,7212,2393
stress-factory-farm-mobs-clear,653,29.8153,-1,31.9081,-1.0000,-1.0000,-1.0000,-1.0000,-1.0000,-1.0000,-1.0000,-1.0000,-1.0000,-1,-1,-1,-1,-1,-1,-1,-1,-1,0,0,3222327370476,4.4215,3.3303,26.8614,-1,-1,170,7208,2393
stress-factory-farm-mobs-clear,654,25.2510,-1,28.5880,-1.0000,-1.0000,-1.0000,-1.0000,-1.0000,-1.0000,-1.0000,-1.0000,-1.0000,-1,-1,-1,-1,-1,-1,-1,-1,-1,0,0,3222327683419,12.4034,3.5844,25.5846,-1,-1,170,7202,2387
stress-factory-farm-mobs-clear,655,25.8079,-1,26.1691,-1.0000,-1.0000,-1.0000,-1.0000,-1.0000,-1.0000,-1.0000,-1.0000,-1.0000,-1,-1,-1,-1,-1,-1,-1,-1,-1,0,0,3222328063419,10.3014,3.5300,20.6194,-1,-1,170,7204,2387
stress-factory-farm-mobs-clear,656,23.2362,-1,25.0276,-1.0000,-1.0000,-1.0000,-1.0000,-1.0000,-1.0000,-1.0000,-1.0000,-1.0000,-1,-1,-1,-1,-1,-1,-1,-1,-1,0,0,3222328372724,5.2790,3.5873,24.5265,-1,-1,170,7207,2388
stress-factory-farm-mobs-clear,789,74.0153,-1,16.1633,-1.0000,-1.0000,-1.0000,-1.0000,-1.0000,-1.0000,-1.0000,-1.0000,-1.0000,-1,-1,-1,-1,-1,-1,-1,-1,-1,0,0,3222347467016,5.0658,4.7943,9.3387,-1,-1,170,7191,2372
stress-factory-farm-mobs-clear,790,81.5550,-1,74.1007,-1.0000,-1.0000,-1.0000,-1.0000,-1.0000,-1.0000,-1.0000,-1.0000,-1.0000,-1,-1,-1,-1,-1,-1,-1,-1,-1,0,0,3222347611175,13.2650,3.2782,0.6042,-1,-1,170,7187,2372
stress-factory-farm-mobs-clear,791,62.4469,-1,81.0532,-1.0000,-1.0000,-1.0000,-1.0000,-1.0000,-1.0000,-1.0000,-1.0000,-1.0000,-1,-1,-1,-1,-1,-1,-1,-1,-1,0,0,3222347750011,5.3155,3.8166,15.0974,-1,-1,170,7194,2375
stress-factory-farm-mobs-clear,792,26.0813,-1,-1.0000,-1.0000,-1.0000,-1.0000,-1.0000,-1.0000,-1.0000,-1.0000,-1.0000,-1.0000,-1,-1,-1,-1,-1,-1,-1,-1,-1,0,0,3222347954283,8.9155,3.7937,65.0476,-1,-1,170,7194,2374
stress-factory-farm-mobs-clear,1003,25.7478,-1,17.4428,-1.0000,-1.0000,-1.0000,-1.0000,-1.0000,-1.0000,-1.0000,-1.0000,-1.0000,-1,-1,-1,-1,-1,-1,-1,-1,-1,0,0,3222378321184,4.5151,3.3819,6.0980,-1,-1,170,7170,2354
stress-factory-farm-mobs-clear,1004,27.0398,-1,24.8845,-1.0000,-1.0000,-1.0000,-1.0000,-1.0000,-1.0000,-1.0000,-1.0000,-1.0000,-1,-1,-1,-1,-1,-1,-1,-1,-1,0,0,3222378427438,4.6878,3.6626,6.8631,-1,-1,170,7174,2354
stress-factory-farm-mobs-clear,1005,27.0563,-1,26.8882,-1.0000,-1.0000,-1.0000,-1.0000,-1.0000,-1.0000,-1.0000,-1.0000,-1.0000,-1,-1,-1,-1,-1,-1,-1,-1,-1,0,0,3222378543068,12.5189,3.5979,4.5642,-1,-1,170,7175,2355
stress-factory-farm-mobs-clear,1006,25.1741,-1,-1.0000,-1.0000,-1.0000,-1.0000,-1.0000,-1.0000,-1.0000,-1.0000,-1.0000,-1.0000,-1,-1,-1,-1,-1,-1,-1,-1,-1,0,0,3222378713999,4.9228,3.2677,20.8158,-1,-1,170,7175,2355
stress-factory-farm-mobs-clear,1007,26.5498,-1,25.8732,-1.0000,-1.0000,-1.0000,-1.0000,-1.0000,-1.0000,-1.0000,-1.0000,-1.0000,-1,-1,-1,-1,-1,-1,-1,-1,-1,0,0,3222378971499,5.0378,3.5346,21.9891,-1,-1,170,7175,2355
stress-factory-farm-mobs-clear,1008,28.1434,-1,25.7925,-1.0000,-1.0000,-1.0000,-1.0000,-1.0000,-1.0000,-1.0000,-1.0000,-1.0000,-1,-1,-1,-1,-1,-1,-1,-1,-1,0,0,3222379241900,11.1201,14.8691,15.9391,-1,-1,170,7175,2355
stress-factory-farm-mobs-clear,1009,25.2601,-1,24.3620,-1.0000,-1.0000,-1.0000,-1.0000,-1.0000,-1.0000,-1.0000,-1.0000,-1.0000,-1,-1,-1,-1,-1,-1,-1,-1,-1,0,0,3222379512687,16.3563,4.2468,8.7889,-1,-1,170,7175,2355
stress-factory-farm-mobs-clear,1027,23.9173,-1,18.1780,-1.0000,-1.0000,-1.0000,-1.0000,-1.0000,-1.0000,-1.0000,-1.0000,-1.0000,-1,-1,-1,-1,-1,-1,-1,-1,-1,0,0,3222382265328,5.3353,3.4394,13.6831,-1,-1,170,7171,2351
stress-factory-farm-mobs-clear,1129,24.1902,-1,16.7552,-1.0000,-1.0000,-1.0000,-1.0000,-1.0000,-1.0000,-1.0000,-1.0000,-1.0000,-1,-1,-1,-1,-1,-1,-1,-1,-1,0,0,3222396688333,4.9960,3.5412,9.7903,-1,-1,170,7162,2341
stress-factory-farm-mobs-clear,1130,25.1881,-1,23.4808,-1.0000,-1.0000,-1.0000,-1.0000,-1.0000,-1.0000,-1.0000,-1.0000,-1.0000,-1,-1,-1,-1,-1,-1,-1,-1,-1,0,0,3222396836252,4.8455,3.8686,6.8342,-1,-1,170,7162,2341
stress-factory-farm-mobs-clear,1131,26.8092,-1,26.0534,-1.0000,-1.0000,-1.0000,-1.0000,-1.0000,-1.0000,-1.0000,-1.0000,-1.0000,-1,-1,-1,-1,-1,-1,-1,-1,-1,0,0,3222396953174,4.5714,3.6088,11.9393,-1,-1,170,7162,2341
stress-factory-farm-mobs-clear,1132,27.0728,-1,26.7136,-1.0000,-1.0000,-1.0000,-1.0000,-1.0000,-1.0000,-1.0000,-1.0000,-1.0000,-1,-1,-1,-1,-1,-1,-1,-1,-1,0,0,3222397118394,10.5917,4.1151,13.5866,-1,-1,170,7162,2341
stress-factory-farm-mobs-clear,1133,26.4386,-1,26.1181,-1.0000,-1.0000,-1.0000,-1.0000,-1.0000,-1.0000,-1.0000,-1.0000,-1.0000,-1,-1,-1,-1,-1,-1,-1,-1,-1,0,0,3222397360297,5.2873,3.8183,19.8887,-1,-1,170,7162,2341
stress-factory-farm-mobs-clear,1134,26.5616,-1,26.4051,-1.0000,-1.0000,-1.0000,-1.0000,-1.0000,-1.0000,-1.0000,-1.0000,-1.0000,-1,-1,-1,-1,-1,-1,-1,-1,-1,0,0,3222397612197,12.6355,3.9367,14.1582,-1,-1,170,7158,2341
stress-factory-farm-mobs-clear,1135,24.9368,-1,25.8445,-1.0000,-1.0000,-1.0000,-1.0000,-1.0000,-1.0000,-1.0000,-1.0000,-1.0000,-1,-1,-1,-1,-1,-1,-1,-1,-1,0,0,3222397880261,5.2626,3.7768,21.8015,-1,-1,170,7161,2344
stress-factory-farm-mobs-clear,1136,23.6249,-1,26.2397,-1.0000,-1.0000,-1.0000,-1.0000,-1.0000,-1.0000,-1.0000,-1.0000,-1.0000,-1,-1,-1,-1,-1,-1,-1,-1,-1,0,0,3222398151017,11.8413,3.6998,14.5854,-1,-1,170,7165,2344
stress-factory-farm-mobs-clear,1139,23.9766,-1,-1.0000,-1.0000,-1.0000,-1.0000,-1.0000,-1.0000,-1.0000,-1.0000,-1.0000,-1.0000,-1,-1,-1,-1,-1,-1,-1,-1,-1,0,0,3222398930363,4.6586,3.4914,18.9555,-1,-1,170,7166,2345
stress-factory-farm-mobs-clear,1165,23.4865,-1,15.8769,-1.0000,-1.0000,-1.0000,-1.0000,-1.0000,-1.0000,-1.0000,-1.0000,-1.0000,-1,-1,-1,-1,-1,-1,-1,-1,-1,0,0,3222402665921,5.6658,3.2835,8.4988,-1,-1,170,7158,2342
stress-factory-farm-mobs-clear,1166,26.0329,-1,23.2881,-1.0000,-1.0000,-1.0000,-1.0000,-1.0000,-1.0000,-1.0000,-1.0000,-1.0000,-1,-1,-1,-1,-1,-1,-1,-1,-1,0,0,3222402807624,4.6083,3.3688,10.4571,-1,-1,170,7158,2342
stress-factory-farm-mobs-clear,1167,32.5385,-1,-1.0000,-1.0000,-1.0000,-1.0000,-1.0000,-1.0000,-1.0000,-1.0000,-1.0000,-1.0000,-1,-1,-1,-1,-1,-1,-1,-1,-1,0,0,3222402958377,4.7026,3.4730,12.2743,-1,-1,170,7153,2337
stress-factory-farm-mobs-clear,1527,22.6630,-1,20.5335,-1.0000,-1.0000,-1.0000,-1.0000,-1.0000,-1.0000,-1.0000,-1.0000,-1.0000,-1,-1,-1,-1,-1,-1,-1,-1,-1,0,0,3222452193248,5.0007,3.6066,14.0333,-1,-1,170,7130,2312
stress-factory-farm-mobs-clear,1528,22.8499,-1,22.1676,-1.0000,-1.0000,-1.0000,-1.0000,-1.0000,-1.0000,-1.0000,-1.0000,-1.0000,-1,-1,-1,-1,-1,-1,-1,-1,-1,0,0,3222452383656,4.6606,3.4107,13.6980,-1,-1,170,7130,2312
stress-factory-farm-mobs-clear,1529,23.0499,-1,23.0006,-1.0000,-1.0000,-1.0000,-1.0000,-1.0000,-1.0000,-1.0000,-1.0000,-1.0000,-1,-1,-1,-1,-1,-1,-1,-1,-1,0,0,3222452567342,12.9236,3.1935,7.6268,-1,-1,170,7127,2313
stress-factory-farm-mobs-clear,1530,23.7506,-1,23.1360,-1.0000,-1.0000,-1.0000,-1.0000,-1.0000,-1.0000,-1.0000,-1.0000,-1.0000,-1,-1,-1,-1,-1,-1,-1,-1,-1,0,0,3222452772944,6.8834,3.5339,15.7700,-1,-1,170,7127,2313
stress-factory-farm-mobs-clear,1531,22.5813,-1,23.0006,-1.0000,-1.0000,-1.0000,-1.0000,-1.0000,-1.0000,-1.0000,-1.0000,-1.0000,-1,-1,-1,-1,-1,-1,-1,-1,-1,0,0,3222452999574,5.0285,3.2279,17.8114,-1,-1,170,7125,2311
stress-factory-farm-mobs-clear,1532,23.2568,-1,22.8905,-1.0000,-1.0000,-1.0000,-1.0000,-1.0000,-1.0000,-1.0000,-1.0000,-1.0000,-1,-1,-1,-1,-1,-1,-1,-1,-1,0,0,3222453228083,11.6849,3.6933,11.3527,-1,-1,170,7130,2312
stress-factory-farm-mobs-clear,1568,24.3043,-1,13.6916,-1.0000,-1.0000,-1.0000,-1.0000,-1.0000,-1.0000,-1.0000,-1.0000,-1.0000,-1,-1,-1,-1,-1,-1,-1,-1,-1,0,0,3222458161090,5.5583,3.3025,8.3156,-1,-1,170,7125,2311
stress-factory-farm-mobs-clear,1569,30.8697,-1,23.6646,-1.0000,-1.0000,-1.0000,-1.0000,-1.0000,-1.0000,-1.0000,-1.0000,-1.0000,-1,-1,-1,-1,-1,-1,-1,-1,-1,0,0,3222458299885,4.7070,3.2946,8.7861,-1,-1,170,7126,2312
stress-factory-farm-mobs-clear,1570,34.5481,-1,30.4312,-1.0000,-1.0000,-1.0000,-1.0000,-1.0000,-1.0000,-1.0000,-1.0000,-1.0000,-1,-1,-1,-1,-1,-1,-1,-1,-1,0,0,3222458434916,4.8231,3.6060,9.1307,-1,-1,170,7130,2312
stress-factory-farm-mobs-clear,1571,34.8862,-1,34.3411,-1.0000,-1.0000,-1.0000,-1.0000,-1.0000,-1.0000,-1.0000,-1.0000,-1.0000,-1,-1,-1,-1,-1,-1,-1,-1,-1,0,0,3222458574562,11.7382,3.4897,12.5542,-1,-1,170,7130,2312
stress-factory-farm-mobs-clear,1572,32.8207,-1,34.4279,-1.0000,-1.0000,-1.0000,-1.0000,-1.0000,-1.0000,-1.0000,-1.0000,-1.0000,-1,-1,-1,-1,-1,-1,-1,-1,-1,0,0,3222458817612,4.1083,3.1891,26.7485,-1,-1,170,7130,2312
stress-factory-farm-mobs-clear,1573,32.9581,-1,33.2961,-1.0000,-1.0000,-1.0000,-1.0000,-1.0000,-1.0000,-1.0000,-1.0000,-1.0000,-1,-1,-1,-1,-1,-1,-1,-1,-1,0,0,3222459126296,10.8571,3.7788,23.6805,-1,-1,170,7130,2312
stress-factory-farm-mobs-clear,1602,46.4946,-1,14.7942,-1.0000,-1.0000,-1.0000,-1.0000,-1.0000,-1.0000,-1.0000,-1.0000,-1.0000,-1,-1,-1,-1,-1,-1,-1,-1,-1,0,0,3222464135734,10.5735,4.8752,7.3309,-1,-1,170,7126,2308
stress-factory-farm-mobs-clear,1603,79.9824,-1,46.3281,-1.0000,-1.0000,-1.0000,-1.0000,-1.0000,-1.0000,-1.0000,-1.0000,-1.0000,-1,-1,-1,-1,-1,-1,-1,-1,-1,0,0,3222464314908,5.8789,4.1653,7.9716,-1,-1,170,7126,2308
stress-factory-farm-mobs-clear,1604,80.8719,-1,80.6241,-1.0000,-1.0000,-1.0000,-1.0000,-1.0000,-1.0000,-1.0000,-1.0000,-1.0000,-1,-1,-1,-1,-1,-1,-1,-1,-1,0,0,3222464453540,5.2071,3.9602,9.6533,-1,-1,170,7125,2307
stress-factory-farm-mobs-clear,1605,81.5247,-1,79.8694,-1.0000,-1.0000,-1.0000,-1.0000,-1.0000,-1.0000,-1.0000,-1.0000,-1.0000,-1,-1,-1,-1,-1,-1,-1,-1,-1,0,0,3222464602275,11.2300,3.9274,35.2561,-1,-1,170,7124,2306
stress-factory-farm-mobs-clear,1606,81.1518,-1,80.7547,-1.0000,-1.0000,-1.0000,-1.0000,-1.0000,-1.0000,-1.0000,-1.0000,-1.0000,-1,-1,-1,-1,-1,-1,-1,-1,-1,0,0,3222465067251,13.7837,4.6655,66.1816,-1,-1,170,7123,2305
stress-factory-farm-mobs-clear,1607,44.8999,-1,81.7393,-1.0000,-1.0000,-1.0000,-1.0000,-1.0000,-1.0000,-1.0000,-1.0000,-1.0000,-1,-1,-1,-1,-1,-1,-1,-1,-1,0,0,3222465867035,13.7451,4.6532,67.1155,-1,-1,170,7123,2305
stress-factory-farm-mobs-clear,1640,25.5793,-1,15.8152,-1.0000,-1.0000,-1.0000,-1.0000,-1.0000,-1.0000,-1.0000,-1.0000,-1.0000,-1,-1,-1,-1,-1,-1,-1,-1,-1,0,0,3222472634879,12.8329,3.6856,0.0102,-1,-1,170,7112,2298
stress-factory-farm-mobs-clear,1641,24.0985,-1,26.0792,-1.0000,-1.0000,-1.0000,-1.0000,-1.0000,-1.0000,-1.0000,-1.0000,-1.0000,-1,-1,-1,-1,-1,-1,-1,-1,-1,0,0,3222472763443,5.4341,4.3188,13.6150,-1,-1,170,7112,2298
stress-diagnostics,157,24.0144,-1,21.4884,-1.0000,-1.0000,-1.0000,-1.0000,-1.0000,-1.0000,-1.0000,-1.0000,-1.0000,-1,-1,-1,-1,-1,-1,-1,-1,-1,0,0,3222534143428,6.3195,3.9603,12.3803,-1,-1,170,7094,2274
stress-diagnostics,158,24.1254,-1,23.5400,-1.0000,-1.0000,-1.0000,-1.0000,-1.0000,-1.0000,-1.0000,-1.0000,-1.0000,-1,-1,-1,-1,-1,-1,-1,-1,-1,0,0,3222534330494,4.7404,3.5859,13.4439,-1,-1,170,7094,2274
stress-diagnostics,159,24.3988,-1,24.1795,-1.0000,-1.0000,-1.0000,-1.0000,-1.0000,-1.0000,-1.0000,-1.0000,-1.0000,-1,-1,-1,-1,-1,-1,-1,-1,-1,0,0,3222534512449,4.8927,3.8706,16.3972,-1,-1,170,7094,2274
stress-diagnostics,160,24.9654,-1,25.1261,-1.0000,-1.0000,-1.0000,-1.0000,-1.0000,-1.0000,-1.0000,-1.0000,-1.0000,-1,-1,-1,-1,-1,-1,-1,-1,-1,0,0,3222534725477,11.5171,3.9531,12.4836,-1,-1,170,7094,2274
stress-diagnostics,161,23.6185,-1,24.0686,-1.0000,-1.0000,-1.0000,-1.0000,-1.0000,-1.0000,-1.0000,-1.0000,-1.0000,-1,-1,-1,-1,-1,-1,-1,-1,-1,0,0,3222534965612,5.4969,3.7978,18.6167,-1,-1,170,7094,2274
stress-diagnostics,162,23.4695,-1,23.6585,-1.0000,-1.0000,-1.0000,-1.0000,-1.0000,-1.0000,-1.0000,-1.0000,-1.0000,-1,-1,-1,-1,-1,-1,-1,-1,-1,0,0,3222535206866,12.6929,3.4583,11.6956,-1,-1,170,7094,2274
stress-diagnostics,180,25.3876,-1,20.8302,-1.0000,-1.0000,-1.0000,-1.0000,-1.0000,-1.0000,-1.0000,-1.0000,-1.0000,-1,-1,-1,-1,-1,-1,-1,-1,-1,0,0,3222537941944,5.3822,3.8786,11.9956,-1,-1,170,7087,2271
stress-five-minute-soak,221,26.7529,-1,13.0483,-1.0000,-1.0000,-1.0000,-1.0000,-1.0000,-1.0000,-1.0000,-1.0000,-1.0000,-1,-1,-1,-1,-1,-1,-1,-1,-1,0,0,3222642364637,4.6374,3.8737,8.1705,-1,-1,164,7073,2251
stress-five-minute-soak,222,27.1980,-1,22.8365,-1.0000,-1.0000,-1.0000,-1.0000,-1.0000,-1.0000,-1.0000,-1.0000,-1.0000,-1,-1,-1,-1,-1,-1,-1,-1,-1,0,0,3222642492845,4.7446,4.2912,6.5277,-1,-1,164,7073,2251
stress-five-minute-soak,223,28.6474,-1,26.7991,-1.0000,-1.0000,-1.0000,-1.0000,-1.0000,-1.0000,-1.0000,-1.0000,-1.0000,-1,-1,-1,-1,-1,-1,-1,-1,-1,0,0,3222642605683,14.3607,3.7424,0.0118,-1,-1,164,7070,2252
stress-five-minute-soak,224,30.6285,-1,29.3622,-1.0000,-1.0000,-1.0000,-1.0000,-1.0000,-1.0000,-1.0000,-1.0000,-1.0000,-1,-1,-1,-1,-1,-1,-1,-1,-1,0,0,3222642749584,4.7275,3.5915,22.0174,-1,-1,164,7070,2252
stress-five-minute-soak,225,30.0414,-1,29.4500,-1.0000,-1.0000,-1.0000,-1.0000,-1.0000,-1.0000,-1.0000,-1.0000,-1.0000,-1,-1,-1,-1,-1,-1,-1,-1,-1,0,0,3222643017094,12.5816,3.6086,14.6038,-1,-1,164,7070,2252
stress-five-minute-soak,226,28.5443,-1,30.2971,-1.0000,-1.0000,-1.0000,-1.0000,-1.0000,-1.0000,-1.0000,-1.0000,-1.0000,-1,-1,-1,-1,-1,-1,-1,-1,-1,0,0,3222643289084,5.1436,3.4856,23.4883,-1,-1,164,7074,2252
stress-five-minute-soak,227,27.8150,-1,28.6490,-1.0000,-1.0000,-1.0000,-1.0000,-1.0000,-1.0000,-1.0000,-1.0000,-1.0000,-1,-1,-1,-1,-1,-1,-1,-1,-1,0,0,3222643575534,11.8413,3.6481,18.7778,-1,-1,164,7074,2252
stress-five-minute-soak,228,24.3331,-1,27.6419,-1.0000,-1.0000,-1.0000,-1.0000,-1.0000,-1.0000,-1.0000,-1.0000,-1.0000,-1,-1,-1,-1,-1,-1,-1,-1,-1,0,0,3222643881845,6.0766,3.6749,23.9584,-1,-1,164,7074,2252
stress-five-minute-soak,342,23.1608,-1,11.7678,-1.0000,-1.0000,-1.0000,-1.0000,-1.0000,-1.0000,-1.0000,-1.0000,-1.0000,-1,-1,-1,-1,-1,-1,-1,-1,-1,0,0,3222660724213,5.4052,3.9009,11.9350,-1,-1,164,7073,2251
stress-five-minute-soak,343,79.5442,-1,22.8746,-1.0000,-1.0000,-1.0000,-1.0000,-1.0000,-1.0000,-1.0000,-1.0000,-1.0000,-1,-1,-1,-1,-1,-1,-1,-1,-1,0,0,3222660897681,4.8384,4.0686,5.4902,-1,-1,164,7073,2251
stress-five-minute-soak,344,80.0783,-1,79.2786,-1.0000,-1.0000,-1.0000,-1.0000,-1.0000,-1.0000,-1.0000,-1.0000,-1.0000,-1,-1,-1,-1,-1,-1,-1,-1,-1,0,0,3222661001073,5.1686,4.0377,6.9113,-1,-1,164,7073,2251
stress-five-minute-soak,345,55.2487,-1,80.7473,-1.0000,-1.0000,-1.0000,-1.0000,-1.0000,-1.0000,-1.0000,-1.0000,-1.0000,-1,-1,-1,-1,-1,-1,-1,-1,-1,0,0,3222661121993,12.2889,3.6796,10.8592,-1,-1,164,7070,2248
stress-five-minute-soak,375,41.4748,-1,20.5599,-1.0000,-1.0000,-1.0000,-1.0000,-1.0000,-1.0000,-1.0000,-1.0000,-1.0000,-1,-1,-1,-1,-1,-1,-1,-1,-1,0,0,3222667009266,4.9520,3.4356,12.7851,-1,-1,164,7070,2248
stress-five-minute-soak,376,78.4917,-1,41.2836,-1.0000,-1.0000,-1.0000,-1.0000,-1.0000,-1.0000,-1.0000,-1.0000,-1.0000,-1,-1,-1,-1,-1,-1,-1,-1,-1,0,0,3222667186750,12.6576,3.6021,4.4646,-1,-1,164,7070,2248
stress-five-minute-soak,377,80.2632,-1,78.3104,-1.0000,-1.0000,-1.0000,-1.0000,-1.0000,-1.0000,-1.0000,-1.0000,-1.0000,-1,-1,-1,-1,-1,-1,-1,-1,-1,0,0,3222667358101,5.1564,3.6532,15.5047,-1,-1,164,7066,2248
stress-five-minute-soak,378,32.2810,-1,79.5730,-1.0000,-1.0000,-1.0000,-1.0000,-1.0000,-1.0000,-1.0000,-1.0000,-1.0000,-1,-1,-1,-1,-1,-1,-1,-1,-1,0,0,3222667564834,12.7439,3.6662,28.7188,-1,-1,164,7070,2248
stress-five-minute-soak,379,24.5105,-1,33.2229,-1.0000,-1.0000,-1.0000,-1.0000,-1.0000,-1.0000,-1.0000,-1.0000,-1.0000,-1,-1,-1,-1,-1,-1,-1,-1,-1,0,0,3222667979571,4.8836,3.6282,73.5972,-1,-1,164,7070,2248
stress-five-minute-soak,419,26.9018,-1,13.1072,-1.0000,-1.0000,-1.0000,-1.0000,-1.0000,-1.0000,-1.0000,-1.0000,-1.0000,-1,-1,-1,-1,-1,-1,-1,-1,-1,0,0,3222675100044,14.0885,4.2272,3.7609,-1,-1,164,7065,2243
stress-five-minute-soak,420,32.7702,-1,26.2984,-1.0000,-1.0000,-1.0000,-1.0000,-1.0000,-1.0000,-1.0000,-1.0000,-1.0000,-1,-1,-1,-1,-1,-1,-1,-1,-1,0,0,3222675278668,5.2621,4.0958,7.3056,-1,-1,164,7065,2243
stress-five-minute-soak,421,30.0979,-1,32.5420,-1.0000,-1.0000,-1.0000,-1.0000,-1.0000,-1.0000,-1.0000,-1.0000,-1.0000,-1,-1,-1,-1,-1,-1,-1,-1,-1,0,0,3222675404461,4.9830,3.5062,6.9800,-1,-1,164,7064,2243
stress-five-minute-soak,422,28.2547,-1,30.7489,-1.0000,-1.0000,-1.0000,-1.0000,-1.0000,-1.0000,-1.0000,-1.0000,-1.0000,-1,-1,-1,-1,-1,-1,-1,-1,-1,0,0,3222675524217,11.9079,4.7948,14.9842,-1,-1,164,7064,2243
stress-five-minute-soak,423,27.3499,-1,28.1830,-1.0000,-1.0000,-1.0000,-1.0000,-1.0000,-1.0000,-1.0000,-1.0000,-1.0000,-1,-1,-1,-1,-1,-1,-1,-1,-1,0,0,3222675793241,5.5088,4.1786,27.2473,-1,-1,164,7065,2244
stress-five-minute-soak,424,26.7132,-1,27.1560,-1.0000,-1.0000,-1.0000,-1.0000,-1.0000,-1.0000,-1.0000,-1.0000,-1.0000,-1,-1,-1,-1,-1,-1,-1,-1,-1,0,0,3222676120936,10.7479,3.6096,19.3369,-1,-1,164,7065,2244
stress-five-minute-soak,425,25.3237,-1,25.7736,-1.0000,-1.0000,-1.0000,-1.0000,-1.0000,-1.0000,-1.0000,-1.0000,-1.0000,-1,-1,-1,-1,-1,-1,-1,-1,-1,0,0,3222676421912,4.5394,3.4547,23.7038,-1,-1,164,7065,2244
stress-five-minute-soak,472,23.5909,-1,11.9895,-1.0000,-1.0000,-1.0000,-1.0000,-1.0000,-1.0000,-1.0000,-1.0000,-1.0000,-1,-1,-1,-1,-1,-1,-1,-1,-1,0,0,3222684037366,13.6368,4.6090,0.0107,-1,-1,164,7063,2242
stress-five-minute-soak,476,23.7947,-1,-1.0000,-1.0000,-1.0000,-1.0000,-1.0000,-1.0000,-1.0000,-1.0000,-1.0000,-1.0000,-1,-1,-1,-1,-1,-1,-1,-1,-1,0,0,3222684688279,13.5237,4.5440,3.3588,-1,-1,164,7062,2241
stress-five-minute-soak,498,27.5650,-1,11.4212,-1.0000,-1.0000,-1.0000,-1.0000,-1.0000,-1.0000,-1.0000,-1.0000,-1.0000,-1,-1,-1,-1,-1,-1,-1,-1,-1,0,0,3222688020773,16.6046,4.6932,0.0117,-1,-1,164,7057,2240
stress-five-minute-soak,511,30.1363,-1,11.6047,-1.0000,-1.0000,-1.0000,-1.0000,-1.0000,-1.0000,-1.0000,-1.0000,-1.0000,-1,-1,-1,-1,-1,-1,-1,-1,-1,0,0,3222690101308,16.3045,4.8445,0.5520,-1,-1,164,7060,2239
stress-five-minute-soak,626,22.6359,-1,19.8676,-1.0000,-1.0000,-1.0000,-1.0000,-1.0000,-1.0000,-1.0000,-1.0000,-1.0000,-1,-1,-1,-1,-1,-1,-1,-1,-1,0,0,3222706064508,12.7690,3.8547,0.3362,-1,-1,164,7057,2236
stress-five-minute-soak,627,25.7600,-1,23.0395,-1.0000,-1.0000,-1.0000,-1.0000,-1.0000,-1.0000,-1.0000,-1.0000,-1.0000,-1,-1,-1,-1,-1,-1,-1,-1,-1,0,0,3222706195690,6.8778,3.6056,14.8231,-1,-1,164,7056,2235
stress-five-minute-soak,628,25.2308,-1,24.9300,-1.0000,-1.0000,-1.0000,-1.0000,-1.0000,-1.0000,-1.0000,-1.0000,-1.0000,-1,-1,-1,-1,-1,-1,-1,-1,-1,0,0,3222706412764,5.2982,3.8439,14.5243,-1,-1,164,7056,2235
stress-five-minute-soak,629,24.6308,-1,25.0734,-1.0000,-1.0000,-1.0000,-1.0000,-1.0000,-1.0000,-1.0000,-1.0000,-1.0000,-1,-1,-1,-1,-1,-1,-1,-1,-1,0,0,3222706612238,10.7618,3.7870,11.8614,-1,-1,164,7056,2235
stress-five-minute-soak,630,25.1379,-1,24.8673,-1.0000,-1.0000,-1.0000,-1.0000,-1.0000,-1.0000,-1.0000,-1.0000,-1.0000,-1,-1,-1,-1,-1,-1,-1,-1,-1,0,0,3222706838582,5.0832,4.1530,20.6632,-1,-1,164,7056,2235
stress-five-minute-soak,631,24.5270,-1,24.8586,-1.0000,-1.0000,-1.0000,-1.0000,-1.0000,-1.0000,-1.0000,-1.0000,-1.0000,-1,-1,-1,-1,-1,-1,-1,-1,-1,0,0,3222707096179,12.2213,3.9251,12.9993,-1,-1,164,7056,2235
stress-five-minute-soak,632,24.2015,-1,25.0749,-1.0000,-1.0000,-1.0000,-1.0000,-1.0000,-1.0000,-1.0000,-1.0000,-1.0000,-1,-1,-1,-1,-1,-1,-1,-1,-1,0,0,3222707348496,4.7228,4.9084,19.8953,-1,-1,164,7057,2236
stress-five-minute-soak,707,25.1790,-1,17.1003,-1.0000,-1.0000,-1.0000,-1.0000,-1.0000,-1.0000,-1.0000,-1.0000,-1.0000,-1,-1,-1,-1,-1,-1,-1,-1,-1,0,0,3222718392183,4.6216,3.2341,6.5343,-1,-1,164,7051,2234
stress-five-minute-soak,708,26.0708,-1,24.5921,-1.0000,-1.0000,-1.0000,-1.0000,-1.0000,-1.0000,-1.0000,-1.0000,-1.0000,-1,-1,-1,-1,-1,-1,-1,-1,-1,0,0,3222718503865,4.9427,3.8259,6.4990,-1,-1,164,7055,2234
stress-five-minute-soak,709,24.3130,-1,25.8701,-1.0000,-1.0000,-1.0000,-1.0000,-1.0000,-1.0000,-1.0000,-1.0000,-1.0000,-1,-1,-1,-1,-1,-1,-1,-1,-1,0,0,3222718618410,12.9992,4.0150,3.7546,-1,-1,164,7055,2234
stress-five-minute-soak,710,25.7956,-1,24.9695,-1.0000,-1.0000,-1.0000,-1.0000,-1.0000,-1.0000,-1.0000,-1.0000,-1.0000,-1,-1,-1,-1,-1,-1,-1,-1,-1,0,0,3222718786049,5.5556,3.7005,19.6117,-1,-1,164,7055,2234
stress-five-minute-soak,711,25.7251,-1,25.0880,-1.0000,-1.0000,-1.0000,-1.0000,-1.0000,-1.0000,-1.0000,-1.0000,-1.0000,-1,-1,-1,-1,-1,-1,-1,-1,-1,0,0,3222719037835,14.4403,3.7852,11.6135,-1,-1,164,7055,2234
stress-five-minute-soak,712,23.9589,-1,24.9011,-1.0000,-1.0000,-1.0000,-1.0000,-1.0000,-1.0000,-1.0000,-1.0000,-1.0000,-1,-1,-1,-1,-1,-1,-1,-1,-1,0,0,3222719298564,4.7246,3.7789,19.5747,-1,-1,164,7055,2234
stress-five-minute-soak,713,22.6690,-1,24.6559,-1.0000,-1.0000,-1.0000,-1.0000,-1.0000,-1.0000,-1.0000,-1.0000,-1.0000,-1,-1,-1,-1,-1,-1,-1,-1,-1,0,0,3222719541688,13.8923,4.6926,11.8916,-1,-1,164,7054,2233
stress-five-minute-soak,892,44.8527,-1,11.8167,-1.0000,-1.0000,-1.0000,-1.0000,-1.0000,-1.0000,-1.0000,-1.0000,-1.0000,-1,-1,-1,-1,-1,-1,-1,-1,-1,0,0,3222744726191,5.6938,3.3852,10.6501,-1,-1,164,7054,2232
stress-five-minute-soak,893,80.8517,-1,44.8499,-1.0000,-1.0000,-1.0000,-1.0000,-1.0000,-1.0000,-1.0000,-1.0000,-1.0000,-1,-1,-1,-1,-1,-1,-1,-1,-1,0,0,3222744889707,4.9273,3.9801,6.8083,-1,-1,163,7050,2227
stress-five-minute-soak,894,79.3759,-1,80.7670,-1.0000,-1.0000,-1.0000,-1.0000,-1.0000,-1.0000,-1.0000,-1.0000,-1.0000,-1,-1,-1,-1,-1,-1,-1,-1,-1,0,0,3222745007201,5.2672,3.8360,6.8947,-1,-1,163,7050,2227
stress-five-minute-soak,926,24.2126,-1,18.4929,-1.0000,-1.0000,-1.0000,-1.0000,-1.0000,-1.0000,-1.0000,-1.0000,-1.0000,-1,-1,-1,-1,-1,-1,-1,-1,-1,0,0,3222750963237,5.8675,3.8264,10.4890,-1,-1,163,7050,2227
stress-five-minute-soak,938,48.7904,-1,13.2833,-1.0000,-1.0000,-1.0000,-1.0000,-1.0000,-1.0000,-1.0000,-1.0000,-1.0000,-1,-1,-1,-1,-1,-1,-1,-1,-1,0,0,3222752995882,4.5518,4.6786,8.6487,-1,-1,163,7045,2226
stress-five-minute-soak,939,80.5470,-1,48.7027,-1.0000,-1.0000,-1.0000,-1.0000,-1.0000,-1.0000,-1.0000,-1.0000,-1.0000,-1,-1,-1,-1,-1,-1,-1,-1,-1,0,0,3222753128006,11.6821,4.5396,2.0712,-1,-1,163,7047,2228
stress-five-minute-soak,940,80.0789,-1,80.1695,-1.0000,-1.0000,-1.0000,-1.0000,-1.0000,-1.0000,-1.0000,-1.0000,-1.0000,-1,-1,-1,-1,-1,-1,-1,-1,-1,0,0,3222753265676,5.6108,3.8205,9.4806,-1,-1,163,7051,2228
stress-five-minute-soak,1117,23.1717,-1,19.6526,-1.0000,-1.0000,-1.0000,-1.0000,-1.0000,-1.0000,-1.0000,-1.0000,-1.0000,-1,-1,-1,-1,-1,-1,-1,-1,-1,0,0,3222779702715,4.8210,3.4346,10.0590,-1,-1,163,7051,2228
stress-five-minute-soak,1118,25.2080,-1,23.2330,-1.0000,-1.0000,-1.0000,-1.0000,-1.0000,-1.0000,-1.0000,-1.0000,-1.0000,-1,-1,-1,-1,-1,-1,-1,-1,-1,0,0,3222779851573,4.2295,3.0265,13.0038,-1,-1,163,7051,2228
stress-five-minute-soak,1119,26.9926,-1,24.9446,-1.0000,-1.0000,-1.0000,-1.0000,-1.0000,-1.0000,-1.0000,-1.0000,-1.0000,-1,-1,-1,-1,-1,-1,-1,-1,-1,0,0,3222780024002,11.6234,3.3158,7.3566,-1,-1,163,7051,2228
stress-five-minute-soak,1120,24.9522,-1,26.0521,-1.0000,-1.0000,-1.0000,-1.0000,-1.0000,-1.0000,-1.0000,-1.0000,-1.0000,-1,-1,-1,-1,-1,-1,-1,-1,-1,0,0,3222780213909,4.2448,3.1649,18.9162,-1,-1,163,7051,2228
stress-five-minute-soak,1121,25.8494,-1,25.8204,-1.0000,-1.0000,-1.0000,-1.0000,-1.0000,-1.0000,-1.0000,-1.0000,-1.0000,-1,-1,-1,-1,-1,-1,-1,-1,-1,0,0,3222780445617,4.8278,3.5592,20.3701,-1,-1,163,7050,2227
stress-five-minute-soak,1122,25.0735,-1,25.3599,-1.0000,-1.0000,-1.0000,-1.0000,-1.0000,-1.0000,-1.0000,-1.0000,-1.0000,-1,-1,-1,-1,-1,-1,-1,-1,-1,0,0,3222780697699,14.9878,7.0668,12.0101,-1,-1,163,7051,2228
stress-five-minute-soak,1123,24.7798,-1,24.9856,-1.0000,-1.0000,-1.0000,-1.0000,-1.0000,-1.0000,-1.0000,-1.0000,-1.0000,-1,-1,-1,-1,-1,-1,-1,-1,-1,0,0,3222780967853,11.6539,3.3358,13.2812,-1,-1,163,7051,2228
stress-five-minute-soak,1124,23.6000,-1,24.8458,-1.0000,-1.0000,-1.0000,-1.0000,-1.0000,-1.0000,-1.0000,-1.0000,-1.0000,-1,-1,-1,-1,-1,-1,-1,-1,-1,0,0,3222781217499,13.7960,3.1633,12.0071,-1,-1,163,7050,2227
stress-five-minute-soak,1200,22.3409,-1,21.1059,-1.0000,-1.0000,-1.0000,-1.0000,-1.0000,-1.0000,-1.0000,-1.0000,-1.0000,-1,-1,-1,-1,-1,-1,-1,-1,-1,0,0,3222792159331,5.3188,3.2858,11.1676,-1,-1,163,7050,2227
stress-five-minute-soak,1201,23.9635,-1,22.4125,-1.0000,-1.0000,-1.0000,-1.0000,-1.0000,-1.0000,-1.0000,-1.0000,-1.0000,-1,-1,-1,-1,-1,-1,-1,-1,-1,0,0,3222792324276,4.8825,3.2648,13.5627,-1,-1,163,7050,2227
stress-five-minute-soak,1202,22.9493,-1,23.0730,-1.0000,-1.0000,-1.0000,-1.0000,-1.0000,-1.0000,-1.0000,-1.0000,-1.0000,-1,-1,-1,-1,-1,-1,-1,-1,-1,0,0,3222792508817,4.6822,3.0961,16.5555,-1,-1,163,7049,2228
stress-five-minute-soak,1203,22.2795,-1,23.7315,-1.0000,-1.0000,-1.0000,-1.0000,-1.0000,-1.0000,-1.0000,-1.0000,-1.0000,-1,-1,-1,-1,-1,-1,-1,-1,-1,0,0,3222792721316,12.3136,3.1477,10.0177,-1,-1,163,7047,2228
stress-five-minute-soak,1204,23.3704,-1,22.5034,-1.0000,-1.0000,-1.0000,-1.0000,-1.0000,-1.0000,-1.0000,-1.0000,-1.0000,-1,-1,-1,-1,-1,-1,-1,-1,-1,0,0,3222792944726,4.7690,3.4766,19.1837,-1,-1,163,7047,2228
stress-five-minute-soak,1283,26.8103,-1,11.4565,-1.0000,-1.0000,-1.0000,-1.0000,-1.0000,-1.0000,-1.0000,-1.0000,-1.0000,-1,-1,-1,-1,-1,-1,-1,-1,-1,0,0,3222804295669,4.4495,4.3495,6.3857,-1,-1,163,7048,2225
stress-five-minute-soak,1284,25.5286,-1,22.0772,-1.0000,-1.0000,-1.0000,-1.0000,-1.0000,-1.0000,-1.0000,-1.0000,-1.0000,-1,-1,-1,-1,-1,-1,-1,-1,-1,0,0,3222804404130,6.9929,4.0076,4.3130,-1,-1,163,7048,2225
stress-five-minute-soak,1285,28.0926,-1,26.4558,-1.0000,-1.0000,-1.0000,-1.0000,-1.0000,-1.0000,-1.0000,-1.0000,-1.0000,-1,-1,-1,-1,-1,-1,-1,-1,-1,0,0,3222804517296,12.5164,3.9314,0.0147,-1,-1,163,7048,2225
stress-five-minute-soak,1286,29.7227,-1,28.2675,-1.0000,-1.0000,-1.0000,-1.0000,-1.0000,-1.0000,-1.0000,-1.0000,-1.0000,-1,-1,-1,-1,-1,-1,-1,-1,-1,0,0,3222804643327,6.8013,3.3387,19.9438,-1,-1,163,7048,2225
stress-five-minute-soak,1287,28.9265,-1,28.4659,-1.0000,-1.0000,-1.0000,-1.0000,-1.0000,-1.0000,-1.0000,-1.0000,-1.0000,-1,-1,-1,-1,-1,-1,-1,-1,-1,0,0,3222804910844,4.2138,3.8860,21.3002,-1,-1,163,7048,2225
stress-five-minute-soak,1288,27.2258,-1,28.9070,-1.0000,-1.0000,-1.0000,-1.0000,-1.0000,-1.0000,-1.0000,-1.0000,-1.0000,-1,-1,-1,-1,-1,-1,-1,-1,-1,0,0,3222805166117,13.7868,3.7650,14.2981,-1,-1,163,7048,2225
stress-five-minute-soak,1289,24.9491,-1,27.1173,-1.0000,-1.0000,-1.0000,-1.0000,-1.0000,-1.0000,-1.0000,-1.0000,-1.0000,-1,-1,-1,-1,-1,-1,-1,-1,-1,0,0,3222805447057,5.0662,3.7786,24.6464,-1,-1,163,7048,2225
stress-five-minute-soak,1290,23.8990,-1,25.9343,-1.0000,-1.0000,-1.0000,-1.0000,-1.0000,-1.0000,-1.0000,-1.0000,-1.0000,-1,-1,-1,-1,-1,-1,-1,-1,-1,0,0,3222805744298,14.8529,3.5137,14.0594,-1,-1,163,7048,2225
stress-five-minute-soak,1319,55.4776,-1,22.2405,-1.0000,-1.0000,-1.0000,-1.0000,-1.0000,-1.0000,-1.0000,-1.0000,-1.0000,-1,-1,-1,-1,-1,-1,-1,-1,-1,0,0,3222810327582,4.6140,3.5039,12.9434,-1,-1,163,7048,2225
stress-five-minute-soak,1320,79.4249,-1,54.4973,-1.0000,-1.0000,-1.0000,-1.0000,-1.0000,-1.0000,-1.0000,-1.0000,-1.0000,-1,-1,-1,-1,-1,-1,-1,-1,-1,0,0,3222810503266,5.4602,3.7232,13.0329,-1,-1,163,7048,2225
stress-five-minute-soak,1321,71.0485,-1,80.2947,-1.0000,-1.0000,-1.0000,-1.0000,-1.0000,-1.0000,-1.0000,-1.0000,-1.0000,-1,-1,-1,-1,-1,-1,-1,-1,-1,0,0,3222810688314,11.9605,3.7664,9.9295,-1,-1,163,7047,2224
stress-five-minute-soak,1322,29.3251,-1,69.7357,-1.0000,-1.0000,-1.0000,-1.0000,-1.0000,-1.0000,-1.0000,-1.0000,-1.0000,-1,-1,-1,-1,-1,-1,-1,-1,-1,0,0,3222810907344,5.2701,3.4742,50.1977,-1,-1,163,7044,2221
stress-five-minute-soak,1323,23.2151,-1,30.0360,-1.0000,-1.0000,-1.0000,-1.0000,-1.0000,-1.0000,-1.0000,-1.0000,-1.0000,-1,-1,-1,-1,-1,-1,-1,-1,-1,0,0,3222811462129,11.0911,3.4955,68.3238,-1,-1,163,7040,2221
stress-five-minute-soak,1367,76.6749,-1,10.5615,-1.0000,-1.0000,-1.0000,-1.0000,-1.0000,-1.0000,-1.0000,-1.0000,-1.0000,-1,-1,-1,-1,-1,-1,-1,-1,-1,0,0,3222818652476,5.5375,3.8462,9.9523,-1,-1,163,7045,2222
stress-five-minute-soak,1368,80.3345,-1,76.3215,-1.0000,-1.0000,-1.0000,-1.0000,-1.0000,-1.0000,-1.0000,-1.0000,-1.0000,-1,-1,-1,-1,-1,-1,-1,-1,-1,0,0,3222818807440,6.2495,3.5900,3.7531,-1,-1,163,7045,2222
stress-five-minute-soak,1369,80.9488,-1,80.9362,-1.0000,-1.0000,-1.0000,-1.0000,-1.0000,-1.0000,-1.0000,-1.0000,-1.0000,-1,-1,-1,-1,-1,-1,-1,-1,-1,0,0,3222818907569,4.6704,3.4294,6.5318,-1,-1,163,7045,2222
stress-five-minute-soak,1370,80.7445,-1,80.3026,-1.0000,-1.0000,-1.0000,-1.0000,-1.0000,-1.0000,-1.0000,-1.0000,-1.0000,-1,-1,-1,-1,-1,-1,-1,-1,-1,0,0,3222819019718,11.0004,3.6359,65.6583,-1,-1,163,7045,2221
stress-five-minute-soak,1371,80.8050,-1,80.2913,-1.0000,-1.0000,-1.0000,-1.0000,-1.0000,-1.0000,-1.0000,-1.0000,-1.0000,-1,-1,-1,-1,-1,-1,-1,-1,-1,0,0,3222819786425,13.8816,3.5729,66.4419,-1,-1,163,7044,2220
stress-five-minute-soak,1372,33.1366,-1,-1.0000,-1.0000,-1.0000,-1.0000,-1.0000,-1.0000,-1.0000,-1.0000,-1.0000,-1.0000,-1,-1,-1,-1,-1,-1,-1,-1,-1,0,0,3222820589770,19.8198,4.5382,61.1191,-1,-1,163,7044,2220
stress-five-minute-soak,1401,75.8903,-1,18.4156,-1.0000,-1.0000,-1.0000,-1.0000,-1.0000,-1.0000,-1.0000,-1.0000,-1.0000,-1,-1,-1,-1,-1,-1,-1,-1,-1,0,0,3222826785271,4.1497,3.1139,8.3281,-1,-1,163,7044,2220
stress-five-minute-soak,1402,80.6147,-1,75.3475,-1.0000,-1.0000,-1.0000,-1.0000,-1.0000,-1.0000,-1.0000,-1.0000,-1.0000,-1,-1,-1,-1,-1,-1,-1,-1,-1,0,0,3222826910158,4.0867,3.3536,11.7638,-1,-1,163,7044,2220
stress-five-minute-soak,1403,80.0791,-1,80.5012,-1.0000,-1.0000,-1.0000,-1.0000,-1.0000,-1.0000,-1.0000,-1.0000,-1.0000,-1,-1,-1,-1,-1,-1,-1,-1,-1,0,0,3222827068763,10.3218,3.4987,7.4037,-1,-1,163,7040,2220
stress-five-minute-soak,1404,80.9269,-1,80.5716,-1.0000,-1.0000,-1.0000,-1.0000,-1.0000,-1.0000,-1.0000,-1.0000,-1.0000,-1,-1,-1,-1,-1,-1,-1,-1,-1,0,0,3222827246136,5.0678,3.4104,70.8161,-1,-1,163,7044,2220
stress-five-minute-soak,1405,79.4528,-1,80.1613,-1.0000,-1.0000,-1.0000,-1.0000,-1.0000,-1.0000,-1.0000,-1.0000,-1.0000,-1,-1,-1,-1,-1,-1,-1,-1,-1,0,0,3222828005090,11.5355,4.1406,69.0645,-1,-1,163,7044,2220
stress-five-minute-soak,1406,23.7366,-1,80.1641,-1.0000,-1.0000,-1.0000,-1.0000,-1.0000,-1.0000,-1.0000,-1.0000,-1.0000,-1,-1,-1,-1,-1,-1,-1,-1,-1,0,0,3222828811191,18.3543,4.4715,61.7161,-1,-1,163,7044,2220
stress-five-minute-soak,1437,25.5059,-1,15.6390,-1.0000,-1.0000,-1.0000,-1.0000,-1.0000,-1.0000,-1.0000,-1.0000,-1.0000,-1,-1,-1,-1,-1,-1,-1,-1,-1,0,0,3222835077511,13.3149,3.0942,3.1420,-1,-1,163,7044,2220
stress-five-minute-soak,1569,23.1806,-1,11.7573,-1.0000,-1.0000,-1.0000,-1.0000,-1.0000,-1.0000,-1.0000,-1.0000,-1.0000,-1,-1,-1,-1,-1,-1,-1,-1,-1,0,0,3222853388531,5.3359,4.0014,6.5845,-1,-1,163,7032,2212
stress-five-minute-soak,1570,25.6073,-1,20.5827,-1.0000,-1.0000,-1.0000,-1.0000,-1.0000,-1.0000,-1.0000,-1.0000,-1.0000,-1,-1,-1,-1,-1,-1,-1,-1,-1,0,0,3222853507878,4.7956,5.2804,7.3913,-1,-1,163,7036,2212
stress-five-minute-soak,1571,26.6764,-1,25.0089,-1.0000,-1.0000,-1.0000,-1.0000,-1.0000,-1.0000,-1.0000,-1.0000,-1.0000,-1,-1,-1,-1,-1,-1,-1,-1,-1,0,0,3222853629858,11.0505,4.1684,1.5094,-1,-1,163,7036,2212
stress-five-minute-soak,1572,27.5084,-1,26.4530,-1.0000,-1.0000,-1.0000,-1.0000,-1.0000,-1.0000,-1.0000,-1.0000,-1.0000,-1,-1,-1,-1,-1,-1,-1,-1,-1,0,0,3222853755608,5.5657,3.4975,17.6027,-1,-1,163,7036,2212
stress-five-minute-soak,1573,27.1302,-1,27.4232,-1.0000,-1.0000,-1.0000,-1.0000,-1.0000,-1.0000,-1.0000,-1.0000,-1.0000,-1,-1,-1,-1,-1,-1,-1,-1,-1,0,0,3222853987350,4.8177,4.1255,20.8094,-1,-1,163,7036,2212
stress-five-minute-soak,1574,25.1607,-1,26.9780,-1.0000,-1.0000,-1.0000,-1.0000,-1.0000,-1.0000,-1.0000,-1.0000,-1.0000,-1,-1,-1,-1,-1,-1,-1,-1,-1,0,0,3222854243741,11.3461,3.9649,15.2868,-1,-1,163,7036,2212
stress-five-minute-soak,1575,26.4367,-1,25.8808,-1.0000,-1.0000,-1.0000,-1.0000,-1.0000,-1.0000,-1.0000,-1.0000,-1.0000,-1,-1,-1,-1,-1,-1,-1,-1,-1,0,0,3222854510204,7.7676,3.9562,19.7267,-1,-1,163,7036,2212
stress-five-minute-soak,1576,25.3291,-1,25.5954,-1.0000,-1.0000,-1.0000,-1.0000,-1.0000,-1.0000,-1.0000,-1.0000,-1.0000,-1,-1,-1,-1,-1,-1,-1,-1,-1,0,0,3222854785280,10.7841,4.1823,16.3331,-1,-1,163,7036,2212
stress-five-minute-soak,1621,26.8551,-1,19.5625,-1.0000,-1.0000,-1.0000,-1.0000,-1.0000,-1.0000,-1.0000,-1.0000,-1.0000,-1,-1,-1,-1,-1,-1,-1,-1,-1,0,0,3222861614681,10.8394,3.7440,0.5660,-1,-1,163,7033,2209
stress-five-minute-soak,1622,28.6272,-1,27.0287,-1.0000,-1.0000,-1.0000,-1.0000,-1.0000,-1.0000,-1.0000,-1.0000,-1.0000,-1,-1,-1,-1,-1,-1,-1,-1,-1,0,0,3222861728861,5.1337,3.2554,12.0097,-1,-1,163,7033,2209
stress-five-minute-soak,1623,28.9798,-1,28.3676,-1.0000,-1.0000,-1.0000,-1.0000,-1.0000,-1.0000,-1.0000,-1.0000,-1.0000,-1,-1,-1,-1,-1,-1,-1,-1,-1,0,0,3222861900357,4.9157,3.6300,14.6064,-1,-1,163,7033,2209
stress-five-minute-soak,1624,28.2019,-1,29.3394,-1.0000,-1.0000,-1.0000,-1.0000,-1.0000,-1.0000,-1.0000,-1.0000,-1.0000,-1,-1,-1,-1,-1,-1,-1,-1,-1,0,0,3222862095683,10.0165,3.4904,16.8247,-1,-1,163,7033,2209
stress-five-minute-soak,1625,28.1848,-1,28.4467,-1.0000,-1.0000,-1.0000,-1.0000,-1.0000,-1.0000,-1.0000,-1.0000,-1.0000,-1,-1,-1,-1,-1,-1,-1,-1,-1,0,0,3222862364214,5.9284,3.0195,22.6894,-1,-1,163,7031,2209
stress-five-minute-soak,1626,27.3958,-1,27.9488,-1.0000,-1.0000,-1.0000,-1.0000,-1.0000,-1.0000,-1.0000,-1.0000,-1.0000,-1,-1,-1,-1,-1,-1,-1,-1,-1,0,0,3222862650490,12.9275,6.5596,16.0413,-1,-1,163,7030,2210
stress-five-minute-soak,1627,27.7289,-1,27.3923,-1.0000,-1.0000,-1.0000,-1.0000,-1.0000,-1.0000,-1.0000,-1.0000,-1.0000,-1,-1,-1,-1,-1,-1,-1,-1,-1,0,0,3222862940283,5.1529,3.2036,23.0387,-1,-1,163,7030,2210
stress-five-minute-soak,1628,23.1180,-1,26.6732,-1.0000,-1.0000,-1.0000,-1.0000,-1.0000,-1.0000,-1.0000,-1.0000,-1.0000,-1,-1,-1,-1,-1,-1,-1,-1,-1,0,0,3222863222303,11.8717,3.0899,16.3032,-1,-1,163,7034,2210
stress-five-minute-soak,1788,24.0286,-1,12.5343,-1.0000,-1.0000,-1.0000,-1.0000,-1.0000,-1.0000,-1.0000,-1.0000,-1.0000,-1,-1,-1,-1,-1,-1,-1,-1,-1,0,0,3222886165680,5.4226,4.0920,9.3234,-1,-1,163,7029,2205
stress-five-minute-soak,1789,30.3551,-1,23.2819,-1.0000,-1.0000,-1.0000,-1.0000,-1.0000,-1.0000,-1.0000,-1.0000,-1.0000,-1,-1,-1,-1,-1,-1,-1,-1,-1,0,0,3222886313207,5.3278,4.6107,5.7577,-1,-1,163,7029,2205
stress-five-minute-soak,1790,31.8300,-1,30.3588,-1.0000,-1.0000,-1.0000,-1.0000,-1.0000,-1.0000,-1.0000,-1.0000,-1.0000,-1,-1,-1,-1,-1,-1,-1,-1,-1,0,0,3222886424204,5.0456,3.3709,7.9949,-1,-1,163,7024,2200
stress-five-minute-soak,1791,31.3646,-1,31.6078,-1.0000,-1.0000,-1.0000,-1.0000,-1.0000,-1.0000,-1.0000,-1.0000,-1.0000,-1,-1,-1,-1,-1,-1,-1,-1,-1,0,0,3222886554742,10.5764,3.7910,13.4391,-1,-1,163,7024,2200
stress-five-minute-soak,1792,31.3325,-1,31.4240,-1.0000,-1.0000,-1.0000,-1.0000,-1.0000,-1.0000,-1.0000,-1.0000,-1.0000,-1,-1,-1,-1,-1,-1,-1,-1,-1,0,0,3222886795027,4.6040,3.6101,25.7374,-1,-1,163,7024,2200
stress-five-minute-soak,1793,29.9259,-1,31.0211,-1.0000,-1.0000,-1.0000,-1.0000,-1.0000,-1.0000,-1.0000,-1.0000,-1.0000,-1,-1,-1,-1,-1,-1,-1,-1,-1,0,0,3222887098568,10.4212,3.3425,21.3992,-1,-1,163,7024,2200
stress-five-minute-soak,1794,27.2709,-1,29.4792,-1.0000,-1.0000,-1.0000,-1.0000,-1.0000,-1.0000,-1.0000,-1.0000,-1.0000,-1,-1,-1,-1,-1,-1,-1,-1,-1,0,0,3222887416878,5.2747,3.1121,26.0765,-1,-1,163,7020,2200
stress-five-minute-soak,1795,22.7839,-1,28.2565,-1.0000,-1.0000,-1.0000,-1.0000,-1.0000,-1.0000,-1.0000,-1.0000,-1.0000,-1,-1,-1,-1,-1,-1,-1,-1,-1,0,0,3222887730517,12.9480,3.5854,18.3729,-1,-1,163,7021,2201
stress-five-minute-soak,1797,24.1767,-1,-1.0000,-1.0000,-1.0000,-1.0000,-1.0000,-1.0000,-1.0000,-1.0000,-1.0000,-1.0000,-1,-1,-1,-1,-1,-1,-1,-1,-1,0,0,3222888343101,6.3276,3.4336,20.9315,-1,-1,163,7025,2201
stress-five-minute-soak,1823,30.7027,-1,20.9761,-1.0000,-1.0000,-1.0000,-1.0000,-1.0000,-1.0000,-1.0000,-1.0000,-1.0000,-1,-1,-1,-1,-1,-1,-1,-1,-1,0,0,3222892298225,5.1482,3.4040,9.2937,-1,-1,163,7024,2200
stress-five-minute-soak,1913,22.4730,-1,20.5189,-1.0000,-1.0000,-1.0000,-1.0000,-1.0000,-1.0000,-1.0000,-1.0000,-1.0000,-1,-1,-1,-1,-1,-1,-1,-1,-1,0,0,3222904879363,5.4237,3.1768,9.2937,-1,-1,163,7025,2201
stress-five-minute-soak,1918,22.3778,-1,21.2152,-1.0000,-1.0000,-1.0000,-1.0000,-1.0000,-1.0000,-1.0000,-1.0000,-1.0000,-1,-1,-1,-1,-1,-1,-1,-1,-1,0,0,3222905848959,4.3379,3.0339,17.7584,-1,-1,163,7024,2200
stress-five-minute-soak,2290,28.6009,-1,11.5932,-1.0000,-1.0000,-1.0000,-1.0000,-1.0000,-1.0000,-1.0000,-1.0000,-1.0000,-1,-1,-1,-1,-1,-1,-1,-1,-1,0,0,3222957756002,4.7627,3.6296,11.5645,-1,-1,163,7007,2186
stress-five-minute-soak,2291,29.8205,-1,24.2319,-1.0000,-1.0000,-1.0000,-1.0000,-1.0000,-1.0000,-1.0000,-1.0000,-1.0000,-1,-1,-1,-1,-1,-1,-1,-1,-1,0,0,3222957919333,4.5008,3.7609,7.5236,-1,-1,163,7007,2186
stress-five-minute-soak,2292,35.4688,-1,29.6650,-1.0000,-1.0000,-1.0000,-1.0000,-1.0000,-1.0000,-1.0000,-1.0000,-1.0000,-1,-1,-1,-1,-1,-1,-1,-1,-1,0,0,3222958039686,11.3215,3.5907,0.0121,-1,-1,163,7007,2186
stress-five-minute-soak,2293,34.6164,-1,34.6235,-1.0000,-1.0000,-1.0000,-1.0000,-1.0000,-1.0000,-1.0000,-1.0000,-1.0000,-1,-1,-1,-1,-1,-1,-1,-1,-1,0,0,3222958153229,6.6582,6.1747,21.9506,-1,-1,163,7011,2186
stress-five-minute-soak,2294,34.8786,-1,35.4365,-1.0000,-1.0000,-1.0000,-1.0000,-1.0000,-1.0000,-1.0000,-1.0000,-1.0000,-1,-1,-1,-1,-1,-1,-1,-1,-1,0,0,3222958439499,12.0377,3.2603,17.7313,-1,-1,163,7012,2187
stress-five-minute-soak,2295,33.5734,-1,34.5277,-1.0000,-1.0000,-1.0000,-1.0000,-1.0000,-1.0000,-1.0000,-1.0000,-1.0000,-1,-1,-1,-1,-1,-1,-1,-1,-1,0,0,3222958737408,12.5138,3.2689,22.9610,-1,-1,163,7012,2187
stress-five-minute-soak,2327,63.5053,-1,20.9715,-1.0000,-1.0000,-1.0000,-1.0000,-1.0000,-1.0000,-1.0000,-1.0000,-1.0000,-1,-1,-1,-1,-1,-1,-1,-1,-1,0,0,3222963884883,4.3360,3.4938,9.4051,-1,-1,163,7011,2186
stress-five-minute-soak,2328,80.9789,-1,63.4227,-1.0000,-1.0000,-1.0000,-1.0000,-1.0000,-1.0000,-1.0000,-1.0000,-1.0000,-1,-1,-1,-1,-1,-1,-1,-1,-1,0,0,3222964022399,9.9950,3.5141,5.5426,-1,-1,163,7011,2186
stress-five-minute-soak,2329,78.9741,-1,80.2314,-1.0000,-1.0000,-1.0000,-1.0000,-1.0000,-1.0000,-1.0000,-1.0000,-1.0000,-1,-1,-1,-1,-1,-1,-1,-1,-1,0,0,3222964177889,4.4543,3.3275,16.8208,-1,-1,163,7011,2186
stress-five-minute-soak,2330,79.1441,-1,79.9544,-1.0000,-1.0000,-1.0000,-1.0000,-1.0000,-1.0000,-1.0000,-1.0000,-1.0000,-1,-1,-1,-1,-1,-1,-1,-1,-1,0,0,3222964390735,4.4097,3.1513,59.0839,-1,-1,163,7010,2185
stress-five-minute-soak,2331,73.7149,-1,77.7562,-1.0000,-1.0000,-1.0000,-1.0000,-1.0000,-1.0000,-1.0000,-1.0000,-1.0000,-1,-1,-1,-1,-1,-1,-1,-1,-1,0,0,3222965025786,16.5705,3.0899,64.3989,-1,-1,163,7010,2185
stress-five-minute-soak,2332,38.4408,-1,73.5764,-1.0000,-1.0000,-1.0000,-1.0000,-1.0000,-1.0000,-1.0000,-1.0000,-1.0000,-1,-1,-1,-1,-1,-1,-1,-1,-1,0,0,3222965835602,12.3421,3.0849,66.6190,-1,-1,163,7010,2185
stress-five-minute-soak,2362,22.7159,-1,14.8982,-1.0000,-1.0000,-1.0000,-1.0000,-1.0000,-1.0000,-1.0000,-1.0000,-1.0000,-1,-1,-1,-1,-1,-1,-1,-1,-1,0,0,3222972109543,10.3544,3.8355,5.5780,-1,-1,164,7007,2183
stress-five-minute-soak,2363,55.5507,-1,21.6924,-1.0000,-1.0000,-1.0000,-1.0000,-1.0000,-1.0000,-1.0000,-1.0000,-1.0000,-1,-1,-1,-1,-1,-1,-1,-1,-1,0,0,3222972269006,6.1542,3.3936,5.2111,-1,-1,164,7007,2183
stress-five-minute-soak,2364,80.5788,-1,55.3984,-1.0000,-1.0000,-1.0000,-1.0000,-1.0000,-1.0000,-1.0000,-1.0000,-1.0000,-1,-1,-1,-1,-1,-1,-1,-1,-1,0,0,3222972382776,4.7747,3.8322,9.7372,-1,-1,164,7007,2183
stress-five-minute-soak,2365,68.2135,-1,79.9560,-1.0000,-1.0000,-1.0000,-1.0000,-1.0000,-1.0000,-1.0000,-1.0000,-1.0000,-1,-1,-1,-1,-1,-1,-1,-1,-1,0,0,3222972528005,12.3210,3.5922,10.3835,-1,-1,164,7003,2183
stress-five-minute-soak,2366,29.4087,-1,68.1024,-1.0000,-1.0000,-1.0000,-1.0000,-1.0000,-1.0000,-1.0000,-1.0000,-1.0000,-1,-1,-1,-1,-1,-1,-1,-1,-1,0,0,3222972755148,5.0038,4.2087,50.5374,-1,-1,163,7008,2183
stress-five-minute-soak,2367,23.9592,-1,30.3616,-1.0000,-1.0000,-1.0000,-1.0000,-1.0000,-1.0000,-1.0000,-1.0000,-1.0000,-1,-1,-1,-1,-1,-1,-1,-1,-1,0,0,3222973310677,10.6964,3.3017,69.8995,-1,-1,163,7008,2183
stress-five-minute-soak,2394,26.8669,-1,-1.0000,-1.0000,-1.0000,-1.0000,-1.0000,-1.0000,-1.0000,-1.0000,-1.0000,-1.0000,-1,-1,-1,-1,-1,-1,-1,-1,-1,0,0,3222978523960,11.7958,3.5564,0.0119,-1,-1,163,7002,2177
stress-five-minute-soak,2560,24.2219,-1,19.8449,-1.0000,-1.0000,-1.0000,-1.0000,-1.0000,-1.0000,-1.0000,-1.0000,-1.0000,-1,-1,-1,-1,-1,-1,-1,-1,-1,0,0,3223000997068,4.8979,4.2911,7.5389,-1,-1,162,7001,2176
stress-five-minute-soak,2561,24.7899,-1,24.1956,-1.0000,-1.0000,-1.0000,-1.0000,-1.0000,-1.0000,-1.0000,-1.0000,-1.0000,-1,-1,-1,-1,-1,-1,-1,-1,-1,0,0,3223001121533,12.3655,4.0326,0.7468,-1,-1,162,7001,2176
stress-five-minute-soak,2562,25.1107,-1,24.7767,-1.0000,-1.0000,-1.0000,-1.0000,-1.0000,-1.0000,-1.0000,-1.0000,-1.0000,-1,-1,-1,-1,-1,-1,-1,-1,-1,0,0,3223001252787,5.0338,3.1905,16.7915,-1,-1,162,7001,2176
stress-five-minute-soak,2563,24.4614,-1,25.1272,-1.0000,-1.0000,-1.0000,-1.0000,-1.0000,-1.0000,-1.0000,-1.0000,-1.0000,-1,-1,-1,-1,-1,-1,-1,-1,-1,0,0,3223001471103,4.3520,3.2537,19.8592,-1,-1,162,7001,2176
stress-five-minute-soak,2564,25.4251,-1,24.9431,-1.0000,-1.0000,-1.0000,-1.0000,-1.0000,-1.0000,-1.0000,-1.0000,-1.0000,-1,-1,-1,-1,-1,-1,-1,-1,-1,0,0,3223001713324,10.0612,3.1942,14.7158,-1,-1,162,7001,2176
stress-five-minute-soak,2565,25.6506,-1,24.8945,-1.0000,-1.0000,-1.0000,-1.0000,-1.0000,-1.0000,-1.0000,-1.0000,-1.0000,-1,-1,-1,-1,-1,-1,-1,-1,-1,0,0,3223001961218,4.4567,3.3524,20.6434,-1,-1,162,7001,2176
stress-five-minute-soak,2566,23.9313,-1,25.0921,-1.0000,-1.0000,-1.0000,-1.0000,-1.0000,-1.0000,-1.0000,-1.0000,-1.0000,-1,-1,-1,-1,-1,-1,-1,-1,-1,0,0,3223002212335,10.1829,3.0386,14.2659,-1,-1,162,7001,2176
stress-five-minute-soak,2595,22.4256,-1,17.3225,-1.0000,-1.0000,-1.0000,-1.0000,-1.0000,-1.0000,-1.0000,-1.0000,-1.0000,-1,-1,-1,-1,-1,-1,-1,-1,-1,0,0,3223006801861,5.1534,4.7003,10.9221,-1,-1,162,7000,2175
stress-five-minute-soak,2609,34.6984,-1,22.2100,-1.0000,-1.0000,-1.0000,-1.0000,-1.0000,-1.0000,-1.0000,-1.0000,-1.0000,-1,-1,-1,-1,-1,-1,-1,-1,-1,0,0,3223009032891,11.3744,3.6346,1.7703,-1,-1,162,7000,2175
stress-five-minute-soak,2610,76.1337,-1,33.9620,-1.0000,-1.0000,-1.0000,-1.0000,-1.0000,-1.0000,-1.0000,-1.0000,-1.0000,-1,-1,-1,-1,-1,-1,-1,-1,-1,0,0,3223009164465,4.8963,3.5373,10.1881,-1,-1,162,7000,2175
stress-five-minute-soak,2611,80.3511,-1,76.1106,-1.0000,-1.0000,-1.0000,-1.0000,-1.0000,-1.0000,-1.0000,-1.0000,-1.0000,-1,-1,-1,-1,-1,-1,-1,-1,-1,0,0,3223009315371,4.7806,3.0435,17.3935,-1,-1,162,7000,2175
stress-five-minute-soak,2645,55.9668,-1,11.1488,-1.0000,-1.0000,-1.0000,-1.0000,-1.0000,-1.0000,-1.0000,-1.0000,-1.0000,-1,-1,-1,-1,-1,-1,-1,-1,-1,0,0,3223015268392,4.0967,3.7394,9.5672,-1,-1,162,6997,2172
stress-five-minute-soak,2646,81.6364,-1,55.3674,-1.0000,-1.0000,-1.0000,-1.0000,-1.0000,-1.0000,-1.0000,-1.0000,-1.0000,-1,-1,-1,-1,-1,-1,-1,-1,-1,0,0,3223015405142,4.6247,3.4147,5.6897,-1,-1,162,6997,2172
stress-five-minute-soak,2647,79.2151,-1,80.3308,-1.0000,-1.0000,-1.0000,-1.0000,-1.0000,-1.0000,-1.0000,-1.0000,-1.0000,-1,-1,-1,-1,-1,-1,-1,-1,-1,0,0,3223015508395,5.3492,3.5982,6.0753,-1,-1,162,6997,2172
stress-five-minute-soak,2648,80.5931,-1,80.3717,-1.0000,-1.0000,-1.0000,-1.0000,-1.0000,-1.0000,-1.0000,-1.0000,-1.0000,-1,-1,-1,-1,-1,-1,-1,-1,-1,0,0,3223015622732,11.8246,3.4071,44.1310,-1,-1,162,6997,2172
stress-five-minute-soak,2649,80.2309,-1,80.3932,-1.0000,-1.0000,-1.0000,-1.0000,-1.0000,-1.0000,-1.0000,-1.0000,-1.0000,-1,-1,-1,-1,-1,-1,-1,-1,-1,0,0,3223016182406,13.2547,3.7176,68.3830,-1,-1,162,6997,2172
stress-five-minute-soak,2650,37.0734,-1,80.5115,-1.0000,-1.0000,-1.0000,-1.0000,-1.0000,-1.0000,-1.0000,-1.0000,-1.0000,-1,-1,-1,-1,-1,-1,-1,-1,-1,0,0,3223016999005,24.4056,3.2000,54.7561,-1,-1,162,6993,2172
stress-five-minute-soak,2685,37.9109,-1,-1.0000,-1.0000,-1.0000,-1.0000,-1.0000,-1.0000,-1.0000,-1.0000,-1.0000,-1.0000,-1,-1,-1,-1,-1,-1,-1,-1,-1,0,0,3223023596470,10.2159,3.3241,7.6604,-1,-1,162,6996,2171
stress-five-minute-soak,2695,31.0535,-1,10.6680,-1.0000,-1.0000,-1.0000,-1.0000,-1.0000,-1.0000,-1.0000,-1.0000,-1.0000,-1,-1,-1,-1,-1,-1,-1,-1,-1,0,0,3223025334782,4.3750,3.3933,5.7210,-1,-1,162,6996,2171
stress-five-minute-soak,2696,36.2140,-1,26.1760,-1.0000,-1.0000,-1.0000,-1.0000,-1.0000,-1.0000,-1.0000,-1.0000,-1.0000,-1,-1,-1,-1,-1,-1,-1,-1,-1,0,0,3223025435852,4.8241,4.2198,6.0619,-1,-1,162,6996,2171
stress-five-minute-soak,2697,81.6690,-1,36.6671,-1.0000,-1.0000,-1.0000,-1.0000,-1.0000,-1.0000,-1.0000,-1.0000,-1.0000,-1,-1,-1,-1,-1,-1,-1,-1,-1,0,0,3223025544828,10.8230,3.5078,0.1378,-1,-1,162,6996,2171
stress-five-minute-soak,2698,79.5146,-1,80.4864,-1.0000,-1.0000,-1.0000,-1.0000,-1.0000,-1.0000,-1.0000,-1.0000,-1.0000,-1,-1,-1,-1,-1,-1,-1,-1,-1,0,0,3223025654617,5.3328,5.9384,25.5948,-1,-1,162,6996,2171
stress-five-minute-soak,3246,22.2457,-1,-1.0000,-1.0000,-1.0000,-1.0000,-1.0000,-1.0000,-1.0000,-1.0000,-1.0000,-1.0000,-1,-1,-1,-1,-1,-1,-1,-1,-1,0,0,3223100694262,5.5025,3.6097,10.4241,-1,-1,162,6986,2161
stress-five-minute-soak,3402,28.9444,-1,14.3562,-1.0000,-1.0000,-1.0000,-1.0000,-1.0000,-1.0000,-1.0000,-1.0000,-1.0000,-1,-1,-1,-1,-1,-1,-1,-1,-1,0,0,3223121686245,4.6903,3.9673,9.4760,-1,-1,162,6975,2150
stress-five-minute-soak,3403,48.6021,-1,28.4273,-1.0000,-1.0000,-1.0000,-1.0000,-1.0000,-1.0000,-1.0000,-1.0000,-1.0000,-1,-1,-1,-1,-1,-1,-1,-1,-1,0,0,3223121827965,4.9550,3.5211,7.3007,-1,-1,162,6975,2150
stress-five-minute-soak,3404,80.5871,-1,48.5263,-1.0000,-1.0000,-1.0000,-1.0000,-1.0000,-1.0000,-1.0000,-1.0000,-1.0000,-1,-1,-1,-1,-1,-1,-1,-1,-1,0,0,3223121950652,5.2730,3.6974,9.2470,-1,-1,162,6975,2150
stress-five-minute-soak,3405,50.7040,-1,80.1139,-1.0000,-1.0000,-1.0000,-1.0000,-1.0000,-1.0000,-1.0000,-1.0000,-1.0000,-1,-1,-1,-1,-1,-1,-1,-1,-1,0,0,3223122095978,11.3826,3.3280,17.5515,-1,-1,162,6975,2150
stress-five-minute-soak,3435,49.9265,-1,15.8103,-1.0000,-1.0000,-1.0000,-1.0000,-1.0000,-1.0000,-1.0000,-1.0000,-1.0000,-1,-1,-1,-1,-1,-1,-1,-1,-1,0,0,3223127663930,12.6027,3.6023,5.0136,-1,-1,162,6971,2150
stress-five-minute-soak,3436,79.6004,-1,50.0078,-1.0000,-1.0000,-1.0000,-1.0000,-1.0000,-1.0000,-1.0000,-1.0000,-1.0000,-1,-1,-1,-1,-1,-1,-1,-1,-1,0,0,3223127840194,4.5290,3.2566,12.5302,-1,-1,162,6970,2149
stress-five-minute-soak,3437,80.8686,-1,80.0338,-1.0000,-1.0000,-1.0000,-1.0000,-1.0000,-1.0000,-1.0000,-1.0000,-1.0000,-1,-1,-1,-1,-1,-1,-1,-1,-1,0,0,3223128010908,4.5390,4.1159,12.1155,-1,-1,162,6972,2149
stress-five-minute-soak,3438,81.7035,-1,80.2550,-1.0000,-1.0000,-1.0000,-1.0000,-1.0000,-1.0000,-1.0000,-1.0000,-1.0000,-1,-1,-1,-1,-1,-1,-1,-1,-1,0,0,3223128177550,13.3847,4.0635,36.5276,-1,-1,162,6974,2149
stress-five-minute-soak,3439,79.5068,-1,80.3832,-1.0000,-1.0000,-1.0000,-1.0000,-1.0000,-1.0000,-1.0000,-1.0000,-1.0000,-1,-1,-1,-1,-1,-1,-1,-1,-1,0,0,3223128676945,12.3494,4.9063,67.2272,-1,-1,162,6974,2149
stress-five-minute-soak,3440,57.9549,-1,79.6954,-1.0000,-1.0000,-1.0000,-1.0000,-1.0000,-1.0000,-1.0000,-1.0000,-1.0000,-1,-1,-1,-1,-1,-1,-1,-1,-1,0,0,3223129472822,13.5358,3.5336,67.3333,-1,-1,162,6974,2149
stress-five-minute-soak,3441,25.4281,-1,-1.0000,-1.0000,-1.0000,-1.0000,-1.0000,-1.0000,-1.0000,-1.0000,-1.0000,-1.0000,-1,-1,-1,-1,-1,-1,-1,-1,-1,0,0,3223130281617,22.1493,2.9246,59.5378,-1,-1,162,6974,2149
stress-five-minute-soak,3470,80.4516,-1,13.7206,-1.0000,-1.0000,-1.0000,-1.0000,-1.0000,-1.0000,-1.0000,-1.0000,-1.0000,-1,-1,-1,-1,-1,-1,-1,-1,-1,0,0,3223136040956,10.2890,3.3244,5.8181,-1,-1,162,6975,2150
stress-five-minute-soak,3471,80.3588,-1,81.1766,-1.0000,-1.0000,-1.0000,-1.0000,-1.0000,-1.0000,-1.0000,-1.0000,-1.0000,-1,-1,-1,-1,-1,-1,-1,-1,-1,0,0,3223136202134,4.8723,3.4787,11.3515,-1,-1,162,6975,2150
stress-five-minute-soak,3472,79.6364,-1,80.2304,-1.0000,-1.0000,-1.0000,-1.0000,-1.0000,-1.0000,-1.0000,-1.0000,-1.0000,-1,-1,-1,-1,-1,-1,-1,-1,-1,0,0,3223136364470,4.3943,3.6831,9.9970,-1,-1,162,6973,2148
stress-five-minute-soak,3473,81.1934,-1,80.0407,-1.0000,-1.0000,-1.0000,-1.0000,-1.0000,-1.0000,-1.0000,-1.0000,-1.0000,-1,-1,-1,-1,-1,-1,-1,-1,-1,0,0,3223136508498,4.4875,4.6573,75.9543,-1,-1,162,6970,2149
stress-five-minute-soak,3474,75.0144,-1,80.3103,-1.0000,-1.0000,-1.0000,-1.0000,-1.0000,-1.0000,-1.0000,-1.0000,-1.0000,-1,-1,-1,-1,-1,-1,-1,-1,-1,0,0,3223137313039,18.5156,3.7853,61.8344,-1,-1,162,6974,2149
stress-five-minute-soak,3504,24.9353,-1,15.9247,-1.0000,-1.0000,-1.0000,-1.0000,-1.0000,-1.0000,-1.0000,-1.0000,-1.0000,-1,-1,-1,-1,-1,-1,-1,-1,-1,0,0,3223144080444,12.0993,3.3271,3.7258,-1,-1,162,6974,2149
stress-five-minute-soak,3505,32.9412,-1,25.6020,-1.0000,-1.0000,-1.0000,-1.0000,-1.0000,-1.0000,-1.0000,-1.0000,-1.0000,-1,-1,-1,-1,-1,-1,-1,-1,-1,0,0,3223144238807,4.5300,3.3616,11.9576,-1,-1,162,6974,2149
stress-five-minute-soak,3506,26.0094,-1,31.8664,-1.0000,-1.0000,-1.0000,-1.0000,-1.0000,-1.0000,-1.0000,-1.0000,-1.0000,-1,-1,-1,-1,-1,-1,-1,-1,-1,0,0,3223144403793,4.4367,3.3803,12.3656,-1,-1,162,6974,2149
stress-five-minute-soak,3507,23.3412,-1,26.4110,-1.0000,-1.0000,-1.0000,-1.0000,-1.0000,-1.0000,-1.0000,-1.0000,-1.0000,-1,-1,-1,-1,-1,-1,-1,-1,-1,0,0,3223144571923,11.5263,3.2353,13.3975,-1,-1,162,6970,2145
stress-five-minute-soak,3766,23.4020,-1,21.0253,-1.0000,-1.0000,-1.0000,-1.0000,-1.0000,-1.0000,-1.0000,-1.0000,-1.0000,-1,-1,-1,-1,-1,-1,-1,-1,-1,0,0,3223181383099,4.9013,3.1607,11.9222,-1,-1,162,6957,2132
stress-five-minute-soak,3803,27.0474,-1,14.2602,-1.0000,-1.0000,-1.0000,-1.0000,-1.0000,-1.0000,-1.0000,-1.0000,-1.0000,-1,-1,-1,-1,-1,-1,-1,-1,-1,0,0,3223187221513,4.1195,3.4414,12.4880,-1,-1,162,6955,2130
stress-five-minute-soak,3804,24.1910,-1,23.7164,-1.0000,-1.0000,-1.0000,-1.0000,-1.0000,-1.0000,-1.0000,-1.0000,-1.0000,-1,-1,-1,-1,-1,-1,-1,-1,-1,0,0,3223187387697,4.9796,4.7198,13.7365,-1,-1,162,6955,2130
stress-five-minute-soak,4012,28.3008,-1,11.1206,-1.0000,-1.0000,-1.0000,-1.0000,-1.0000,-1.0000,-1.0000,-1.0000,-1.0000,-1,-1,-1,-1,-1,-1,-1,-1,-1,0,0,3223217064884,21.5029,5.9815,0.0139,-1,-1,162,6947,2122
stress-five-minute-soak,4015,24.5403,-1,10.7420,-1.0000,-1.0000,-1.0000,-1.0000,-1.0000,-1.0000,-1.0000,-1.0000,-1.0000,-1,-1,-1,-1,-1,-1,-1,-1,-1,0,0,3223217551527,28.2626,10.1490,0.0157,-1,-1,162,6943,2122
stress-five-minute-soak,4021,23.0805,-1,11.4852,-1.0000,-1.0000,-1.0000,-1.0000,-1.0000,-1.0000,-1.0000,-1.0000,-1.0000,-1,-1,-1,-1,-1,-1,-1,-1,-1,0,0,3223218610856,20.8423,6.1153,0.0128,-1,-1,162,6947,2122
stress-five-minute-soak,4024,26.7435,-1,11.7210,-1.0000,-1.0000,-1.0000,-1.0000,-1.0000,-1.0000,-1.0000,-1.0000,-1.0000,-1,-1,-1,-1,-1,-1,-1,-1,-1,0,0,3223219084852,23.0435,5.9864,0.0150,-1,-1,162,6947,2122
stress-five-minute-soak,4027,31.7903,-1,10.9466,-1.0000,-1.0000,-1.0000,-1.0000,-1.0000,-1.0000,-1.0000,-1.0000,-1.0000,-1,-1,-1,-1,-1,-1,-1,-1,-1,0,0,3223219588981,26.7093,5.9470,0.0160,-1,-1,162,6947,2122
stress-five-minute-soak,4029,22.3951,-1,11.2632,-1.0000,-1.0000,-1.0000,-1.0000,-1.0000,-1.0000,-1.0000,-1.0000,-1.0000,-1,-1,-1,-1,-1,-1,-1,-1,-1,0,0,3223220012868,7.7558,6.0078,2.9094,-1,-1,162,6947,2122
stress-five-minute-soak,4042,25.8373,-1,-1.0000,-1.0000,-1.0000,-1.0000,-1.0000,-1.0000,-1.0000,-1.0000,-1.0000,-1.0000,-1,-1,-1,-1,-1,-1,-1,-1,-1,0,0,3223222125618,17.5382,6.2737,0.0142,-1,-1,162,6946,2121
stress-five-minute-soak,4098,25.3522,-1,13.2982,-1.0000,-1.0000,-1.0000,-1.0000,-1.0000,-1.0000,-1.0000,-1.0000,-1.0000,-1,-1,-1,-1,-1,-1,-1,-1,-1,0,0,3223230176635,5.7020,4.5313,9.8639,-1,-1,162,6945,2120
stress-five-minute-soak,4099,33.0094,-1,25.7311,-1.0000,-1.0000,-1.0000,-1.0000,-1.0000,-1.0000,-1.0000,-1.0000,-1.0000,-1,-1,-1,-1,-1,-1,-1,-1,-1,0,0,3223230332359,5.0834,4.1642,5.7551,-1,-1,162,6945,2120
stress-five-minute-soak,4100,34.3738,-1,32.7503,-1.0000,-1.0000,-1.0000,-1.0000,-1.0000,-1.0000,-1.0000,-1.0000,-1.0000,-1,-1,-1,-1,-1,-1,-1,-1,-1,0,0,3223230440879,6.4661,3.6765,7.3599,-1,-1,162,6945,2120
stress-five-minute-soak,4101,34.0587,-1,33.9313,-1.0000,-1.0000,-1.0000,-1.0000,-1.0000,-1.0000,-1.0000,-1.0000,-1.0000,-1,-1,-1,-1,-1,-1,-1,-1,-1,0,0,3223230579250,10.3735,3.5223,14.9676,-1,-1,162,6945,2120
stress-five-minute-soak,4102,32.5397,-1,33.9389,-1.0000,-1.0000,-1.0000,-1.0000,-1.0000,-1.0000,-1.0000,-1.0000,-1.0000,-1,-1,-1,-1,-1,-1,-1,-1,-1,0,0,3223230832773,4.4530,4.1003,28.5455,-1,-1,162,6945,2120
stress-five-minute-soak,4103,31.3554,-1,32.6717,-1.0000,-1.0000,-1.0000,-1.0000,-1.0000,-1.0000,-1.0000,-1.0000,-1.0000,-1,-1,-1,-1,-1,-1,-1,-1,-1,0,0,3223231162870,10.7231,3.6926,23.6384,-1,-1,162,6944,2119
stress-five-minute-soak,4122,76.5675,-1,17.1131,-1.0000,-1.0000,-1.0000,-1.0000,-1.0000,-1.0000,-1.0000,-1.0000,-1.0000,-1,-1,-1,-1,-1,-1,-1,-1,-1,0,0,3223234361684,4.8048,3.7263,5.6802,-1,-1,162,6944,2119
stress-five-minute-soak,4123,81.3767,-1,77.5130,-1.0000,-1.0000,-1.0000,-1.0000,-1.0000,-1.0000,-1.0000,-1.0000,-1.0000,-1,-1,-1,-1,-1,-1,-1,-1,-1,0,0,3223234466653,4.8013,3.9267,4.8590,-1,-1,162,6944,2119
stress-five-minute-soak,4124,79.2408,-1,80.3914,-1.0000,-1.0000,-1.0000,-1.0000,-1.0000,-1.0000,-1.0000,-1.0000,-1.0000,-1,-1,-1,-1,-1,-1,-1,-1,-1,0,0,3223234563387,13.1081,3.4574,4.4061,-1,-1,162,6945,2120
stress-five-minute-soak,4125,81.7155,-1,79.8374,-1.0000,-1.0000,-1.0000,-1.0000,-1.0000,-1.0000,-1.0000,-1.0000,-1.0000,-1,-1,-1,-1,-1,-1,-1,-1,-1,0,0,3223234738646,5.2428,4.0245,71.3198,-1,-1,162,6945,2120
stress-five-minute-soak,4126,79.8518,-1,80.5978,-1.0000,-1.0000,-1.0000,-1.0000,-1.0000,-1.0000,-1.0000,-1.0000,-1.0000,-1,-1,-1,-1,-1,-1,-1,-1,-1,0,0,3223235504380,13.6586,3.5910,67.7016,-1,-1,162,6944,2119
stress-five-minute-soak,4127,22.7910,-1,79.5571,-1.0000,-1.0000,-1.0000,-1.0000,-1.0000,-1.0000,-1.0000,-1.0000,-1.0000,-1,-1,-1,-1,-1,-1,-1,-1,-1,0,0,3223236318100,16.3698,3.9338,62.8586,-1,-1,162,6943,2120
stress-five-minute-soak,4158,22.2379,-1,16.8305,-1.0000,-1.0000,-1.0000,-1.0000,-1.0000,-1.0000,-1.0000,-1.0000,-1.0000,-1,-1,-1,-1,-1,-1,-1,-1,-1,0,0,3223242397237,4.7373,4.4003,10.1970,-1,-1,162,6944,2119
stress-five-minute-soak,4443,26.4301,-1,20.1802,-1.0000,-1.0000,-1.0000,-1.0000,-1.0000,-1.0000,-1.0000,-1.0000,-1.0000,-1,-1,-1,-1,-1,-1,-1,-1,-1,0,0,3223281463607,4.0550,4.2360,8.1157,-1,-1,161,6943,2118
stress-five-minute-soak,4444,24.3798,-1,25.4884,-1.0000,-1.0000,-1.0000,-1.0000,-1.0000,-1.0000,-1.0000,-1.0000,-1.0000,-1,-1,-1,-1,-1,-1,-1,-1,-1,0,0,3223281585398,10.6067,4.4241,2.6941,-1,-1,161,6943,2118
stress-five-minute-soak,4445,26.4412,-1,24.9751,-1.0000,-1.0000,-1.0000,-1.0000,-1.0000,-1.0000,-1.0000,-1.0000,-1.0000,-1,-1,-1,-1,-1,-1,-1,-1,-1,0,0,3223281718504,5.6901,6.3853,15.4739,-1,-1,161,6943,2118
stress-five-minute-soak,4446,26.5612,-1,26.3229,-1.0000,-1.0000,-1.0000,-1.0000,-1.0000,-1.0000,-1.0000,-1.0000,-1.0000,-1,-1,-1,-1,-1,-1,-1,-1,-1,0,0,3223281930216,8.5166,4.4683,17.8992,-1,-1,161,6943,2118
stress-five-minute-soak,4447,27.5251,-1,26.4614,-1.0000,-1.0000,-1.0000,-1.0000,-1.0000,-1.0000,-1.0000,-1.0000,-1.0000,-1,-1,-1,-1,-1,-1,-1,-1,-1,0,0,3223282194488,12.1668,4.2692,12.2024,-1,-1,161,6943,2118
stress-five-minute-soak,4448,25.7575,-1,26.4991,-1.0000,-1.0000,-1.0000,-1.0000,-1.0000,-1.0000,-1.0000,-1.0000,-1.0000,-1,-1,-1,-1,-1,-1,-1,-1,-1,0,0,3223282438303,9.9953,4.1775,16.4321,-1,-1,161,6939,2118
stress-five-minute-soak,4449,24.6064,-1,26.6463,-1.0000,-1.0000,-1.0000,-1.0000,-1.0000,-1.0000,-1.0000,-1.0000,-1.0000,-1,-1,-1,-1,-1,-1,-1,-1,-1,0,0,3223282702695,12.4599,4.1918,14.0908,-1,-1,161,6940,2119
stress-five-minute-soak,4454,40.5423,-1,16.4086,-1.0000,-1.0000,-1.0000,-1.0000,-1.0000,-1.0000,-1.0000,-1.0000,-1.0000,-1,-1,-1,-1,-1,-1,-1,-1,-1,0,0,3223283967610,6.1112,4.9707,13.7754,-1,-1,161,6944,2119
stress-five-minute-soak,4463,23.1226,-1,15.0656,-1.0000,-1.0000,-1.0000,-1.0000,-1.0000,-1.0000,-1.0000,-1.0000,-1.0000,-1,-1,-1,-1,-1,-1,-1,-1,-1,0,0,3223285641212,11.9897,3.6918,4.4281,-1,-1,161,6944,2119
stress-five-minute-soak,4474,22.3457,-1,16.9718,-1.0000,-1.0000,-1.0000,-1.0000,-1.0000,-1.0000,-1.0000,-1.0000,-1.0000,-1,-1,-1,-1,-1,-1,-1,-1,-1,0,0,3223287330593,4.5829,4.9216,7.8985,-1,-1,161,6943,2118
stress-five-minute-soak,4476,25.5118,-1,16.3226,-1.0000,-1.0000,-1.0000,-1.0000,-1.0000,-1.0000,-1.0000,-1.0000,-1.0000,-1,-1,-1,-1,-1,-1,-1,-1,-1,0,0,3223287623124,19.7562,3.8268,0.2105,-1,-1,161,6939,2118
stress-five-minute-soak,4487,35.5656,-1,-1.0000,-1.0000,-1.0000,-1.0000,-1.0000,-1.0000,-1.0000,-1.0000,-1.0000,-1.0000,-1,-1,-1,-1,-1,-1,-1,-1,-1,0,0,3223289601525,15.8704,3.7891,0.0150,-1,-1,161,6944,2119
stress-five-minute-soak,4491,25.0958,-1,-1.0000,-1.0000,-1.0000,-1.0000,-1.0000,-1.0000,-1.0000,-1.0000,-1.0000,-1.0000,-1,-1,-1,-1,-1,-1,-1,-1,-1,0,0,3223290452270,6.8521,4.4416,8.5389,-1,-1,161,6944,2119
stress-five-minute-soak,4591,25.9983,-1,18.8485,-1.0000,-1.0000,-1.0000,-1.0000,-1.0000,-1.0000,-1.0000,-1.0000,-1.0000,-1,-1,-1,-1,-1,-1,-1,-1,-1,0,0,3223304112270,10.5545,2.9995,2.5707,-1,-1,161,6937,2111
stress-five-minute-soak,4592,25.3162,-1,25.2723,-1.0000,-1.0000,-1.0000,-1.0000,-1.0000,-1.0000,-1.0000,-1.0000,-1.0000,-1,-1,-1,-1,-1,-1,-1,-1,-1,0,0,3223304243636,4.8043,3.2074,9.3797,-1,-1,161,6937,2111
stress-five-minute-soak,4593,26.8912,-1,26.0035,-1.0000,-1.0000,-1.0000,-1.0000,-1.0000,-1.0000,-1.0000,-1.0000,-1.0000,-1,-1,-1,-1,-1,-1,-1,-1,-1,0,0,3223304385541,4.2796,3.2553,14.6275,-1,-1,161,6937,2111
stress-five-minute-soak,4594,26.6323,-1,26.4707,-1.0000,-1.0000,-1.0000,-1.0000,-1.0000,-1.0000,-1.0000,-1.0000,-1.0000,-1,-1,-1,-1,-1,-1,-1,-1,-1,0,0,3223304574710,10.3851,3.1632,15.6017,-1,-1,161,6937,2111
stress-five-minute-soak,4595,26.7761,-1,26.5114,-1.0000,-1.0000,-1.0000,-1.0000,-1.0000,-1.0000,-1.0000,-1.0000,-1.0000,-1,-1,-1,-1,-1,-1,-1,-1,-1,0,0,3223304834691,4.0863,3.0013,21.2191,-1,-1,161,6937,2111
stress-five-minute-soak,4596,26.4876,-1,26.4709,-1.0000,-1.0000,-1.0000,-1.0000,-1.0000,-1.0000,-1.0000,-1.0000,-1.0000,-1,-1,-1,-1,-1,-1,-1,-1,-1,0,0,3223305087858,12.3269,4.0383,14.5525,-1,-1,161,6937,2111
stress-five-minute-soak,4597,25.2972,-1,26.3721,-1.0000,-1.0000,-1.0000,-1.0000,-1.0000,-1.0000,-1.0000,-1.0000,-1.0000,-1,-1,-1,-1,-1,-1,-1,-1,-1,0,0,3223305356772,4.7532,3.8599,21.8672,-1,-1,161,6937,2111
stress-five-minute-soak,4626,23.7036,-1,17.8516,-1.0000,-1.0000,-1.0000,-1.0000,-1.0000,-1.0000,-1.0000,-1.0000,-1.0000,-1,-1,-1,-1,-1,-1,-1,-1,-1,0,0,3223309994001,4.8817,3.3405,11.7489,-1,-1,161,6937,2111
stress-five-minute-soak,4627,25.1040,-1,23.3393,-1.0000,-1.0000,-1.0000,-1.0000,-1.0000,-1.0000,-1.0000,-1.0000,-1.0000,-1,-1,-1,-1,-1,-1,-1,-1,-1,0,0,3223310160406,12.7426,3.3396,4.7668,-1,-1,161,6937,2111
stress-five-minute-soak,4816,62.9662,-1,13.6998,-1.0000,-1.0000,-1.0000,-1.0000,-1.0000,-1.0000,-1.0000,-1.0000,-1.0000,-1,-1,-1,-1,-1,-1,-1,-1,-1,0,0,3223336821932,4.6817,3.6342,7.6754,-1,-1,165,6934,2108
stress-five-minute-soak,4817,81.3426,-1,59.4447,-1.0000,-1.0000,-1.0000,-1.0000,-1.0000,-1.0000,-1.0000,-1.0000,-1.0000,-1,-1,-1,-1,-1,-1,-1,-1,-1,0,0,3223336945622,5.1175,4.7056,7.0021,-1,-1,165,6934,2108
stress-five-minute-soak,4818,60.2493,-1,80.1569,-1.0000,-1.0000,-1.0000,-1.0000,-1.0000,-1.0000,-1.0000,-1.0000,-1.0000,-1,-1,-1,-1,-1,-1,-1,-1,-1,0,0,3223337066934,13.3807,3.5764,0.9137,-1,-1,165,6934,2108
stress-five-minute-soak,4835,27.2901,-1,16.6605,-1.0000,-1.0000,-1.0000,-1.0000,-1.0000,-1.0000,-1.0000,-1.0000,-1.0000,-1,-1,-1,-1,-1,-1,-1,-1,-1,0,0,3223340852306,5.8705,3.6909,7.4031,-1,-1,165,6934,2108
stress-five-minute-soak,4836,33.5965,-1,-1.0000,-1.0000,-1.0000,-1.0000,-1.0000,-1.0000,-1.0000,-1.0000,-1.0000,-1.0000,-1,-1,-1,-1,-1,-1,-1,-1,-1,0,0,3223340985178,5.7257,3.1262,8.5808,-1,-1,165,6934,2108
stress-five-minute-soak,4854,23.0313,-1,21.7027,-1.0000,-1.0000,-1.0000,-1.0000,-1.0000,-1.0000,-1.0000,-1.0000,-1.0000,-1,-1,-1,-1,-1,-1,-1,-1,-1,0,0,3223343963956,4.7506,3.1535,17.0207,-1,-1,165,6935,2109
stress-five-minute-soak,4934,58.0477,-1,15.2970,-1.0000,-1.0000,-1.0000,-1.0000,-1.0000,-1.0000,-1.0000,-1.0000,-1.0000,-1,-1,-1,-1,-1,-1,-1,-1,-1,0,0,3223355224853,4.6849,3.2693,10.2134,-1,-1,165,6934,2108
stress-five-minute-soak,4935,78.3226,-1,55.5341,-1.0000,-1.0000,-1.0000,-1.0000,-1.0000,-1.0000,-1.0000,-1.0000,-1.0000,-1,-1,-1,-1,-1,-1,-1,-1,-1,0,0,3223355373901,4.2284,3.2689,8.7532,-1,-1,165,6934,2108
stress-five-minute-soak,4936,69.9997,-1,79.7673,-1.0000,-1.0000,-1.0000,-1.0000,-1.0000,-1.0000,-1.0000,-1.0000,-1.0000,-1,-1,-1,-1,-1,-1,-1,-1,-1,0,0,3223355503812,4.6062,3.6583,9.8538,-1,-1,165,6934,2108
stress-five-minute-soak,4937,43.2249,-1,-1.0000,-1.0000,-1.0000,-1.0000,-1.0000,-1.0000,-1.0000,-1.0000,-1.0000,-1.0000,-1,-1,-1,-1,-1,-1,-1,-1,-1,0,0,3223355648512,9.5121,5.4929,48.5422,-1,-1,165,6934,2108
stress-five-minute-soak,5100,23.8835,-1,22.4189,-1.0000,-1.0000,-1.0000,-1.0000,-1.0000,-1.0000,-1.0000,-1.0000,-1.0000,-1,-1,-1,-1,-1,-1,-1,-1,-1,0,0,3223379981534,4.3067,3.0117,12.1307,-1,-1,165,6932,2106
stress-five-minute-soak,5101,23.2710,-1,22.9806,-1.0000,-1.0000,-1.0000,-1.0000,-1.0000,-1.0000,-1.0000,-1.0000,-1.0000,-1,-1,-1,-1,-1,-1,-1,-1,-1,0,0,3223380146012,12.8165,3.0486,8.0530,-1,-1,165,6932,2106
stress-five-minute-soak,5103,24.2983,-1,22.8884,-1.0000,-1.0000,-1.0000,-1.0000,-1.0000,-1.0000,-1.0000,-1.0000,-1.0000,-1,-1,-1,-1,-1,-1,-1,-1,-1,0,0,3223380574238,11.7055,3.2871,12.1690,-1,-1,165,6932,2106
stress-five-minute-soak,5104,22.6522,-1,22.9606,-1.0000,-1.0000,-1.0000,-1.0000,-1.0000,-1.0000,-1.0000,-1.0000,-1.0000,-1,-1,-1,-1,-1,-1,-1,-1,-1,0,0,3223380813088,4.4703,3.1146,18.7891,-1,-1,165,6932,2106
stress-five-minute-soak,5457,30.6457,-1,11.9849,-1.0000,-1.0000,-1.0000,-1.0000,-1.0000,-1.0000,-1.0000,-1.0000,-1.0000,-1,-1,-1,-1,-1,-1,-1,-1,-1,0,0,3223428744689,5.2084,3.6004,10.6340,-1,-1,165,6919,2093
stress-five-minute-soak,5458,80.9391,-1,26.7817,-1.0000,-1.0000,-1.0000,-1.0000,-1.0000,-1.0000,-1.0000,-1.0000,-1.0000,-1,-1,-1,-1,-1,-1,-1,-1,-1,0,0,3223428903179,5.0019,3.8365,7.9844,-1,-1,165,6918,2092
stress-five-minute-soak,5459,80.2872,-1,80.4713,-1.0000,-1.0000,-1.0000,-1.0000,-1.0000,-1.0000,-1.0000,-1.0000,-1.0000,-1,-1,-1,-1,-1,-1,-1,-1,-1,0,0,3223429033136,12.3688,3.7875,0.0075,-1,-1,165,6918,2092
stress-five-minute-soak,5460,35.7933,-1,-1.0000,-1.0000,-1.0000,-1.0000,-1.0000,-1.0000,-1.0000,-1.0000,-1.0000,-1.0000,-1,-1,-1,-1,-1,-1,-1,-1,-1,0,0,3223429157009,4.8963,3.2671,25.7503,-1,-1,165,6919,2093
stress-five-minute-soak,5490,53.2243,-1,14.7133,-1.0000,-1.0000,-1.0000,-1.0000,-1.0000,-1.0000,-1.0000,-1.0000,-1.0000,-1,-1,-1,-1,-1,-1,-1,-1,-1,0,0,3223434875122,4.4016,3.5816,14.1171,-1,-1,165,6919,2093
stress-five-minute-soak,5491,81.3837,-1,53.9423,-1.0000,-1.0000,-1.0000,-1.0000,-1.0000,-1.0000,-1.0000,-1.0000,-1.0000,-1,-1,-1,-1,-1,-1,-1,-1,-1,0,0,3223435060425,11.8769,3.0855,5.2951,-1,-1,165,6919,2093
stress-five-minute-soak,5492,79.8974,-1,80.2373,-1.0000,-1.0000,-1.0000,-1.0000,-1.0000,-1.0000,-1.0000,-1.0000,-1.0000,-1,-1,-1,-1,-1,-1,-1,-1,-1,0,0,3223435232255,4.4622,3.3004,11.5779,-1,-1,165,6919,2093
stress-five-minute-soak,5493,80.2322,-1,79.8395,-1.0000,-1.0000,-1.0000,-1.0000,-1.0000,-1.0000,-1.0000,-1.0000,-1.0000,-1,-1,-1,-1,-1,-1,-1,-1,-1,0,0,3223435392744,4.8046,3.0754,48.4114,-1,-1,165,6919,2093
stress-five-minute-soak,5494,79.2468,-1,80.1260,-1.0000,-1.0000,-1.0000,-1.0000,-1.0000,-1.0000,-1.0000,-1.0000,-1.0000,-1,-1,-1,-1,-1,-1,-1,-1,-1,0,0,3223435925018,12.0772,3.3328,69.3080,-1,-1,165,6919,2093
stress-five-minute-soak,5495,48.8876,-1,78.7909,-1.0000,-1.0000,-1.0000,-1.0000,-1.0000,-1.0000,-1.0000,-1.0000,-1.0000,-1,-1,-1,-1,-1,-1,-1,-1,-1,0,0,3223436739073,20.4327,3.6131,59.4096,-1,-1,165,6914,2092
stress-five-minute-soak,5689,23.5478,-1,20.9221,-1.0000,-1.0000,-1.0000,-1.0000,-1.0000,-1.0000,-1.0000,-1.0000,-1.0000,-1,-1,-1,-1,-1,-1,-1,-1,-1,0,0,3223465830298,4.4379,3.9086,8.2307,-1,-1,165,6914,2088
stress-five-minute-soak,5690,23.1340,-1,22.8168,-1.0000,-1.0000,-1.0000,-1.0000,-1.0000,-1.0000,-1.0000,-1.0000,-1.0000,-1,-1,-1,-1,-1,-1,-1,-1,-1,0,0,3223465957109,4.5733,3.4374,12.0019,-1,-1,165,6914,2088
stress-five-minute-soak,5691,23.2346,-1,23.6209,-1.0000,-1.0000,-1.0000,-1.0000,-1.0000,-1.0000,-1.0000,-1.0000,-1.0000,-1,-1,-1,-1,-1,-1,-1,-1,-1,0,0,3223466122982,10.3302,2.9650,10.7430,-1,-1,165,6914,2088
stress-five-minute-soak,5692,23.7255,-1,23.5272,-1.0000,-1.0000,-1.0000,-1.0000,-1.0000,-1.0000,-1.0000,-1.0000,-1.0000,-1,-1,-1,-1,-1,-1,-1,-1,-1,0,0,3223466333807,4.6749,3.1603,18.8666,-1,-1,165,6914,2088
stress-five-minute-soak,5693,23.7395,-1,23.4435,-1.0000,-1.0000,-1.0000,-1.0000,-1.0000,-1.0000,-1.0000,-1.0000,-1.0000,-1,-1,-1,-1,-1,-1,-1,-1,-1,0,0,3223466569325,10.2087,3.1654,12.9124,-1,-1,165,6913,2087
stress-five-minute-soak,5695,23.8809,-1,22.7643,-1.0000,-1.0000,-1.0000,-1.0000,-1.0000,-1.0000,-1.0000,-1.0000,-1.0000,-1,-1,-1,-1,-1,-1,-1,-1,-1,0,0,3223467032982,10.3766,3.3407,13.3377,-1,-1,165,6913,2087
stress-five-minute-soak,5727,81.6803,-1,19.2125,-1.0000,-1.0000,-1.0000,-1.0000,-1.0000,-1.0000,-1.0000,-1.0000,-1.0000,-1,-1,-1,-1,-1,-1,-1,-1,-1,0,0,3223471963667,4.8546,3.5247,13.0422,-1,-1,165,6911,2085
stress-five-minute-soak,5728,79.9171,-1,80.2202,-1.0000,-1.0000,-1.0000,-1.0000,-1.0000,-1.0000,-1.0000,-1.0000,-1.0000,-1,-1,-1,-1,-1,-1,-1,-1,-1,0,0,3223472142743,10.3376,3.1009,5.8642,-1,-1,165,6911,2085
stress-five-minute-soak,5729,76.3166,-1,80.0397,-1.0000,-1.0000,-1.0000,-1.0000,-1.0000,-1.0000,-1.0000,-1.0000,-1.0000,-1,-1,-1,-1,-1,-1,-1,-1,-1,0,0,3223472304877,4.5269,4.1434,14.5929,-1,-1,165,6907,2085
stress-five-minute-soak,5730,32.4367,-1,-1.0000,-1.0000,-1.0000,-1.0000,-1.0000,-1.0000,-1.0000,-1.0000,-1.0000,-1.0000,-1,-1,-1,-1,-1,-1,-1,-1,-1,0,0,3223472496179,5.1049,3.2897,76.5798,-1,-1,165,6911,2085
stress-five-minute-soak,5731,27.4220,-1,32.8786,-1.0000,-1.0000,-1.0000,-1.0000,-1.0000,-1.0000,-1.0000,-1.0000,-1.0000,-1,-1,-1,-1,-1,-1,-1,-1,-1,0,0,3223473313216,27.4665,4.1911,52.3994,-1,-1,165,6912,2086
stress-five-minute-soak,5768,24.3233,-1,12.7644,-1.0000,-1.0000,-1.0000,-1.0000,-1.0000,-1.0000,-1.0000,-1.0000,-1.0000,-1,-1,-1,-1,-1,-1,-1,-1,-1,0,0,3223479979077,4.9775,3.8761,9.5129,-1,-1,165,6912,2086
stress-five-minute-soak,5769,25.0412,-1,23.1816,-1.0000,-1.0000,-1.0000,-1.0000,-1.0000,-1.0000,-1.0000,-1.0000,-1.0000,-1,-1,-1,-1,-1,-1,-1,-1,-1,0,0,3223480124109,13.3785,3.5406,0.6690,-1,-1,165,6912,2086
stress-five-minute-soak,5770,25.4009,-1,26.6138,-1.0000,-1.0000,-1.0000,-1.0000,-1.0000,-1.0000,-1.0000,-1.0000,-1.0000,-1,-1,-1,-1,-1,-1,-1,-1,-1,0,0,3223480264723,4.3996,3.7110,11.7970,-1,-1,165,6912,2086
stress-five-minute-soak,5771,23.4595,-1,24.6354,-1.0000,-1.0000,-1.0000,-1.0000,-1.0000,-1.0000,-1.0000,-1.0000,-1.0000,-1,-1,-1,-1,-1,-1,-1,-1,-1,0,0,3223480426746,4.8922,3.3840,19.4218,-1,-1,165,6912,2086
stress-five-minute-soak,5772,22.7131,-1,23.2776,-1.0000,-1.0000,-1.0000,-1.0000,-1.0000,-1.0000,-1.0000,-1.0000,-1.0000,-1,-1,-1,-1,-1,-1,-1,-1,-1,0,0,3223480669991,10.0206,3.1021,15.0084,-1,-1,165,6912,2086
stress-five-minute-soak,5853,28.4525,-1,11.5466,-1.0000,-1.0000,-1.0000,-1.0000,-1.0000,-1.0000,-1.0000,-1.0000,-1.0000,-1,-1,-1,-1,-1,-1,-1,-1,-1,0,0,3223492264460,4.5685,3.9000,10.5418,-1,-1,165,6909,2083
stress-five-minute-soak,5854,28.3823,-1,24.1052,-1.0000,-1.0000,-1.0000,-1.0000,-1.0000,-1.0000,-1.0000,-1.0000,-1.0000,-1,-1,-1,-1,-1,-1,-1,-1,-1,0,0,3223492415627,5.8889,3.3383,6.7537,-1,-1,165,6909,2083
stress-five-minute-soak,5855,73.6219,-1,28.6756,-1.0000,-1.0000,-1.0000,-1.0000,-1.0000,-1.0000,-1.0000,-1.0000,-1.0000,-1,-1,-1,-1,-1,-1,-1,-1,-1,0,0,3223492542167,13.2900,3.3127,0.0095,-1,-1,165,6905,2083
stress-five-minute-soak,5856,79.6724,-1,74.4899,-1.0000,-1.0000,-1.0000,-1.0000,-1.0000,-1.0000,-1.0000,-1.0000,-1.0000,-1,-1,-1,-1,-1,-1,-1,-1,-1,0,0,3223492675287,4.6735,3.2435,23.7815,-1,-1,165,6905,2083
stress-five-minute-soak,5857,29.1311,-1,-1.0000,-1.0000,-1.0000,-1.0000,-1.0000,-1.0000,-1.0000,-1.0000,-1.0000,-1.0000,-1,-1,-1,-1,-1,-1,-1,-1,-1,0,0,3223492959919,4.8900,3.2014,23.4760,-1,-1,165,6909,2083
stress-five-minute-soak,5886,41.6111,-1,13.8465,-1.0000,-1.0000,-1.0000,-1.0000,-1.0000,-1.0000,-1.0000,-1.0000,-1.0000,-1,-1,-1,-1,-1,-1,-1,-1,-1,0,0,3223498325474,5.0029,3.2922,11.6765,-1,-1,165,6903,2081
stress-five-minute-soak,5887,79.8215,-1,39.8582,-1.0000,-1.0000,-1.0000,-1.0000,-1.0000,-1.0000,-1.0000,-1.0000,-1.0000,-1,-1,-1,-1,-1,-1,-1,-1,-1,0,0,3223498492365,4.7469,3.5857,8.6937,-1,-1,165,6907,2081
stress-five-minute-soak,5888,80.2793,-1,79.3408,-1.0000,-1.0000,-1.0000,-1.0000,-1.0000,-1.0000,-1.0000,-1.0000,-1.0000,-1,-1,-1,-1,-1,-1,-1,-1,-1,0,0,3223498626868,11.2717,3.2212,2.3310,-1,-1,165,6907,2081
stress-five-minute-soak,5889,66.6363,-1,80.1812,-1.0000,-1.0000,-1.0000,-1.0000,-1.0000,-1.0000,-1.0000,-1.0000,-1.0000,-1,-1,-1,-1,-1,-1,-1,-1,-1,0,0,3223498763011,5.2145,3.4026,36.3924,-1,-1,165,6910,2084
stress-five-minute-soak,5890,30.6238,-1,66.6163,-1.0000,-1.0000,-1.0000,-1.0000,-1.0000,-1.0000,-1.0000,-1.0000,-1.0000,-1,-1,-1,-1,-1,-1,-1,-1,-1,0,0,3223499179140,13.1240,3.4326,66.6645,-1,-1,165,6910,2084
stress-five-minute-soak,5891,23.6408,-1,30.1384,-1.0000,-1.0000,-1.0000,-1.0000,-1.0000,-1.0000,-1.0000,-1.0000,-1.0000,-1,-1,-1,-1,-1,-1,-1,-1,-1,0,0,3223499977340,11.7091,3.9738,68.5681,-1,-1,165,6909,2083
stress-five-minute-soak,5930,31.6049,-1,9.9448,-1.0000,-1.0000,-1.0000,-1.0000,-1.0000,-1.0000,-1.0000,-1.0000,-1.0000,-1,-1,-1,-1,-1,-1,-1,-1,-1,0,0,3223506680076,4.9263,3.9038,8.8575,-1,-1,165,6909,2083
stress-five-minute-soak,5931,82.5866,-1,31.2279,-1.0000,-1.0000,-1.0000,-1.0000,-1.0000,-1.0000,-1.0000,-1.0000,-1.0000,-1,-1,-1,-1,-1,-1,-1,-1,-1,0,0,3223506817981,6.5284,4.0458,4.8212,-1,-1,165,6909,2083
stress-five-minute-soak,5932,78.8829,-1,80.4206,-1.0000,-1.0000,-1.0000,-1.0000,-1.0000,-1.0000,-1.0000,-1.0000,-1.0000,-1,-1,-1,-1,-1,-1,-1,-1,-1,0,0,3223506931604,5.0236,3.1953,4.7981,-1,-1,165,6909,2083
stress-five-minute-soak,5933,81.1129,-1,80.2271,-1.0000,-1.0000,-1.0000,-1.0000,-1.0000,-1.0000,-1.0000,-1.0000,-1.0000,-1,-1,-1,-1,-1,-1,-1,-1,-1,0,0,3223507029945,12.3125,3.4114,19.2816,-1,-1,165,6904,2082
stress-five-minute-soak,5934,80.3359,-1,80.4808,-1.0000,-1.0000,-1.0000,-1.0000,-1.0000,-1.0000,-1.0000,-1.0000,-1.0000,-1,-1,-1,-1,-1,-1,-1,-1,-1,0,0,3223507345986,4.6961,3.4013,77.8966,-1,-1,165,6908,2082
stress-five-minute-soak,5935,59.9160,-1,80.2857,-1.0000,-1.0000,-1.0000,-1.0000,-1.0000,-1.0000,-1.0000,-1.0000,-1.0000,-1,-1,-1,-1,-1,-1,-1,-1,-1,0,0,3223508172096,18.0713,3.9178,60.7635,-1,-1,165,6911,2085
stress-five-minute-soak,6085,33.2159,-1,15.5320,-1.0000,-1.0000,-1.0000,-1.0000,-1.0000,-1.0000,-1.0000,-1.0000,-1.0000,-1,-1,-1,-1,-1,-1,-1,-1,-1,0,0,3223531172550,5.4540,3.7301,10.3175,-1,-1,164,6909,2083
stress-five-minute-soak,6086,78.9963,-1,33.1899,-1.0000,-1.0000,-1.0000,-1.0000,-1.0000,-1.0000,-1.0000,-1.0000,-1.0000,-1,-1,-1,-1,-1,-1,-1,-1,-1,0,0,3223531330326,5.8069,3.3830,5.9973,-1,-1,164,6908,2082
stress-five-minute-soak,6087,82.8763,-1,79.2602,-1.0000,-1.0000,-1.0000,-1.0000,-1.0000,-1.0000,-1.0000,-1.0000,-1.0000,-1,-1,-1,-1,-1,-1,-1,-1,-1,0,0,3223531448478,5.2328,3.6780,10.2235,-1,-1,164,6906,2080
stress-five-minute-soak,6088,33.4172,-1,-1.0000,-1.0000,-1.0000,-1.0000,-1.0000,-1.0000,-1.0000,-1.0000,-1.0000,-1.0000,-1,-1,-1,-1,-1,-1,-1,-1,-1,0,0,3223531603157,11.6841,4.2274,21.5150,-1,-1,164,6906,2080
stress-five-minute-soak,6136,23.3182,-1,15.7668,-1.0000,-1.0000,-1.0000,-1.0000,-1.0000,-1.0000,-1.0000,-1.0000,-1.0000,-1,-1,-1,-1,-1,-1,-1,-1,-1,0,0,3223539576775,11.3350,3.6837,0.2157,-1,-1,164,6913,2087
stress-five-minute-soak,6137,31.0362,-1,-1.0000,-1.0000,-1.0000,-1.0000,-1.0000,-1.0000,-1.0000,-1.0000,-1.0000,-1.0000,-1,-1,-1,-1,-1,-1,-1,-1,-1,0,0,3223539692401,4.8383,3.9834,11.0042,-1,-1,164,6914,2088
stress-five-minute-soak,6138,25.0469,-1,22.4044,-1.0000,-1.0000,-1.0000,-1.0000,-1.0000,-1.0000,-1.0000,-1.0000,-1.0000,-1,-1,-1,-1,-1,-1,-1,-1,-1,0,0,3223539850883,4.7660,3.5329,11.4968,-1,-1,164,6914,2088
stress-five-minute-soak,6236,24.5252,-1,12.6986,-1.0000,-1.0000,-1.0000,-1.0000,-1.0000,-1.0000,-1.0000,-1.0000,-1.0000,-1,-1,-1,-1,-1,-1,-1,-1,-1,0,0,3223553824699,4.3228,3.7529,7.3522,-1,-1,164,6911,2085
stress-five-minute-soak,6237,23.7036,-1,20.5824,-1.0000,-1.0000,-1.0000,-1.0000,-1.0000,-1.0000,-1.0000,-1.0000,-1.0000,-1,-1,-1,-1,-1,-1,-1,-1,-1,0,0,3223553941556,4.2966,4.1975,8.5784,-1,-1,164,6911,2085
stress-five-minute-soak,6238,26.1724,-1,24.1257,-1.0000,-1.0000,-1.0000,-1.0000,-1.0000,-1.0000,-1.0000,-1.0000,-1.0000,-1,-1,-1,-1,-1,-1,-1,-1,-1,0,0,3223554070425,11.5933,3.4075,0.0077,-1,-1,164,6913,2087
stress-five-minute-soak,6239,25.6664,-1,25.4461,-1.0000,-1.0000,-1.0000,-1.0000,-1.0000,-1.0000,-1.0000,-1.0000,-1.0000,-1,-1,-1,-1,-1,-1,-1,-1,-1,0,0,3223554186541,4.8744,3.0956,19.6533,-1,-1,164,6913,2087
stress-five-minute-soak,6240,24.6597,-1,25.5242,-1.0000,-1.0000,-1.0000,-1.0000,-1.0000,-1.0000,-1.0000,-1.0000,-1.0000,-1,-1,-1,-1,-1,-1,-1,-1,-1,0,0,3223554431890,6.5274,3.1147,17.1637,-1,-1,164,6914,2088
stress-five-minute-soak,6241,27.1503,-1,25.6443,-1.0000,-1.0000,-1.0000,-1.0000,-1.0000,-1.0000,-1.0000,-1.0000,-1.0000,-1,-1,-1,-1,-1,-1,-1,-1,-1,0,0,3223554668921,9.9098,3.3531,16.2494,-1,-1,164,6913,2087
stress-five-minute-soak,6242,24.6762,-1,25.5406,-1.0000,-1.0000,-1.0000,-1.0000,-1.0000,-1.0000,-1.0000,-1.0000,-1.0000,-1,-1,-1,-1,-1,-1,-1,-1,-1,0,0,3223554930634,4.3053,3.8408,21.3480,-1,-1,164,6913,2087
stress-five-minute-soak,6243,24.0711,-1,25.5598,-1.0000,-1.0000,-1.0000,-1.0000,-1.0000,-1.0000,-1.0000,-1.0000,-1.0000,-1,-1,-1,-1,-1,-1,-1,-1,-1,0,0,3223555187280,12.2068,3.2955,12.4407,-1,-1,164,6913,2087
stress-five-minute-soak,6273,24.1839,-1,15.3375,-1.0000,-1.0000,-1.0000,-1.0000,-1.0000,-1.0000,-1.0000,-1.0000,-1.0000,-1,-1,-1,-1,-1,-1,-1,-1,-1,0,0,3223559941331,4.6828,3.6361,12.3061,-1,-1,164,6913,2087
stress-five-minute-soak,6346,27.7292,-1,12.5670,-1.0000,-1.0000,-1.0000,-1.0000,-1.0000,-1.0000,-1.0000,-1.0000,-1.0000,-1,-1,-1,-1,-1,-1,-1,-1,-1,0,0,3223570242075,4.8330,3.5407,10.9002,-1,-1,164,6915,2089
stress-five-minute-soak,6347,49.3981,-1,27.5064,-1.0000,-1.0000,-1.0000,-1.0000,-1.0000,-1.0000,-1.0000,-1.0000,-1.0000,-1,-1,-1,-1,-1,-1,-1,-1,-1,0,0,3223570399467,4.9770,3.4987,5.6652,-1,-1,164,6915,2089
stress-five-minute-soak,6348,80.2781,-1,48.8374,-1.0000,-1.0000,-1.0000,-1.0000,-1.0000,-1.0000,-1.0000,-1.0000,-1.0000,-1,-1,-1,-1,-1,-1,-1,-1,-1,0,0,3223570506000,4.5315,3.1328,8.1638,-1,-1,164,6915,2089
stress-five-minute-soak,6349,55.1192,-1,80.1608,-1.0000,-1.0000,-1.0000,-1.0000,-1.0000,-1.0000,-1.0000,-1.0000,-1.0000,-1,-1,-1,-1,-1,-1,-1,-1,-1,0,0,3223570633061,11.1177,3.1680,16.5984,-1,-1,164,6915,2089
stress-five-minute-soak,6379,59.5078,-1,11.0653,-1.0000,-1.0000,-1.0000,-1.0000,-1.0000,-1.0000,-1.0000,-1.0000,-1.0000,-1,-1,-1,-1,-1,-1,-1,-1,-1,0,0,3223576263588,5.4176,5.1100,13.2877,-1,-1,164,6914,2088
stress-five-minute-soak,6380,81.3487,-1,55.5295,-1.0000,-1.0000,-1.0000,-1.0000,-1.0000,-1.0000,-1.0000,-1.0000,-1.0000,-1,-1,-1,-1,-1,-1,-1,-1,-1,0,0,3223576450779,8.3247,4.8380,10.4842,-1,-1,164,6913,2087
stress-five-minute-soak,6381,78.2150,-1,80.3080,-1.0000,-1.0000,-1.0000,-1.0000,-1.0000,-1.0000,-1.0000,-1.0000,-1.0000,-1,-1,-1,-1,-1,-1,-1,-1,-1,0,0,3223576639008,12.6948,4.5385,0.0101,-1,-1,164,6912,2086
stress-five-minute-soak,6382,39.1124,-1,78.3224,-1.0000,-1.0000,-1.0000,-1.0000,-1.0000,-1.0000,-1.0000,-1.0000,-1.0000,-1,-1,-1,-1,-1,-1,-1,-1,-1,0,0,3223576766348,6.8985,3.2634,52.5943,-1,-1,164,6907,2085
stress-five-minute-soak,6383,28.2224,-1,-1.0000,-1.0000,-1.0000,-1.0000,-1.0000,-1.0000,-1.0000,-1.0000,-1.0000,-1.0000,-1,-1,-1,-1,-1,-1,-1,-1,-1,0,0,3223577361342,13.2391,3.4004,68.0970,-1,-1,164,6912,2086
stress-five-minute-soak,6384,24.5375,-1,25.3358,-1.0000,-1.0000,-1.0000,-1.0000,-1.0000,-1.0000,-1.0000,-1.0000,-1.0000,-1,-1,-1,-1,-1,-1,-1,-1,-1,0,0,3223578174829,18.5729,3.3748,59.6300,-1,-1,164,6913,2087
stress-five-minute-soak,6425,24.4067,-1,14.2828,-1.0000,-1.0000,-1.0000,-1.0000,-1.0000,-1.0000,-1.0000,-1.0000,-1.0000,-1,-1,-1,-1,-1,-1,-1,-1,-1,0,0,3223584558992,10.9858,3.9958,2.5093,-1,-1,164,6915,2089
stress-five-minute-soak,6426,31.1123,-1,23.9534,-1.0000,-1.0000,-1.0000,-1.0000,-1.0000,-1.0000,-1.0000,-1.0000,-1.0000,-1,-1,-1,-1,-1,-1,-1,-1,-1,0,0,3223584694068,5.1333,4.9667,9.2973,-1,-1,164,6915,2089
stress-five-minute-soak,6427,34.6143,-1,30.9862,-1.0000,-1.0000,-1.0000,-1.0000,-1.0000,-1.0000,-1.0000,-1.0000,-1.0000,-1,-1,-1,-1,-1,-1,-1,-1,-1,0,0,3223584838442,5.2780,3.9436,8.6448,-1,-1,164,6915,2089
stress-five-minute-soak,6428,34.2046,-1,33.9684,-1.0000,-1.0000,-1.0000,-1.0000,-1.0000,-1.0000,-1.0000,-1.0000,-1.0000,-1,-1,-1,-1,-1,-1,-1,-1,-1,0,0,3223584977801,4.6176,4.2664,19.7772,-1,-1,164,6915,2089
stress-five-minute-soak,6429,31.7711,-1,33.9348,-1.0000,-1.0000,-1.0000,-1.0000,-1.0000,-1.0000,-1.0000,-1.0000,-1.0000,-1,-1,-1,-1,-1,-1,-1,-1,-1,0,0,3223585221878,14.4942,3.6621,16.6067,-1,-1,164,6915,2089
stress-five-minute-soak,6430,32.9583,-1,32.8172,-1.0000,-1.0000,-1.0000,-1.0000,-1.0000,-1.0000,-1.0000,-1.0000,-1.0000,-1,-1,-1,-1,-1,-1,-1,-1,-1,0,0,3223585533041,12.3900,3.7541,22.2051,-1,-1,164,6915,2089
stress-five-minute-soak,6431,27.9812,-1,32.5284,-1.0000,-1.0000,-1.0000,-1.0000,-1.0000,-1.0000,-1.0000,-1.0000,-1.0000,-1,-1,-1,-1,-1,-1,-1,-1,-1,0,0,3223585879133,5.9704,3.3443,28.2202,-1,-1,164,6915,2089
stress-five-minute-soak,6432,22.7321,-1,27.7350,-1.0000,-1.0000,-1.0000,-1.0000,-1.0000,-1.0000,-1.0000,-1.0000,-1.0000,-1,-1,-1,-1,-1,-1,-1,-1,-1,0,0,3223586221167,10.5560,3.0352,21.2036,-1,-1,164,6913,2087
stress-five-minute-soak,6473,27.2845,-1,12.5983,-1.0000,-1.0000,-1.0000,-1.0000,-1.0000,-1.0000,-1.0000,-1.0000,-1.0000,-1,-1,-1,-1,-1,-1,-1,-1,-1,0,0,3223592686133,4.9627,3.2760,10.5769,-1,-1,164,6908,2086
stress-five-minute-soak,6474,46.2275,-1,26.9133,-1.0000,-1.0000,-1.0000,-1.0000,-1.0000,-1.0000,-1.0000,-1.0000,-1.0000,-1,-1,-1,-1,-1,-1,-1,-1,-1,0,0,3223592841597,4.6964,3.6361,6.9715,-1,-1,164,6908,2086
stress-five-minute-soak,6475,81.2511,-1,45.5293,-1.0000,-1.0000,-1.0000,-1.0000,-1.0000,-1.0000,-1.0000,-1.0000,-1.0000,-1,-1,-1,-1,-1,-1,-1,-1,-1,0,0,3223592958385,5.0007,3.1168,6.5899,-1,-1,164,6907,2085
stress-five-minute-soak,6476,63.0314,-1,79.9488,-1.0000,-1.0000,-1.0000,-1.0000,-1.0000,-1.0000,-1.0000,-1.0000,-1.0000,-1,-1,-1,-1,-1,-1,-1,-1,-1,0,0,3223593074403,10.2841,3.3262,16.9871,-1,-1,164,6912,2086
stress-five-minute-soak,6477,34.0162,-1,-1.0000,-1.0000,-1.0000,-1.0000,-1.0000,-1.0000,-1.0000,-1.0000,-1.0000,-1.0000,-1,-1,-1,-1,-1,-1,-1,-1,-1,0,0,3223593347216,4.4707,3.2575,41.7460,-1,-1,164,6915,2089
stress-five-minute-soak,6506,28.9024,-1,16.8545,-1.0000,-1.0000,-1.0000,-1.0000,-1.0000,-1.0000,-1.0000,-1.0000,-1.0000,-1,-1,-1,-1,-1,-1,-1,-1,-1,0,0,3223598830408,5.5032,3.5649,12.2501,-1,-1,164,6913,2087
stress-five-minute-soak,6507,31.2446,-1,28.8302,-1.0000,-1.0000,-1.0000,-1.0000,-1.0000,-1.0000,-1.0000,-1.0000,-1.0000,-1,-1,-1,-1,-1,-1,-1,-1,-1,0,0,3223599008072,5.3634,3.3734,11.7530,-1,-1,164,6913,2087
stress-five-minute-soak,6508,24.3407,-1,31.4721,-1.0000,-1.0000,-1.0000,-1.0000,-1.0000,-1.0000,-1.0000,-1.0000,-1.0000,-1,-1,-1,-1,-1,-1,-1,-1,-1,0,0,3223599179344,10.1027,4.2706,6.6937,-1,-1,164,6916,2090
stress-five-minute-soak,6745,24.2533,-1,22.3624,-1.0000,-1.0000,-1.0000,-1.0000,-1.0000,-1.0000,-1.0000,-1.0000,-1.0000,-1,-1,-1,-1,-1,-1,-1,-1,-1,0,0,3223631719864,5.7655,2.9989,10.5761,-1,-1,164,6912,2086
stress-five-minute-soak,6746,24.3818,-1,23.7737,-1.0000,-1.0000,-1.0000,-1.0000,-1.0000,-1.0000,-1.0000,-1.0000,-1.0000,-1,-1,-1,-1,-1,-1,-1,-1,-1,0,0,3223631883330,5.1663,3.6283,11.7360,-1,-1,164,6912,2086
stress-five-minute-soak,6747,24.4854,-1,24.3197,-1.0000,-1.0000,-1.0000,-1.0000,-1.0000,-1.0000,-1.0000,-1.0000,-1.0000,-1,-1,-1,-1,-1,-1,-1,-1,-1,0,0,3223632052462,11.9059,3.3755,10.0085,-1,-1,164,6912,2086
stress-five-minute-soak,6748,24.1455,-1,24.1188,-1.0000,-1.0000,-1.0000,-1.0000,-1.0000,-1.0000,-1.0000,-1.0000,-1.0000,-1,-1,-1,-1,-1,-1,-1,-1,-1,0,0,3223632271727,4.1432,3.1744,20.0979,-1,-1,164,6911,2085
stress-five-minute-soak,6749,24.1426,-1,24.0845,-1.0000,-1.0000,-1.0000,-1.0000,-1.0000,-1.0000,-1.0000,-1.0000,-1.0000,-1,-1,-1,-1,-1,-1,-1,-1,-1,0,0,3223632514253,4.4374,3.1657,19.9344,-1,-1,164,6908,2086
stress-five-minute-soak,6750,24.0050,-1,24.1162,-1.0000,-1.0000,-1.0000,-1.0000,-1.0000,-1.0000,-1.0000,-1.0000,-1.0000,-1,-1,-1,-1,-1,-1,-1,-1,-1,0,0,3223632758073,13.1614,3.3363,11.3118,-1,-1,164,6908,2086
stress-five-minute-soak,6751,24.5646,-1,24.3466,-1.0000,-1.0000,-1.0000,-1.0000,-1.0000,-1.0000,-1.0000,-1.0000,-1.0000,-1,-1,-1,-1,-1,-1,-1,-1,-1,0,0,3223633002919,4.9495,3.1526,19.1866,-1,-1,164,6908,2086
stress-five-minute-soak,6918,27.1485,-1,16.1403,-1.0000,-1.0000,-1.0000,-1.0000,-1.0000,-1.0000,-1.0000,-1.0000,-1.0000,-1,-1,-1,-1,-1,-1,-1,-1,-1,0,0,3223656229811,5.5464,3.3388,10.7412,-1,-1,164,6915,2089
stress-five-minute-soak,6919,32.5129,-1,27.0930,-1.0000,-1.0000,-1.0000,-1.0000,-1.0000,-1.0000,-1.0000,-1.0000,-1.0000,-1,-1,-1,-1,-1,-1,-1,-1,-1,0,0,3223656392748,5.0194,3.9456,6.0218,-1,-1,164,6915,2089
stress-five-minute-soak,6920,32.2867,-1,31.7010,-1.0000,-1.0000,-1.0000,-1.0000,-1.0000,-1.0000,-1.0000,-1.0000,-1.0000,-1,-1,-1,-1,-1,-1,-1,-1,-1,0,0,3223656503279,4.4673,3.2508,11.6195,-1,-1,164,6915,2089
stress-five-minute-soak,6921,32.9851,-1,32.5164,-1.0000,-1.0000,-1.0000,-1.0000,-1.0000,-1.0000,-1.0000,-1.0000,-1.0000,-1,-1,-1,-1,-1,-1,-1,-1,-1,0,0,3223656664253,10.4928,3.7883,16.6463,-1,-1,164,6915,2089
stress-five-minute-soak,6922,32.6902,-1,32.6185,-1.0000,-1.0000,-1.0000,-1.0000,-1.0000,-1.0000,-1.0000,-1.0000,-1.0000,-1,-1,-1,-1,-1,-1,-1,-1,-1,0,0,3223656935752,4.7558,3.2240,27.7440,-1,-1,164,6915,2089
stress-five-minute-soak,6923,31.3496,-1,32.8141,-1.0000,-1.0000,-1.0000,-1.0000,-1.0000,-1.0000,-1.0000,-1.0000,-1.0000,-1,-1,-1,-1,-1,-1,-1,-1,-1,0,0,3223657260878,10.6949,3.8332,21.5772,-1,-1,164,6912,2088
stress-five-minute-soak,6941,22.7764,-1,20.4936,-1.0000,-1.0000,-1.0000,-1.0000,-1.0000,-1.0000,-1.0000,-1.0000,-1.0000,-1,-1,-1,-1,-1,-1,-1,-1,-1,0,0,3223660178528,14.9461,3.0235,1.5159,-1,-1,164,6915,2089
stress-five-minute-soak,6942,26.1995,-1,22.6811,-1.0000,-1.0000,-1.0000,-1.0000,-1.0000,-1.0000,-1.0000,-1.0000,-1.0000,-1,-1,-1,-1,-1,-1,-1,-1,-1,0,0,3223660343243,4.4006,3.2801,15.8520,-1,-1,164,6915,2089
stress-five-minute-soak,6943,22.4733,-1,-1.0000,-1.0000,-1.0000,-1.0000,-1.0000,-1.0000,-1.0000,-1.0000,-1.0000,-1.0000,-1,-1,-1,-1,-1,-1,-1,-1,-1,0,0,3223660545835,11.6651,6.2690,9.2425,-1,-1,164,6915,2089
stress-five-minute-soak,6944,23.6842,-1,22.2328,-1.0000,-1.0000,-1.0000,-1.0000,-1.0000,-1.0000,-1.0000,-1.0000,-1.0000,-1,-1,-1,-1,-1,-1,-1,-1,-1,0,0,3223660755065,10.5290,4.2464,12.2104,-1,-1,164,6915,2089
stress-five-minute-soak,7184,25.0793,-1,22.9289,-1.0000,-1.0000,-1.0000,-1.0000,-1.0000,-1.0000,-1.0000,-1.0000,-1.0000,-1,-1,-1,-1,-1,-1,-1,-1,-1,0,0,3223693382918,5.3693,3.4668,10.9022,-1,-1,164,6910,2084
stress-five-minute-soak,7185,25.5351,-1,24.1009,-1.0000,-1.0000,-1.0000,-1.0000,-1.0000,-1.0000,-1.0000,-1.0000,-1.0000,-1,-1,-1,-1,-1,-1,-1,-1,-1,0,0,3223693545746,9.8704,3.1142,11.5808,-1,-1,164,6910,2084
stress-five-minute-soak,7186,23.2848,-1,24.0474,-1.0000,-1.0000,-1.0000,-1.0000,-1.0000,-1.0000,-1.0000,-1.0000,-1.0000,-1,-1,-1,-1,-1,-1,-1,-1,-1,0,0,3223693760361,4.6395,3.3612,17.2276,-1,-1,164,6911,2085
stress-five-minute-soak,7187,24.1097,-1,-1.0000,-1.0000,-1.0000,-1.0000,-1.0000,-1.0000,-1.0000,-1.0000,-1.0000,-1.0000,-1,-1,-1,-1,-1,-1,-1,-1,-1,0,0,3223693979150,4.7099,3.5411,20.3533,-1,-1,164,6911,2085
stress-five-minute-soak,7188,29.3061,-1,24.1229,-1.0000,-1.0000,-1.0000,-1.0000,-1.0000,-1.0000,-1.0000,-1.0000,-1.0000,-1,-1,-1,-1,-1,-1,-1,-1,-1,0,0,3223694229912,10.2261,4.1137,15.2976,-1,-1,164,6911,2085
stress-five-minute-soak,7189,27.2341,-1,-1.0000,-1.0000,-1.0000,-1.0000,-1.0000,-1.0000,-1.0000,-1.0000,-1.0000,-1.0000,-1,-1,-1,-1,-1,-1,-1,-1,-1,0,0,3223694485262,4.4148,4.0623,18.9037,-1,-1,164,6911,2085
stress-five-minute-soak,7834,38.6428,-1,11.7130,-1.0000,-1.0000,-1.0000,-1.0000,-1.0000,-1.0000,-1.0000,-1.0000,-1.0000,-1,-1,-1,-1,-1,-1,-1,-1,-1,0,0,3223785172304,5.2678,4.0012,10.7330,-1,-1,164,6916,2090
stress-five-minute-soak,7835,82.1431,-1,38.1591,-1.0000,-1.0000,-1.0000,-1.0000,-1.0000,-1.0000,-1.0000,-1.0000,-1.0000,-1,-1,-1,-1,-1,-1,-1,-1,-1,0,0,3223785332389,4.9471,4.1795,7.5822,-1,-1,164,6916,2090
stress-five-minute-soak,7836,78.5084,-1,80.0233,-1.0000,-1.0000,-1.0000,-1.0000,-1.0000,-1.0000,-1.0000,-1.0000,-1.0000,-1,-1,-1,-1,-1,-1,-1,-1,-1,0,0,3223785457831,4.8891,3.2461,6.0800,-1,-1,164,6916,2090
stress-five-minute-soak,7867,63.5500,-1,17.6845,-1.0000,-1.0000,-1.0000,-1.0000,-1.0000,-1.0000,-1.0000,-1.0000,-1.0000,-1,-1,-1,-1,-1,-1,-1,-1,-1,0,0,3223791291603,4.3431,3.5892,9.8908,-1,-1,164,6917,2091
stress-five-minute-soak,7868,81.0139,-1,63.1982,-1.0000,-1.0000,-1.0000,-1.0000,-1.0000,-1.0000,-1.0000,-1.0000,-1.0000,-1,-1,-1,-1,-1,-1,-1,-1,-1,0,0,3223791434042,5.3685,3.7941,11.8228,-1,-1,164,6917,2091
stress-five-minute-soak,7869,78.2962,-1,79.7586,-1.0000,-1.0000,-1.0000,-1.0000,-1.0000,-1.0000,-1.0000,-1.0000,-1.0000,-1,-1,-1,-1,-1,-1,-1,-1,-1,0,0,3223791606061,10.0790,3.5832,7.9317,-1,-1,164,6917,2091
stress-five-minute-soak,7870,46.7493,-1,79.4627,-1.0000,-1.0000,-1.0000,-1.0000,-1.0000,-1.0000,-1.0000,-1.0000,-1.0000,-1,-1,-1,-1,-1,-1,-1,-1,-1,0,0,3223791786296,4.0906,3.1358,59.4493,-1,-1,164,6912,2090
stress-five-minute-soak,7871,24.8983,-1,45.9628,-1.0000,-1.0000,-1.0000,-1.0000,-1.0000,-1.0000,-1.0000,-1.0000,-1.0000,-1,-1,-1,-1,-1,-1,-1,-1,-1,0,0,3223792421801,11.6654,3.4830,69.3383,-1,-1,164,6916,2090
stress-five-minute-soak,7872,23.7940,-1,26.1059,-1.0000,-1.0000,-1.0000,-1.0000,-1.0000,-1.0000,-1.0000,-1.0000,-1.0000,-1,-1,-1,-1,-1,-1,-1,-1,-1,0,0,3223793231937,19.7956,3.1931,58.4913,-1,-1,164,6917,2091
stress-five-minute-soak,7907,46.3788,-1,14.3729,-1.0000,-1.0000,-1.0000,-1.0000,-1.0000,-1.0000,-1.0000,-1.0000,-1.0000,-1,-1,-1,-1,-1,-1,-1,-1,-1,0,0,3223799520838,10.1935,3.3889,8.0413,-1,-1,164,6919,2093
stress-five-minute-soak,7908,79.6676,-1,46.1251,-1.0000,-1.0000,-1.0000,-1.0000,-1.0000,-1.0000,-1.0000,-1.0000,-1.0000,-1,-1,-1,-1,-1,-1,-1,-1,-1,0,0,3223799703301,4.1164,3.2907,10.6095,-1,-1,164,6919,2093
stress-five-minute-soak,7909,79.6468,-1,79.2689,-1.0000,-1.0000,-1.0000,-1.0000,-1.0000,-1.0000,-1.0000,-1.0000,-1.0000,-1,-1,-1,-1,-1,-1,-1,-1,-1,0,0,3223799850674,4.4200,3.9922,10.0692,-1,-1,164,6919,2093
stress-five-minute-soak,7910,77.7876,-1,79.0671,-1.0000,-1.0000,-1.0000,-1.0000,-1.0000,-1.0000,-1.0000,-1.0000,-1.0000,-1,-1,-1,-1,-1,-1,-1,-1,-1,0,0,3223799995674,5.2255,3.0983,41.1440,-1,-1,164,6919,2093
stress-five-minute-soak,7911,61.7360,-1,78.3406,-1.0000,-1.0000,-1.0000,-1.0000,-1.0000,-1.0000,-1.0000,-1.0000,-1.0000,-1,-1,-1,-1,-1,-1,-1,-1,-1,0,0,3223800459460,14.6174,3.0741,65.0395,-1,-1,164,6919,2093
stress-five-minute-soak,7912,31.1717,-1,61.4418,-1.0000,-1.0000,-1.0000,-1.0000,-1.0000,-1.0000,-1.0000,-1.0000,-1.0000,-1,-1,-1,-1,-1,-1,-1,-1,-1,0,0,3223801256149,19.2660,4.3525,60.3692,-1,-1,164,6918,2092
stress-five-minute-soak,7913,24.8787,-1,30.6337,-1.0000,-1.0000,-1.0000,-1.0000,-1.0000,-1.0000,-1.0000,-1.0000,-1.0000,-1,-1,-1,-1,-1,-1,-1,-1,-1,0,0,3223802052605,17.2200,4.0967,60.5566,-1,-1,164,6918,2096
stress-five-minute-soak,7946,55.2084,-1,9.8755,-1.0000,-1.0000,-1.0000,-1.0000,-1.0000,-1.0000,-1.0000,-1.0000,-1.0000,-1,-1,-1,-1,-1,-1,-1,-1,-1,0,0,3223807678832,4.6072,4.0364,9.5733,-1,-1,164,6920,2096
stress-five-minute-soak,7947,79.4441,-1,55.1048,-1.0000,-1.0000,-1.0000,-1.0000,-1.0000,-1.0000,-1.0000,-1.0000,-1.0000,-1,-1,-1,-1,-1,-1,-1,-1,-1,0,0,3223807820699,4.6380,3.5654,4.9552,-1,-1,164,6918,2096
stress-five-minute-soak,7948,80.3513,-1,79.5814,-1.0000,-1.0000,-1.0000,-1.0000,-1.0000,-1.0000,-1.0000,-1.0000,-1.0000,-1,-1,-1,-1,-1,-1,-1,-1,-1,0,0,3223807916717,5.1524,3.5072,5.6771,-1,-1,164,6918,2096
stress-five-minute-soak,7949,22.7891,-1,-1.0000,-1.0000,-1.0000,-1.0000,-1.0000,-1.0000,-1.0000,-1.0000,-1.0000,-1.0000,-1,-1,-1,-1,-1,-1,-1,-1,-1,0,0,3223808025103,12.6676,3.5644,42.5344,-1,-1,164,6923,2097
stress-five-minute-soak,7980,51.5284,-1,18.4300,-1.0000,-1.0000,-1.0000,-1.0000,-1.0000,-1.0000,-1.0000,-1.0000,-1.0000,-1,-1,-1,-1,-1,-1,-1,-1,-1,0,0,3223813858517,4.3697,3.5156,9.6909,-1,-1,164,6929,2103
stress-five-minute-soak,7981,80.6951,-1,51.9270,-1.0000,-1.0000,-1.0000,-1.0000,-1.0000,-1.0000,-1.0000,-1.0000,-1.0000,-1,-1,-1,-1,-1,-1,-1,-1,-1,0,0,3223813999239,3.9856,3.5432,13.7222,-1,-1,164,6929,2103
stress-five-minute-soak,7982,78.8104,-1,80.0476,-1.0000,-1.0000,-1.0000,-1.0000,-1.0000,-1.0000,-1.0000,-1.0000,-1.0000,-1,-1,-1,-1,-1,-1,-1,-1,-1,0,0,3223814176430,11.3012,4.2066,6.7564,-1,-1,164,6929,2103
stress-five-minute-soak,7983,44.9421,-1,78.8902,-1.0000,-1.0000,-1.0000,-1.0000,-1.0000,-1.0000,-1.0000,-1.0000,-1.0000,-1,-1,-1,-1,-1,-1,-1,-1,-1,0,0,3223814357127,6.3380,4.6486,45.1758,-1,-1,164,6929,2103
stress-five-minute-soak,7984,24.5904,-1,44.0463,-1.0000,-1.0000,-1.0000,-1.0000,-1.0000,-1.0000,-1.0000,-1.0000,-1.0000,-1,-1,-1,-1,-1,-1,-1,-1,-1,0,0,3223814872401,12.9118,3.0508,67.7741,-1,-1,164,6929,2103
stress-five-minute-soak,8022,28.6443,-1,19.4565,-1.0000,-1.0000,-1.0000,-1.0000,-1.0000,-1.0000,-1.0000,-1.0000,-1.0000,-1,-1,-1,-1,-1,-1,-1,-1,-1,0,0,3223822060295,9.9340,3.4322,4.4025,-1,-1,164,6930,2104
stress-five-minute-soak,8023,25.0950,-1,29.3622,-1.0000,-1.0000,-1.0000,-1.0000,-1.0000,-1.0000,-1.0000,-1.0000,-1.0000,-1,-1,-1,-1,-1,-1,-1,-1,-1,0,0,3223822203763,4.7249,3.3618,12.3779,-1,-1,164,6930,2104
stress-five-minute-soak,8180,23.7008,-1,21.1497,-1.0000,-1.0000,-1.0000,-1.0000,-1.0000,-1.0000,-1.0000,-1.0000,-1.0000,-1,-1,-1,-1,-1,-1,-1,-1,-1,0,0,3223845012132,4.3384,3.5561,11.9480,-1,-1,164,6932,2106
stress-five-minute-soak,8392,24.8754,-1,11.3070,-1.0000,-1.0000,-1.0000,-1.0000,-1.0000,-1.0000,-1.0000,-1.0000,-1.0000,-1,-1,-1,-1,-1,-1,-1,-1,-1,0,0,3223875200670,6.5814,3.5451,8.8541,-1,-1,164,6930,2104
stress-five-minute-soak,8393,79.9430,-1,25.3911,-1.0000,-1.0000,-1.0000,-1.0000,-1.0000,-1.0000,-1.0000,-1.0000,-1.0000,-1,-1,-1,-1,-1,-1,-1,-1,-1,0,0,3223875355096,4.5015,3.7306,7.4923,-1,-1,164,6930,2104
stress-five-minute-soak,8394,79.8945,-1,79.0633,-1.0000,-1.0000,-1.0000,-1.0000,-1.0000,-1.0000,-1.0000,-1.0000,-1.0000,-1,-1,-1,-1,-1,-1,-1,-1,-1,0,0,3223875475142,5.3018,3.3532,6.1056,-1,-1,164,6930,2104
stress-five-minute-soak,8395,49.3316,-1,79.8948,-1.0000,-1.0000,-1.0000,-1.0000,-1.0000,-1.0000,-1.0000,-1.0000,-1.0000,-1,-1,-1,-1,-1,-1,-1,-1,-1,0,0,3223875589329,10.3493,3.5658,14.5141,-1,-1,164,6930,2104
stress-five-minute-soak,8441,25.1702,-1,21.9866,-1.0000,-1.0000,-1.0000,-1.0000,-1.0000,-1.0000,-1.0000,-1.0000,-1.0000,-1,-1,-1,-1,-1,-1,-1,-1,-1,0,0,3223883683239,4.8210,3.7445,12.5657,-1,-1,164,6931,2105
stress-five-minute-soak,8442,27.7355,-1,25.6566,-1.0000,-1.0000,-1.0000,-1.0000,-1.0000,-1.0000,-1.0000,-1.0000,-1.0000,-1,-1,-1,-1,-1,-1,-1,-1,-1,0,0,3223883857170,4.6353,3.7001,10.7294,-1,-1,164,6931,2105
stress-five-minute-soak,8443,27.4377,-1,27.2402,-1.0000,-1.0000,-1.0000,-1.0000,-1.0000,-1.0000,-1.0000,-1.0000,-1.0000,-1,-1,-1,-1,-1,-1,-1,-1,-1,0,0,3223884010925,4.9455,3.7976,17.2171,-1,-1,164,6932,2106
stress-five-minute-soak,8444,27.7606,-1,27.5395,-1.0000,-1.0000,-1.0000,-1.0000,-1.0000,-1.0000,-1.0000,-1.0000,-1.0000,-1,-1,-1,-1,-1,-1,-1,-1,-1,0,0,3223884232666,14.8975,5.2652,10.2612,-1,-1,164,6932,2106
stress-five-minute-soak,8445,25.5110,-1,27.0029,-1.0000,-1.0000,-1.0000,-1.0000,-1.0000,-1.0000,-1.0000,-1.0000,-1.0000,-1,-1,-1,-1,-1,-1,-1,-1,-1,0,0,3223884484358,7.1062,4.1824,20.6202,-1,-1,164,6932,2106
stress-five-minute-soak,8446,27.2874,-1,27.0725,-1.0000,-1.0000,-1.0000,-1.0000,-1.0000,-1.0000,-1.0000,-1.0000,-1.0000,-1,-1,-1,-1,-1,-1,-1,-1,-1,0,0,3223884761739,11.6630,4.0451,15.7616,-1,-1,164,6932,2106
stress-five-minute-soak,8447,24.1413,-1,26.4233,-1.0000,-1.0000,-1.0000,-1.0000,-1.0000,-1.0000,-1.0000,-1.0000,-1.0000,-1,-1,-1,-1,-1,-1,-1,-1,-1,0,0,3223885036133,14.6103,4.2816,13.1368,-1,-1,164,6932,2106
stress-five-minute-soak,8476,22.5437,-1,19.3541,-1.0000,-1.0000,-1.0000,-1.0000,-1.0000,-1.0000,-1.0000,-1.0000,-1.0000,-1,-1,-1,-1,-1,-1,-1,-1,-1,0,0,3223889683671,10.8109,3.3155,5.9816,-1,-1,164,6932,2106
stress-five-minute-soak,8667,28.9586,-1,12.7590,-1.0000,-1.0000,-1.0000,-1.0000,-1.0000,-1.0000,-1.0000,-1.0000,-1.0000,-1,-1,-1,-1,-1,-1,-1,-1,-1,0,0,3223916329015,4.6917,3.5963,7.3712,-1,-1,164,6938,2112
stress-five-minute-soak,8668,73.1918,-1,28.3459,-1.0000,-1.0000,-1.0000,-1.0000,-1.0000,-1.0000,-1.0000,-1.0000,-1.0000,-1,-1,-1,-1,-1,-1,-1,-1,-1,0,0,3223916449749,5.9734,4.9486,5.8285,-1,-1,164,6938,2112
stress-five-minute-soak,8669,80.8616,-1,73.1156,-1.0000,-1.0000,-1.0000,-1.0000,-1.0000,-1.0000,-1.0000,-1.0000,-1.0000,-1,-1,-1,-1,-1,-1,-1,-1,-1,0,0,3223916567875,10.1811,3.3434,3.2300,-1,-1,164,6938,2112
stress-five-minute-soak,8670,32.6529,-1,80.2860,-1.0000,-1.0000,-1.0000,-1.0000,-1.0000,-1.0000,-1.0000,-1.0000,-1.0000,-1,-1,-1,-1,-1,-1,-1,-1,-1,0,0,3223916702124,4.1216,3.5632,24.8276,-1,-1,164,6937,2111
stress-five-minute-soak,8700,58.7578,-1,18.1212,-1.0000,-1.0000,-1.0000,-1.0000,-1.0000,-1.0000,-1.0000,-1.0000,-1.0000,-1,-1,-1,-1,-1,-1,-1,-1,-1,0,0,3223922281526,4.5644,3.4429,14.0437,-1,-1,164,6937,2111
stress-five-minute-soak,8701,79.5376,-1,57.6246,-1.0000,-1.0000,-1.0000,-1.0000,-1.0000,-1.0000,-1.0000,-1.0000,-1.0000,-1,-1,-1,-1,-1,-1,-1,-1,-1,0,0,3223922467703,4.3808,3.2162,13.4591,-1,-1,164,6937,2111
stress-five-minute-soak,8702,80.2329,-1,79.8065,-1.0000,-1.0000,-1.0000,-1.0000,-1.0000,-1.0000,-1.0000,-1.0000,-1.0000,-1,-1,-1,-1,-1,-1,-1,-1,-1,0,0,3223922646230,12.8515,3.6016,4.9494,-1,-1,164,6933,2111
stress-five-minute-soak,8703,75.6627,-1,79.6605,-1.0000,-1.0000,-1.0000,-1.0000,-1.0000,-1.0000,-1.0000,-1.0000,-1.0000,-1,-1,-1,-1,-1,-1,-1,-1,-1,0,0,3223922824363,3.9493,3.2831,54.7986,-1,-1,164,6937,2111
stress-five-minute-soak,8704,41.4637,-1,75.7396,-1.0000,-1.0000,-1.0000,-1.0000,-1.0000,-1.0000,-1.0000,-1.0000,-1.0000,-1,-1,-1,-1,-1,-1,-1,-1,-1,0,0,3223923411944,10.6508,3.3880,68.8769,-1,-1,164,6938,2112
stress-five-minute-soak,8705,27.2152,-1,41.7789,-1.0000,-1.0000,-1.0000,-1.0000,-1.0000,-1.0000,-1.0000,-1.0000,-1.0000,-1,-1,-1,-1,-1,-1,-1,-1,-1,0,0,3223924207325,17.6824,3.8752,62.5390,-1,-1,164,6938,2112
stress-five-minute-soak,8706,22.2902,-1,27.1503,-1.0000,-1.0000,-1.0000,-1.0000,-1.0000,-1.0000,-1.0000,-1.0000,-1.0000,-1,-1,-1,-1,-1,-1,-1,-1,-1,0,0,3223925009655,11.4700,3.7623,64.1812,-1,-1,164,6938,2112
stress-five-minute-soak,8737,60.8528,-1,17.4651,-1.0000,-1.0000,-1.0000,-1.0000,-1.0000,-1.0000,-1.0000,-1.0000,-1.0000,-1,-1,-1,-1,-1,-1,-1,-1,-1,0,0,3223930518850,11.6454,3.6652,6.2577,-1,-1,164,6938,2112
stress-five-minute-soak,8738,81.0860,-1,60.5348,-1.0000,-1.0000,-1.0000,-1.0000,-1.0000,-1.0000,-1.0000,-1.0000,-1.0000,-1,-1,-1,-1,-1,-1,-1,-1,-1,0,0,3223930698015,5.9235,3.8379,11.6339,-1,-1,164,6938,2112
stress-five-minute-soak,8739,77.8879,-1,79.2676,-1.0000,-1.0000,-1.0000,-1.0000,-1.0000,-1.0000,-1.0000,-1.0000,-1.0000,-1,-1,-1,-1,-1,-1,-1,-1,-1,0,0,3223930873702,4.6205,3.4164,12.9006,-1,-1,164,6938,2112
stress-five-minute-soak,8740,79.2491,-1,79.2343,-1.0000,-1.0000,-1.0000,-1.0000,-1.0000,-1.0000,-1.0000,-1.0000,-1.0000,-1,-1,-1,-1,-1,-1,-1,-1,-1,0,0,3223931049005,11.3022,3.1847,49.5380,-1,-1,164,6937,2111
stress-five-minute-soak,8741,81.2079,-1,79.7184,-1.0000,-1.0000,-1.0000,-1.0000,-1.0000,-1.0000,-1.0000,-1.0000,-1.0000,-1,-1,-1,-1,-1,-1,-1,-1,-1,0,0,3223931657521,12.2403,3.6503,68.8476,-1,-1,164,6933,2111
stress-five-minute-soak,8742,32.7693,-1,-1.0000,-1.0000,-1.0000,-1.0000,-1.0000,-1.0000,-1.0000,-1.0000,-1.0000,-1.0000,-1,-1,-1,-1,-1,-1,-1,-1,-1,0,0,3223932468617,37.4814,3.2770,40.3533,-1,-1,164,6937,2111
stress-five-minute-soak,8774,35.7277,-1,14.1824,-1.0000,-1.0000,-1.0000,-1.0000,-1.0000,-1.0000,-1.0000,-1.0000,-1.0000,-1,-1,-1,-1,-1,-1,-1,-1,-1,0,0,3223938881038,4.7834,3.2065,13.2424,-1,-1,164,6937,2111
stress-five-minute-soak,8775,33.1956,-1,36.1226,-1.0000,-1.0000,-1.0000,-1.0000,-1.0000,-1.0000,-1.0000,-1.0000,-1.0000,-1,-1,-1,-1,-1,-1,-1,-1,-1,0,0,3223939061414,9.9027,3.2461,6.9039,-1,-1,164,6937,2111
stress-five-minute-soak,8776,29.8375,-1,32.4314,-1.0000,-1.0000,-1.0000,-1.0000,-1.0000,-1.0000,-1.0000,-1.0000,-1.0000,-1,-1,-1,-1,-1,-1,-1,-1,-1,0,0,3223939229592,4.4455,3.7777,9.5975,-1,-1,164,6937,2111
stress-five-minute-soak,8777,25.2212,-1,28.8330,-1.0000,-1.0000,-1.0000,-1.0000,-1.0000,-1.0000,-1.0000,-1.0000,-1.0000,-1,-1,-1,-1,-1,-1,-1,-1,-1,0,0,3223939370137,4.8179,3.3616,30.8998,-1,-1,164,6938,2112
stress-five-minute-soak,8778,23.5868,-1,26.0813,-1.0000,-1.0000,-1.0000,-1.0000,-1.0000,-1.0000,-1.0000,-1.0000,-1.0000,-1,-1,-1,-1,-1,-1,-1,-1,-1,0,0,3223939727424,10.2976,3.3912,22.8858,-1,-1,164,6938,2112
stress-five-minute-soak,8779,23.6135,-1,24.2808,-1.0000,-1.0000,-1.0000,-1.0000,-1.0000,-1.0000,-1.0000,-1.0000,-1.0000,-1,-1,-1,-1,-1,-1,-1,-1,-1,0,0,3223940059370,12.3718,4.6107,17.4710,-1,-1,164,6938,2112
stress-five-minute-soak,9037,28.3760,-1,18.3949,-1.0000,-1.0000,-1.0000,-1.0000,-1.0000,-1.0000,-1.0000,-1.0000,-1.0000,-1,-1,-1,-1,-1,-1,-1,-1,-1,0,0,3223975832859,4.3476,4.2511,8.0444,-1,-1,164,6940,2114
stress-five-minute-soak,9038,34.2639,-1,28.8748,-1.0000,-1.0000,-1.0000,-1.0000,-1.0000,-1.0000,-1.0000,-1.0000,-1.0000,-1,-1,-1,-1,-1,-1,-1,-1,-1,0,0,3223975956886,4.6984,3.4197,7.3409,-1,-1,164,6940,2114
stress-five-minute-soak,9039,34.6887,-1,33.3184,-1.0000,-1.0000,-1.0000,-1.0000,-1.0000,-1.0000,-1.0000,-1.0000,-1.0000,-1,-1,-1,-1,-1,-1,-1,-1,-1,0,0,3223976077393,10.4173,3.4349,7.5255,-1,-1,164,6940,2114
stress-five-minute-soak,9040,33.6946,-1,-1.0000,-1.0000,-1.0000,-1.0000,-1.0000,-1.0000,-1.0000,-1.0000,-1.0000,-1.0000,-1,-1,-1,-1,-1,-1,-1,-1,-1,0,0,3223976256947,5.8714,3.1367,22.4958,-1,-1,164,6940,2114
stress-five-minute-soak,9041,35.4240,-1,33.6612,-1.0000,-1.0000,-1.0000,-1.0000,-1.0000,-1.0000,-1.0000,-1.0000,-1.0000,-1,-1,-1,-1,-1,-1,-1,-1,-1,0,0,3223976540728,10.3903,3.4521,23.8597,-1,-1,164,6940,2114
stress-five-minute-soak,9042,31.4743,-1,32.1841,-1.0000,-1.0000,-1.0000,-1.0000,-1.0000,-1.0000,-1.0000,-1.0000,-1.0000,-1,-1,-1,-1,-1,-1,-1,-1,-1,0,0,3223976883345,5.4000,3.7793,29.2971,-1,-1,164,6940,2114
stress-five-minute-soak,9043,24.6107,-1,30.3101,-1.0000,-1.0000,-1.0000,-1.0000,-1.0000,-1.0000,-1.0000,-1.0000,-1.0000,-1,-1,-1,-1,-1,-1,-1,-1,-1,0,0,3223977230536,33.2710,3.1448,0.3597,-1,-1,164,6938,2114
stress-five-minute-soak,9044,23.3822,-1,24.5706,-1.0000,-1.0000,-1.0000,-1.0000,-1.0000,-1.0000,-1.0000,-1.0000,-1.0000,-1,-1,-1,-1,-1,-1,-1,-1,-1,0,0,3223977567152,13.2338,3.0377,22.1955,-1,-1,164,6936,2114
stress-five-minute-soak,9045,23.3515,-1,-1.0000,-1.0000,-1.0000,-1.0000,-1.0000,-1.0000,-1.0000,-1.0000,-1.0000,-1.0000,-1,-1,-1,-1,-1,-1,-1,-1,-1,0,0,3223977921512,5.6856,3.2801,25.7693,-1,-1,164,6940,2118
stress-five-minute-soak,9046,22.8077,-1,20.4859,-1.0000,-1.0000,-1.0000,-1.0000,-1.0000,-1.0000,-1.0000,-1.0000,-1.0000,-1,-1,-1,-1,-1,-1,-1,-1,-1,0,0,3223978236164,10.0638,3.6115,14.5358,-1,-1,164,6944,2118
stress-five-minute-soak,9086,33.9223,-1,12.7695,-1.0000,-1.0000,-1.0000,-1.0000,-1.0000,-1.0000,-1.0000,-1.0000,-1.0000,-1,-1,-1,-1,-1,-1,-1,-1,-1,0,0,3223983896859,4.5698,3.3842,6.8070,-1,-1,164,6944,2118
stress-five-minute-soak,9087,79.3470,-1,30.2269,-1.0000,-1.0000,-1.0000,-1.0000,-1.0000,-1.0000,-1.0000,-1.0000,-1.0000,-1,-1,-1,-1,-1,-1,-1,-1,-1,0,0,3223984010754,6.5434,5.0187,5.4594,-1,-1,164,6944,2118
stress-five-minute-soak,9088,80.1047,-1,78.1839,-1.0000,-1.0000,-1.0000,-1.0000,-1.0000,-1.0000,-1.0000,-1.0000,-1.0000,-1,-1,-1,-1,-1,-1,-1,-1,-1,0,0,3223984130900,12.0713,3.5939,0.0133,-1,-1,164,6944,2118
stress-five-minute-soak,9120,27.9341,-1,12.2143,-1.0000,-1.0000,-1.0000,-1.0000,-1.0000,-1.0000,-1.0000,-1.0000,-1.0000,-1,-1,-1,-1,-1,-1,-1,-1,-1,0,0,3223989916484,4.7578,4.4122,8.1011,-1,-1,164,6946,2120
stress-five-minute-soak,9121,34.3944,-1,27.3428,-1.0000,-1.0000,-1.0000,-1.0000,-1.0000,-1.0000,-1.0000,-1.0000,-1.0000,-1,-1,-1,-1,-1,-1,-1,-1,-1,0,0,3223990045189,13.4581,4.3249,0.4171,-1,-1,164,6946,2120
stress-five-minute-soak,9122,35.0591,-1,34.2374,-1.0000,-1.0000,-1.0000,-1.0000,-1.0000,-1.0000,-1.0000,-1.0000,-1.0000,-1,-1,-1,-1,-1,-1,-1,-1,-1,0,0,3223990184068,5.3538,3.4973,10.5573,-1,-1,164,6946,2120
stress-five-minute-soak,9123,35.5306,-1,35.2873,-1.0000,-1.0000,-1.0000,-1.0000,-1.0000,-1.0000,-1.0000,-1.0000,-1.0000,-1,-1,-1,-1,-1,-1,-1,-1,-1,0,0,3223990343245,4.9441,3.1987,22.9826,-1,-1,164,6946,2120
stress-five-minute-soak,9124,35.0204,-1,35.3444,-1.0000,-1.0000,-1.0000,-1.0000,-1.0000,-1.0000,-1.0000,-1.0000,-1.0000,-1,-1,-1,-1,-1,-1,-1,-1,-1,0,0,3223990622629,11.1459,3.7749,23.2315,-1,-1,164,6946,2120
stress-five-minute-soak,9125,32.5280,-1,34.9637,-1.0000,-1.0000,-1.0000,-1.0000,-1.0000,-1.0000,-1.0000,-1.0000,-1.0000,-1,-1,-1,-1,-1,-1,-1,-1,-1,0,0,3223990966522,5.2722,3.5838,29.7780,-1,-1,164,6946,2120
stress-five-minute-soak,9126,29.0020,-1,32.6390,-1.0000,-1.0000,-1.0000,-1.0000,-1.0000,-1.0000,-1.0000,-1.0000,-1.0000,-1,-1,-1,-1,-1,-1,-1,-1,-1,0,0,3223991317114,10.3982,3.8876,25.1222,-1,-1,164,6947,2121
stress-five-minute-soak,9127,24.1418,-1,28.8353,-1.0000,-1.0000,-1.0000,-1.0000,-1.0000,-1.0000,-1.0000,-1.0000,-1.0000,-1,-1,-1,-1,-1,-1,-1,-1,-1,0,0,3223991672428,12.1515,3.1784,22.8591,-1,-1,164,6947,2121
stress-five-minute-soak,9213,22.5199,-1,12.3141,-1.0000,-1.0000,-1.0000,-1.0000,-1.0000,-1.0000,-1.0000,-1.0000,-1.0000,-1,-1,-1,-1,-1,-1,-1,-1,-1,0,0,3224004300996,4.7299,3.6408,7.3277,-1,-1,164,6948,2122
stress-five-minute-soak,9214,22.6138,-1,19.0484,-1.0000,-1.0000,-1.0000,-1.0000,-1.0000,-1.0000,-1.0000,-1.0000,-1.0000,-1,-1,-1,-1,-1,-1,-1,-1,-1,0,0,3224004421686,6.8263,4.5446,5.0879,-1,-1,164,6948,2122
stress-five-minute-soak,9215,22.2831,-1,22.5055,-1.0000,-1.0000,-1.0000,-1.0000,-1.0000,-1.0000,-1.0000,-1.0000,-1.0000,-1,-1,-1,-1,-1,-1,-1,-1,-1,0,0,3224004541180,11.1054,3.5555,1.0415,-1,-1,164,6948,2122
stress-five-minute-soak,9216,22.4738,-1,22.7860,-1.0000,-1.0000,-1.0000,-1.0000,-1.0000,-1.0000,-1.0000,-1.0000,-1.0000,-1,-1,-1,-1,-1,-1,-1,-1,-1,0,0,3224004662772,5.2071,3.5099,17.3105,-1,-1,164,6948,2122
stress-five-minute-soak,9217,24.2508,-1,22.9089,-1.0000,-1.0000,-1.0000,-1.0000,-1.0000,-1.0000,-1.0000,-1.0000,-1.0000,-1,-1,-1,-1,-1,-1,-1,-1,-1,0,0,3224004888011,4.7572,3.7769,17.8437,-1,-1,164,6948,2122
stress-five-minute-soak,9218,22.4145,-1,23.0369,-1.0000,-1.0000,-1.0000,-1.0000,-1.0000,-1.0000,-1.0000,-1.0000,-1.0000,-1,-1,-1,-1,-1,-1,-1,-1,-1,0,0,3224005114146,11.6124,3.3250,10.6593,-1,-1,164,6948,2122
stress-five-minute-soak,9219,22.7884,-1,22.8378,-1.0000,-1.0000,-1.0000,-1.0000,-1.0000,-1.0000,-1.0000,-1.0000,-1.0000,-1,-1,-1,-1,-1,-1,-1,-1,-1,0,0,3224005336972,4.2571,3.2191,18.2075,-1,-1,164,6948,2122
stress-five-minute-soak,9220,23.3796,-1,22.8657,-1.0000,-1.0000,-1.0000,-1.0000,-1.0000,-1.0000,-1.0000,-1.0000,-1.0000,-1,-1,-1,-1,-1,-1,-1,-1,-1,0,0,3224005561714,10.2248,4.1445,14.0170,-1,-1,164,6948,2122
stress-five-minute-soak,9298,25.3972,-1,12.2460,-1.0000,-1.0000,-1.0000,-1.0000,-1.0000,-1.0000,-1.0000,-1.0000,-1.0000,-1,-1,-1,-1,-1,-1,-1,-1,-1,0,0,3224016647349,6.4689,3.8354,9.0829,-1,-1,164,6952,2126
stress-five-minute-soak,9299,33.4611,-1,25.4418,-1.0000,-1.0000,-1.0000,-1.0000,-1.0000,-1.0000,-1.0000,-1.0000,-1.0000,-1,-1,-1,-1,-1,-1,-1,-1,-1,0,0,3224016802935,5.1976,3.9431,6.0028,-1,-1,164,6952,2126
stress-five-minute-soak,9300,35.4838,-1,33.2984,-1.0000,-1.0000,-1.0000,-1.0000,-1.0000,-1.0000,-1.0000,-1.0000,-1.0000,-1,-1,-1,-1,-1,-1,-1,-1,-1,0,0,3224016915064,4.9336,4.4611,7.6515,-1,-1,164,6952,2126
stress-five-minute-soak,9301,34.9754,-1,35.3372,-1.0000,-1.0000,-1.0000,-1.0000,-1.0000,-1.0000,-1.0000,-1.0000,-1.0000,-1,-1,-1,-1,-1,-1,-1,-1,-1,0,0,3224017041038,12.0010,3.2199,13.3807,-1,-1,164,6952,2126
stress-five-minute-soak,9302,32.2498,-1,34.7794,-1.0000,-1.0000,-1.0000,-1.0000,-1.0000,-1.0000,-1.0000,-1.0000,-1.0000,-1,-1,-1,-1,-1,-1,-1,-1,-1,0,0,3224017294984,6.4070,4.7194,27.0516,-1,-1,164,6948,2126
stress-five-minute-soak,9303,31.4180,-1,32.7427,-1.0000,-1.0000,-1.0000,-1.0000,-1.0000,-1.0000,-1.0000,-1.0000,-1.0000,-1,-1,-1,-1,-1,-1,-1,-1,-1,0,0,3224017629716,15.4614,4.3076,20.0002,-1,-1,164,6948,2126
stress-five-minute-soak,9304,26.7951,-1,31.8300,-1.0000,-1.0000,-1.0000,-1.0000,-1.0000,-1.0000,-1.0000,-1.0000,-1.0000,-1,-1,-1,-1,-1,-1,-1,-1,-1,0,0,3224017984474,5.5572,4.0654,29.4078,-1,-1,164,6950,2126
stress-five-minute-soak,9347,27.2113,-1,22.6931,-1.0000,-1.0000,-1.0000,-1.0000,-1.0000,-1.0000,-1.0000,-1.0000,-1.0000,-1,-1,-1,-1,-1,-1,-1,-1,-1,0,0,3224024901735,3.9851,3.2211,6.9022,-1,-1,164,6956,2130
stress-five-minute-soak,9348,28.1672,-1,27.0382,-1.0000,-1.0000,-1.0000,-1.0000,-1.0000,-1.0000,-1.0000,-1.0000,-1.0000,-1,-1,-1,-1,-1,-1,-1,-1,-1,0,0,3224025010713,5.1645,3.3269,10.9501,-1,-1,164,6956,2130
stress-five-minute-soak,9349,28.2552,-1,28.2596,-1.0000,-1.0000,-1.0000,-1.0000,-1.0000,-1.0000,-1.0000,-1.0000,-1.0000,-1,-1,-1,-1,-1,-1,-1,-1,-1,0,0,3224025171949,12.2556,3.6261,9.7653,-1,-1,164,6956,2130
stress-five-minute-soak,9350,28.9953,-1,28.1114,-1.0000,-1.0000,-1.0000,-1.0000,-1.0000,-1.0000,-1.0000,-1.0000,-1.0000,-1,-1,-1,-1,-1,-1,-1,-1,-1,0,0,3224025392262,4.3501,3.4346,22.8511,-1,-1,164,6956,2130
stress-five-minute-soak,9351,26.3915,-1,-1.0000,-1.0000,-1.0000,-1.0000,-1.0000,-1.0000,-1.0000,-1.0000,-1.0000,-1.0000,-1,-1,-1,-1,-1,-1,-1,-1,-1,0,0,3224025664368,10.8433,3.3478,17.3131,-1,-1,164,6956,2130
stress-five-minute-soak,9352,29.6291,-1,26.9133,-1.0000,-1.0000,-1.0000,-1.0000,-1.0000,-1.0000,-1.0000,-1.0000,-1.0000,-1,-1,-1,-1,-1,-1,-1,-1,-1,0,0,3224025946051,4.3489,3.5358,23.8954,-1,-1,164,6956,2130
stress-five-minute-soak,9353,24.8716,-1,25.0860,-1.0000,-1.0000,-1.0000,-1.0000,-1.0000,-1.0000,-1.0000,-1.0000,-1.0000,-1,-1,-1,-1,-1,-1,-1,-1,-1,0,0,3224026228610,10.6921,5.0411,18.3053,-1,-1,164,6956,2130
stress-five-minute-soak,9396,24.6059,-1,17.1461,-1.0000,-1.0000,-1.0000,-1.0000,-1.0000,-1.0000,-1.0000,-1.0000,-1.0000,-1,-1,-1,-1,-1,-1,-1,-1,-1,0,0,3224033115323,12.9357,3.7259,0.0084,-1,-1,164,6954,2132
stress-five-minute-soak,9397,25.1295,-1,24.3546,-1.0000,-1.0000,-1.0000,-1.0000,-1.0000,-1.0000,-1.0000,-1.0000,-1.0000,-1,-1,-1,-1,-1,-1,-1,-1,-1,0,0,3224033244878,5.1716,3.3502,10.1951,-1,-1,164,6954,2132
stress-five-minute-soak,9398,24.7911,-1,25.2355,-1.0000,-1.0000,-1.0000,-1.0000,-1.0000,-1.0000,-1.0000,-1.0000,-1.0000,-1,-1,-1,-1,-1,-1,-1,-1,-1,0,0,3224033398598,5.5828,3.2601,11.7475,-1,-1,164,6958,2132
stress-five-minute-soak,9399,26.5417,-1,25.5923,-1.0000,-1.0000,-1.0000,-1.0000,-1.0000,-1.0000,-1.0000,-1.0000,-1.0000,-1,-1,-1,-1,-1,-1,-1,-1,-1,0,0,3224033572015,10.0030,3.0890,14.5906,-1,-1,164,6958,2132
stress-five-minute-soak,9400,25.6374,-1,25.5263,-1.0000,-1.0000,-1.0000,-1.0000,-1.0000,-1.0000,-1.0000,-1.0000,-1.0000,-1,-1,-1,-1,-1,-1,-1,-1,-1,0,0,3224033818068,4.6098,3.2789,20.5084,-1,-1,164,6958,2132
stress-five-minute-soak,9401,26.4417,-1,25.6435,-1.0000,-1.0000,-1.0000,-1.0000,-1.0000,-1.0000,-1.0000,-1.0000,-1.0000,-1,-1,-1,-1,-1,-1,-1,-1,-1,0,0,3224034069355,10.0411,3.1003,14.7424,-1,-1,164,6958,2132
stress-five-minute-soak,9402,24.6052,-1,25.5770,-1.0000,-1.0000,-1.0000,-1.0000,-1.0000,-1.0000,-1.0000,-1.0000,-1.0000,-1,-1,-1,-1,-1,-1,-1,-1,-1,0,0,3224034317314,4.1947,3.1192,22.3327,-1,-1,164,6958,2132
stress-five-minute-soak,9553,23.4651,-1,22.2771,-1.0000,-1.0000,-1.0000,-1.0000,-1.0000,-1.0000,-1.0000,-1.0000,-1.0000,-1,-1,-1,-1,-1,-1,-1,-1,-1,0,0,3224055834619,4.1693,3.2997,13.0514,-1,-1,164,6963,2137
stress-five-minute-soak,9554,25.0239,-1,-1.0000,-1.0000,-1.0000,-1.0000,-1.0000,-1.0000,-1.0000,-1.0000,-1.0000,-1.0000,-1,-1,-1,-1,-1,-1,-1,-1,-1,0,0,3224056006940,4.3835,3.1705,16.2034,-1,-1,164,6963,2137
stress-five-minute-soak,9555,24.5198,-1,22.3775,-1.0000,-1.0000,-1.0000,-1.0000,-1.0000,-1.0000,-1.0000,-1.0000,-1.0000,-1,-1,-1,-1,-1,-1,-1,-1,-1,0,0,3224056212919,10.1680,3.4305,11.8890,-1,-1,164,6963,2137
stress-five-minute-soak,9556,29.5213,-1,-1.0000,-1.0000,-1.0000,-1.0000,-1.0000,-1.0000,-1.0000,-1.0000,-1.0000,-1.0000,-1,-1,-1,-1,-1,-1,-1,-1,-1,0,0,3224056433600,5.5977,5.7456,17.8728,-1,-1,164,6963,2137
stress-five-minute-soak,9557,24.5527,-1,20.5299,-1.0000,-1.0000,-1.0000,-1.0000,-1.0000,-1.0000,-1.0000,-1.0000,-1.0000,-1,-1,-1,-1,-1,-1,-1,-1,-1,0,0,3224056668471,24.9550,3.4862,0.0129,-1,-1,164,6963,2137
stress-five-minute-soak,9699,22.5966,-1,21.4871,-1.0000,-1.0000,-1.0000,-1.0000,-1.0000,-1.0000,-1.0000,-1.0000,-1.0000,-1,-1,-1,-1,-1,-1,-1,-1,-1,0,0,3224076370293,4.6063,3.5074,8.0256,-1,-1,164,6964,2138
stress-five-minute-soak,9700,25.3660,-1,23.0559,-1.0000,-1.0000,-1.0000,-1.0000,-1.0000,-1.0000,-1.0000,-1.0000,-1.0000,-1,-1,-1,-1,-1,-1,-1,-1,-1,0,0,3224076496695,4.5884,3.0357,10.9336,-1,-1,164,6964,2138
stress-five-minute-soak,9701,23.4749,-1,24.2998,-1.0000,-1.0000,-1.0000,-1.0000,-1.0000,-1.0000,-1.0000,-1.0000,-1.0000,-1,-1,-1,-1,-1,-1,-1,-1,-1,0,0,3224076652009,11.5287,3.4429,10.0461,-1,-1,164,6964,2138
stress-five-minute-soak,9702,24.7466,-1,24.3364,-1.0000,-1.0000,-1.0000,-1.0000,-1.0000,-1.0000,-1.0000,-1.0000,-1.0000,-1,-1,-1,-1,-1,-1,-1,-1,-1,0,0,3224076867862,5.0689,3.3012,17.5177,-1,-1,164,6964,2138
stress-five-minute-soak,9703,23.4172,-1,24.1869,-1.0000,-1.0000,-1.0000,-1.0000,-1.0000,-1.0000,-1.0000,-1.0000,-1.0000,-1,-1,-1,-1,-1,-1,-1,-1,-1,0,0,3224077093843,10.3846,3.2209,14.9706,-1,-1,164,6964,2138
stress-five-minute-soak,9704,25.0799,-1,24.2388,-1.0000,-1.0000,-1.0000,-1.0000,-1.0000,-1.0000,-1.0000,-1.0000,-1.0000,-1,-1,-1,-1,-1,-1,-1,-1,-1,0,0,3224077347499,4.1295,3.9122,19.3377,-1,-1,164,6964,2138
stress-five-minute-soak,9705,23.1861,-1,24.0195,-1.0000,-1.0000,-1.0000,-1.0000,-1.0000,-1.0000,-1.0000,-1.0000,-1.0000,-1,-1,-1,-1,-1,-1,-1,-1,-1,0,0,3224077582398,12.1406,3.3973,12.5770,-1,-1,164,6960,2138
stress-five-minute-soak,9765,23.9693,-1,14.7108,-1.0000,-1.0000,-1.0000,-1.0000,-1.0000,-1.0000,-1.0000,-1.0000,-1.0000,-1,-1,-1,-1,-1,-1,-1,-1,-1,0,0,3224086309362,5.5157,4.7183,5.9314,-1,-1,164,6965,2139
stress-five-minute-soak,9766,24.5095,-1,22.1583,-1.0000,-1.0000,-1.0000,-1.0000,-1.0000,-1.0000,-1.0000,-1.0000,-1.0000,-1,-1,-1,-1,-1,-1,-1,-1,-1,0,0,3224086423953,6.4676,3.5006,4.2039,-1,-1,164,6965,2139
stress-five-minute-soak,9767,27.3069,-1,25.7270,-1.0000,-1.0000,-1.0000,-1.0000,-1.0000,-1.0000,-1.0000,-1.0000,-1.0000,-1,-1,-1,-1,-1,-1,-1,-1,-1,0,0,3224086530772,10.6062,3.3561,3.7717,-1,-1,164,6969,2143
stress-five-minute-soak,9768,26.3510,-1,26.3268,-1.0000,-1.0000,-1.0000,-1.0000,-1.0000,-1.0000,-1.0000,-1.0000,-1.0000,-1,-1,-1,-1,-1,-1,-1,-1,-1,0,0,3224086674664,4.4679,8.3118,19.5099,-1,-1,164,6969,2143
stress-five-minute-soak,9769,25.9792,-1,26.7244,-1.0000,-1.0000,-1.0000,-1.0000,-1.0000,-1.0000,-1.0000,-1.0000,-1.0000,-1,-1,-1,-1,-1,-1,-1,-1,-1,0,0,3224086914606,13.6225,3.1431,10.8379,-1,-1,164,6969,2143
stress-five-minute-soak,9770,24.6382,-1,25.9075,-1.0000,-1.0000,-1.0000,-1.0000,-1.0000,-1.0000,-1.0000,-1.0000,-1.0000,-1,-1,-1,-1,-1,-1,-1,-1,-1,0,0,3224087159504,12.8978,3.0867,14.3920,-1,-1,164,6969,2143
stress-five-minute-soak,9771,25.9639,-1,25.3827,-1.0000,-1.0000,-1.0000,-1.0000,-1.0000,-1.0000,-1.0000,-1.0000,-1.0000,-1,-1,-1,-1,-1,-1,-1,-1,-1,0,0,3224087432539,4.4871,3.6206,21.8514,-1,-1,164,6967,2143
stress-five-minute-soak,9802,48.2569,-1,16.0522,-1.0000,-1.0000,-1.0000,-1.0000,-1.0000,-1.0000,-1.0000,-1.0000,-1.0000,-1,-1,-1,-1,-1,-1,-1,-1,-1,0,0,3224092394473,4.5322,2.4483,12.7742,-1,-1,164,6969,2143
stress-five-minute-soak,9803,81.6003,-1,48.2138,-1.0000,-1.0000,-1.0000,-1.0000,-1.0000,-1.0000,-1.0000,-1.0000,-1.0000,-1,-1,-1,-1,-1,-1,-1,-1,-1,0,0,3224092567630,12.1858,3.2602,5.4514,-1,-1,164,6969,2143
stress-five-minute-soak,9804,79.7925,-1,80.4244,-1.0000,-1.0000,-1.0000,-1.0000,-1.0000,-1.0000,-1.0000,-1.0000,-1.0000,-1,-1,-1,-1,-1,-1,-1,-1,-1,0,0,3224092744097,4.1623,3.4306,11.6517,-1,-1,164,6964,2142
stress-five-minute-soak,9805,80.5769,-1,80.3067,-1.0000,-1.0000,-1.0000,-1.0000,-1.0000,-1.0000,-1.0000,-1.0000,-1.0000,-1,-1,-1,-1,-1,-1,-1,-1,-1,0,0,3224092902339,4.7706,3.7069,43.4766,-1,-1,164,6968,2142
stress-five-minute-soak,9806,78.9743,-1,79.8351,-1.0000,-1.0000,-1.0000,-1.0000,-1.0000,-1.0000,-1.0000,-1.0000,-1.0000,-1,-1,-1,-1,-1,-1,-1,-1,-1,0,0,3224093384913,9.9512,3.4580,71.6549,-1,-1,164,6968,2142
stress-five-minute-soak,9807,41.4741,-1,79.3270,-1.0000,-1.0000,-1.0000,-1.0000,-1.0000,-1.0000,-1.0000,-1.0000,-1.0000,-1,-1,-1,-1,-1,-1,-1,-1,-1,0,0,3224094201140,24.5860,3.2624,55.1557,-1,-1,164,6968,2142
stress-five-minute-soak,9837,49.1882,-1,17.5488,-1.0000,-1.0000,-1.0000,-1.0000,-1.0000,-1.0000,-1.0000,-1.0000,-1.0000,-1,-1,-1,-1,-1,-1,-1,-1,-1,0,0,3224100453984,4.3989,3.2277,12.9530,-1,-1,164,6968,2142
stress-five-minute-soak,9838,81.1856,-1,48.6636,-1.0000,-1.0000,-1.0000,-1.0000,-1.0000,-1.0000,-1.0000,-1.0000,-1.0000,-1,-1,-1,-1,-1,-1,-1,-1,-1,0,0,3224100627618,10.4208,3.3292,7.6696,-1,-1,164,6968,2142
stress-five-minute-soak,9839,78.8327,-1,79.8203,-1.0000,-1.0000,-1.0000,-1.0000,-1.0000,-1.0000,-1.0000,-1.0000,-1.0000,-1,-1,-1,-1,-1,-1,-1,-1,-1,0,0,3224100808614,4.2093,3.3294,12.6865,-1,-1,164,6969,2143
stress-five-minute-soak,9840,79.1095,-1,79.7924,-1.0000,-1.0000,-1.0000,-1.0000,-1.0000,-1.0000,-1.0000,-1.0000,-1.0000,-1,-1,-1,-1,-1,-1,-1,-1,-1,0,0,3224100977669,5.0333,3.1332,44.1478,-1,-1,164,6969,2143
stress-five-minute-soak,9841,61.1232,-1,78.4282,-1.0000,-1.0000,-1.0000,-1.0000,-1.0000,-1.0000,-1.0000,-1.0000,-1.0000,-1,-1,-1,-1,-1,-1,-1,-1,-1,0,0,3224101469577,11.7179,3.6529,69.4905,-1,-1,164,6964,2142
stress-five-minute-soak,9842,29.2174,-1,60.5635,-1.0000,-1.0000,-1.0000,-1.0000,-1.0000,-1.0000,-1.0000,-1.0000,-1.0000,-1,-1,-1,-1,-1,-1,-1,-1,-1,0,0,3224102281863,45.2168,3.7087,33.5433,-1,-1,164,6968,2142
stress-five-minute-soak,9843,23.9073,-1,29.5311,-1.0000,-1.0000,-1.0000,-1.0000,-1.0000,-1.0000,-1.0000,-1.0000,-1.0000,-1,-1,-1,-1,-1,-1,-1,-1,-1,0,0,3224103069760,19.5157,3.9944,59.5845,-1,-1,164,6968,2142
stress-five-minute-soak,9875,40.2190,-1,17.7011,-1.0000,-1.0000,-1.0000,-1.0000,-1.0000,-1.0000,-1.0000,-1.0000,-1.0000,-1,-1,-1,-1,-1,-1,-1,-1,-1,0,0,3224108817440,4.9980,3.8786,12.9839,-1,-1,164,6968,2142
stress-five-minute-soak,9876,79.9564,-1,40.0159,-1.0000,-1.0000,-1.0000,-1.0000,-1.0000,-1.0000,-1.0000,-1.0000,-1.0000,-1,-1,-1,-1,-1,-1,-1,-1,-1,0,0,3224108997360,4.8345,3.8908,5.9809,-1,-1,164,6968,2142
stress-five-minute-soak,9877,80.9626,-1,80.3648,-1.0000,-1.0000,-1.0000,-1.0000,-1.0000,-1.0000,-1.0000,-1.0000,-1.0000,-1,-1,-1,-1,-1,-1,-1,-1,-1,0,0,3224109105630,10.5944,3.7913,7.6143,-1,-1,164,6968,2142
stress-five-minute-soak,9878,80.3562,-1,80.0860,-1.0000,-1.0000,-1.0000,-1.0000,-1.0000,-1.0000,-1.0000,-1.0000,-1.0000,-1,-1,-1,-1,-1,-1,-1,-1,-1,0,0,3224109287794,4.5146,3.7013,35.6955,-1,-1,164,6969,2143
stress-five-minute-soak,9879,81.1828,-1,80.2619,-1.0000,-1.0000,-1.0000,-1.0000,-1.0000,-1.0000,-1.0000,-1.0000,-1.0000,-1,-1,-1,-1,-1,-1,-1,-1,-1,0,0,3224109689987,10.9512,2.9509,68.9994,-1,-1,164,6971,2145
stress-five-minute-soak,9880,46.5813,-1,80.6810,-1.0000,-1.0000,-1.0000,-1.0000,-1.0000,-1.0000,-1.0000,-1.0000,-1.0000,-1,-1,-1,-1,-1,-1,-1,-1,-1,0,0,3224110489602,18.4948,3.8427,62.4582,-1,-1,164,6971,2145
stress-five-minute-soak,9881,23.5213,-1,-1.0000,-1.0000,-1.0000,-1.0000,-1.0000,-1.0000,-1.0000,-1.0000,-1.0000,-1.0000,-1,-1,-1,-1,-1,-1,-1,-1,-1,0,0,3224111299279,30.5560,3.6036,49.7729,-1,-1,164,6966,2142
stress-five-minute-soak,9911,43.5409,-1,20.8566,-1.0000,-1.0000,-1.0000,-1.0000,-1.0000,-1.0000,-1.0000,-1.0000,-1.0000,-1,-1,-1,-1,-1,-1,-1,-1,-1,0,0,3224116996895,4.7997,3.2020,12.0667,-1,-1,164,6971,2145
stress-five-minute-soak,9912,31.1260,-1,42.0762,-1.0000,-1.0000,-1.0000,-1.0000,-1.0000,-1.0000,-1.0000,-1.0000,-1.0000,-1,-1,-1,-1,-1,-1,-1,-1,-1,0,0,3224117165669,10.5816,3.0210,3.0400,-1,-1,164,6970,2144
stress-five-minute-soak,9913,26.9864,-1,31.0093,-1.0000,-1.0000,-1.0000,-1.0000,-1.0000,-1.0000,-1.0000,-1.0000,-1.0000,-1,-1,-1,-1,-1,-1,-1,-1,-1,0,0,3224117302010,4.5567,3.2097,16.4201,-1,-1,164,6965,2141
stress-five-minute-soak,9914,26.2109,-1,27.4071,-1.0000,-1.0000,-1.0000,-1.0000,-1.0000,-1.0000,-1.0000,-1.0000,-1.0000,-1,-1,-1,-1,-1,-1,-1,-1,-1,0,0,3224117511885,4.4692,3.2656,39.0628,-1,-1,164,6963,2141
stress-five-minute-soak,9915,22.4621,-1,25.8995,-1.0000,-1.0000,-1.0000,-1.0000,-1.0000,-1.0000,-1.0000,-1.0000,-1.0000,-1,-1,-1,-1,-1,-1,-1,-1,-1,0,0,3224117947289,13.1460,3.6106,17.9713,-1,-1,164,6963,2141
stress-five-minute-soak,9916,22.5172,-1,22.9970,-1.0000,-1.0000,-1.0000,-1.0000,-1.0000,-1.0000,-1.0000,-1.0000,-1.0000,-1,-1,-1,-1,-1,-1,-1,-1,-1,0,0,3224118258563,11.9310,3.3825,15.0444,-1,-1,164,6967,2141
stress-five-minute-soak,10009,23.0455,-1,11.7192,-1.0000,-1.0000,-1.0000,-1.0000,-1.0000,-1.0000,-1.0000,-1.0000,-1.0000,-1,-1,-1,-1,-1,-1,-1,-1,-1,0,0,3224131202721,5.0235,3.5934,11.1031,-1,-1,164,6973,2147
stress-five-minute-soak,10010,80.0060,-1,21.4195,-1.0000,-1.0000,-1.0000,-1.0000,-1.0000,-1.0000,-1.0000,-1.0000,-1.0000,-1,-1,-1,-1,-1,-1,-1,-1,-1,0,0,3224131364050,4.8762,3.6053,8.2589,-1,-1,164,6973,2147
stress-five-minute-soak,10011,80.7606,-1,80.3983,-1.0000,-1.0000,-1.0000,-1.0000,-1.0000,-1.0000,-1.0000,-1.0000,-1.0000,-1,-1,-1,-1,-1,-1,-1,-1,-1,0,0,3224131495514,6.0120,3.0235,5.0529,-1,-1,164,6973,2147
stress-five-minute-soak,10012,37.9173,-1,80.6999,-1.0000,-1.0000,-1.0000,-1.0000,-1.0000,-1.0000,-1.0000,-1.0000,-1.0000,-1,-1,-1,-1,-1,-1,-1,-1,-1,0,0,3224131606278,10.8585,3.3609,12.1783,-1,-1,164,6973,2147
stress-five-minute-soak,10044,69.2727,-1,11.0039,-1.0000,-1.0000,-1.0000,-1.0000,-1.0000,-1.0000,-1.0000,-1.0000,-1.0000,-1,-1,-1,-1,-1,-1,-1,-1,-1,0,0,3224137390479,4.4839,3.5898,6.1167,-1,-1,164,6975,2149
stress-five-minute-soak,10045,79.6887,-1,64.3919,-1.0000,-1.0000,-1.0000,-1.0000,-1.0000,-1.0000,-1.0000,-1.0000,-1.0000,-1,-1,-1,-1,-1,-1,-1,-1,-1,0,0,3224137496604,5.0532,3.5002,6.4805,-1,-1,164,6974,2148
stress-five-minute-soak,10046,80.0549,-1,79.8067,-1.0000,-1.0000,-1.0000,-1.0000,-1.0000,-1.0000,-1.0000,-1.0000,-1.0000,-1,-1,-1,-1,-1,-1,-1,-1,-1,0,0,3224137612058,13.0833,3.5309,0.0122,-1,-1,164,6967,2145
stress-five-minute-soak,10047,33.5371,-1,-1.0000,-1.0000,-1.0000,-1.0000,-1.0000,-1.0000,-1.0000,-1.0000,-1.0000,-1.0000,-1,-1,-1,-1,-1,-1,-1,-1,-1,0,0,3224137743192,4.9739,3.3021,64.2916,-1,-1,164,6971,2145
stress-five-minute-soak,10121,25.0859,-1,12.6116,-1.0000,-1.0000,-1.0000,-1.0000,-1.0000,-1.0000,-1.0000,-1.0000,-1.0000,-1,-1,-1,-1,-1,-1,-1,-1,-1,0,0,3224149738493,5.3170,4.0804,10.2553,-1,-1,164,6975,2149
stress-five-minute-soak,10122,31.4743,-1,25.1433,-1.0000,-1.0000,-1.0000,-1.0000,-1.0000,-1.0000,-1.0000,-1.0000,-1.0000,-1,-1,-1,-1,-1,-1,-1,-1,-1,0,0,3224149894288,4.9533,3.4547,5.1957,-1,-1,164,6975,2149
stress-five-minute-soak,10123,34.8491,-1,32.1341,-1.0000,-1.0000,-1.0000,-1.0000,-1.0000,-1.0000,-1.0000,-1.0000,-1.0000,-1,-1,-1,-1,-1,-1,-1,-1,-1,0,0,3224149995869,5.0229,3.0736,8.5381,-1,-1,164,6975,2149
stress-five-minute-soak,10124,34.0309,-1,34.0029,-1.0000,-1.0000,-1.0000,-1.0000,-1.0000,-1.0000,-1.0000,-1.0000,-1.0000,-1,-1,-1,-1,-1,-1,-1,-1,-1,0,0,3224150131582,12.1370,3.3381,12.9384,-1,-1,164,6978,2152
stress-five-minute-soak,10125,33.1447,-1,33.9745,-1.0000,-1.0000,-1.0000,-1.0000,-1.0000,-1.0000,-1.0000,-1.0000,-1.0000,-1,-1,-1,-1,-1,-1,-1,-1,-1,0,0,3224150382459,4.2402,3.4030,27.2216,-1,-1,164,6978,2152
stress-five-minute-soak,10126,32.7868,-1,32.8727,-1.0000,-1.0000,-1.0000,-1.0000,-1.0000,-1.0000,-1.0000,-1.0000,-1.0000,-1,-1,-1,-1,-1,-1,-1,-1,-1,0,0,3224150697187,10.8748,5.9411,23.9798,-1,-1,164,6978,2152
stress-five-minute-soak,10127,25.1935,-1,32.0801,-1.0000,-1.0000,-1.0000,-1.0000,-1.0000,-1.0000,-1.0000,-1.0000,-1.0000,-1,-1,-1,-1,-1,-1,-1,-1,-1,0,0,3224151045923,29.7279,2.9999,4.2483,-1,-1,164,6978,2152
stress-five-minute-soak,10128,23.8981,-1,26.5687,-1.0000,-1.0000,-1.0000,-1.0000,-1.0000,-1.0000,-1.0000,-1.0000,-1.0000,-1,-1,-1,-1,-1,-1,-1,-1,-1,0,0,3224151385968,5.2762,3.4721,27.8598,-1,-1,164,6978,2152
stress-five-minute-soak,10171,22.6295,-1,15.4337,-1.0000,-1.0000,-1.0000,-1.0000,-1.0000,-1.0000,-1.0000,-1.0000,-1.0000,-1,-1,-1,-1,-1,-1,-1,-1,-1,0,0,3224157959265,4.9360,3.3395,7.1746,-1,-1,164,6977,2155
stress-five-minute-soak,10172,31.3390,-1,22.7282,-1.0000,-1.0000,-1.0000,-1.0000,-1.0000,-1.0000,-1.0000,-1.0000,-1.0000,-1,-1,-1,-1,-1,-1,-1,-1,-1,0,0,3224158080473,10.3112,3.4996,4.9740,-1,-1,164,6977,2155
stress-five-minute-soak,10173,27.6844,-1,30.8321,-1.0000,-1.0000,-1.0000,-1.0000,-1.0000,-1.0000,-1.0000,-1.0000,-1.0000,-1,-1,-1,-1,-1,-1,-1,-1,-1,0,0,3224158233443,4.3909,3.2372,11.0356,-1,-1,164,6976,2154
stress-five-minute-soak,10174,24.1166,-1,26.8805,-1.0000,-1.0000,-1.0000,-1.0000,-1.0000,-1.0000,-1.0000,-1.0000,-1.0000,-1,-1,-1,-1,-1,-1,-1,-1,-1,0,0,3224158387830,4.8193,3.1720,17.8018,-1,-1,164,6980,2154
stress-five-minute-soak,10175,24.2210,-1,25.2229,-1.0000,-1.0000,-1.0000,-1.0000,-1.0000,-1.0000,-1.0000,-1.0000,-1.0000,-1,-1,-1,-1,-1,-1,-1,-1,-1,0,0,3224158614147,10.1908,3.2972,21.1367,-1,-1,164,6980,2154
stress-five-minute-soak,10176,22.7079,-1,23.7650,-1.0000,-1.0000,-1.0000,-1.0000,-1.0000,-1.0000,-1.0000,-1.0000,-1.0000,-1,-1,-1,-1,-1,-1,-1,-1,-1,0,0,3224158927533,4.4779,3.6716,23.1934,-1,-1,164,6980,2154
stress-five-minute-soak,10177,22.6043,-1,22.7553,-1.0000,-1.0000,-1.0000,-1.0000,-1.0000,-1.0000,-1.0000,-1.0000,-1.0000,-1,-1,-1,-1,-1,-1,-1,-1,-1,0,0,3224159204372,10.2755,3.4606,13.8316,-1,-1,164,6981,2155
stress-five-minute-soak,10254,37.4904,-1,16.1475,-1.0000,-1.0000,-1.0000,-1.0000,-1.0000,-1.0000,-1.0000,-1.0000,-1.0000,-1,-1,-1,-1,-1,-1,-1,-1,-1,0,0,3224170202142,4.8578,3.3391,10.3405,-1,-1,164,6988,2161
stress-five-minute-soak,10255,79.8262,-1,37.0360,-1.0000,-1.0000,-1.0000,-1.0000,-1.0000,-1.0000,-1.0000,-1.0000,-1.0000,-1,-1,-1,-1,-1,-1,-1,-1,-1,0,0,3224170354187,4.3154,3.4000,8.5143,-1,-1,164,6988,2161
stress-five-minute-soak,10256,80.8131,-1,79.9695,-1.0000,-1.0000,-1.0000,-1.0000,-1.0000,-1.0000,-1.0000,-1.0000,-1.0000,-1,-1,-1,-1,-1,-1,-1,-1,-1,0,0,3224170482595,4.2975,3.1527,10.7829,-1,-1,164,6990,2163
stress-five-minute-soak,10290,73.3907,-1,19.8902,-1.0000,-1.0000,-1.0000,-1.0000,-1.0000,-1.0000,-1.0000,-1.0000,-1.0000,-1,-1,-1,-1,-1,-1,-1,-1,-1,0,0,3224176520201,15.3882,5.4070,0.0103,-1,-1,164,6991,2164
stress-five-minute-soak,10291,80.1500,-1,73.0493,-1.0000,-1.0000,-1.0000,-1.0000,-1.0000,-1.0000,-1.0000,-1.0000,-1.0000,-1,-1,-1,-1,-1,-1,-1,-1,-1,0,0,3224176674337,7.8936,5.9232,5.8565,-1,-1,164,6991,2164
stress-five-minute-soak,10292,81.5106,-1,80.5617,-1.0000,-1.0000,-1.0000,-1.0000,-1.0000,-1.0000,-1.0000,-1.0000,-1.0000,-1,-1,-1,-1,-1,-1,-1,-1,-1,0,0,3224176811903,6.6630,3.5432,13.6768,-1,-1,164,6990,2163
stress-five-minute-soak,10293,79.8973,-1,80.2468,-1.0000,-1.0000,-1.0000,-1.0000,-1.0000,-1.0000,-1.0000,-1.0000,-1.0000,-1,-1,-1,-1,-1,-1,-1,-1,-1,0,0,3224177015423,4.6503,3.2022,68.7268,-1,-1,164,6984,2161
stress-five-minute-soak,10294,73.3402,-1,79.7691,-1.0000,-1.0000,-1.0000,-1.0000,-1.0000,-1.0000,-1.0000,-1.0000,-1.0000,-1,-1,-1,-1,-1,-1,-1,-1,-1,0,0,3224177749318,21.9976,3.6449,58.1404,-1,-1,164,6987,2160
stress-five-minute-soak,10340,37.9149,-1,20.8945,-1.0000,-1.0000,-1.0000,-1.0000,-1.0000,-1.0000,-1.0000,-1.0000,-1.0000,-1,-1,-1,-1,-1,-1,-1,-1,-1,0,0,3224186588242,10.5585,3.6165,2.0824,-1,-1,164,6989,2162
stress-five-minute-soak,10341,32.3287,-1,37.5572,-1.0000,-1.0000,-1.0000,-1.0000,-1.0000,-1.0000,-1.0000,-1.0000,-1.0000,-1,-1,-1,-1,-1,-1,-1,-1,-1,0,0,3224186714743,4.7451,3.6213,10.1989,-1,-1,164,6988,2161
stress-five-minute-soak,10342,31.3108,-1,33.1604,-1.0000,-1.0000,-1.0000,-1.0000,-1.0000,-1.0000,-1.0000,-1.0000,-1.0000,-1,-1,-1,-1,-1,-1,-1,-1,-1,0,0,3224186864243,4.8192,4.0708,16.3753,-1,-1,164,6988,2161
stress-five-minute-soak,10343,27.4633,-1,29.8156,-1.0000,-1.0000,-1.0000,-1.0000,-1.0000,-1.0000,-1.0000,-1.0000,-1.0000,-1,-1,-1,-1,-1,-1,-1,-1,-1,0,0,3224187076306,10.1402,4.3273,27.7621,-1,-1,164,6987,2160
stress-five-minute-soak,10344,27.5746,-1,27.9764,-1.0000,-1.0000,-1.0000,-1.0000,-1.0000,-1.0000,-1.0000,-1.0000,-1.0000,-1,-1,-1,-1,-1,-1,-1,-1,-1,0,0,3224187455455,4.7370,4.5467,27.5794,-1,-1,164,6982,2159
stress-five-minute-soak,10345,25.1716,-1,26.7131,-1.0000,-1.0000,-1.0000,-1.0000,-1.0000,-1.0000,-1.0000,-1.0000,-1.0000,-1,-1,-1,-1,-1,-1,-1,-1,-1,0,0,3224187778754,13.7759,3.6614,17.5213,-1,-1,164,6982,2159
stress-five-minute-soak,10615,22.4175,-1,12.2163,-1.0000,-1.0000,-1.0000,-1.0000,-1.0000,-1.0000,-1.0000,-1.0000,-1.0000,-1,-1,-1,-1,-1,-1,-1,-1,-1,0,0,3224225375691,4.2256,3.7063,7.2472,-1,-1,164,6992,2165
stress-five-minute-soak,10617,24.9551,-1,21.8440,-1.0000,-1.0000,-1.0000,-1.0000,-1.0000,-1.0000,-1.0000,-1.0000,-1.0000,-1,-1,-1,-1,-1,-1,-1,-1,-1,0,0,3224225617862,11.3511,3.5130,0.9278,-1,-1,164,6992,2165
stress-five-minute-soak,10618,25.9686,-1,25.1023,-1.0000,-1.0000,-1.0000,-1.0000,-1.0000,-1.0000,-1.0000,-1.0000,-1.0000,-1,-1,-1,-1,-1,-1,-1,-1,-1,0,0,3224225740755,4.4424,3.5370,17.9714,-1,-1,164,6992,2165
stress-five-minute-soak,10619,25.1365,-1,25.7818,-1.0000,-1.0000,-1.0000,-1.0000,-1.0000,-1.0000,-1.0000,-1.0000,-1.0000,-1,-1,-1,-1,-1,-1,-1,-1,-1,0,0,3224225964955,4.3191,3.0321,17.5876,-1,-1,164,6992,2165
stress-five-minute-soak,10620,26.3351,-1,25.6799,-1.0000,-1.0000,-1.0000,-1.0000,-1.0000,-1.0000,-1.0000,-1.0000,-1.0000,-1,-1,-1,-1,-1,-1,-1,-1,-1,0,0,3224226184122,10.8646,3.5834,14.1120,-1,-1,164,6992,2165
stress-five-minute-soak,10621,25.7490,-1,25.5713,-1.0000,-1.0000,-1.0000,-1.0000,-1.0000,-1.0000,-1.0000,-1.0000,-1.0000,-1,-1,-1,-1,-1,-1,-1,-1,-1,0,0,3224226434004,4.0824,4.0178,21.8441,-1,-1,164,6992,2165
stress-five-minute-soak,10622,24.8334,-1,25.5508,-1.0000,-1.0000,-1.0000,-1.0000,-1.0000,-1.0000,-1.0000,-1.0000,-1.0000,-1,-1,-1,-1,-1,-1,-1,-1,-1,0,0,3224226693387,10.2825,3.0961,14.8386,-1,-1,164,6992,2165
stress-five-minute-soak,10623,26.0783,-1,25.5770,-1.0000,-1.0000,-1.0000,-1.0000,-1.0000,-1.0000,-1.0000,-1.0000,-1.0000,-1,-1,-1,-1,-1,-1,-1,-1,-1,0,0,3224226944713,4.6493,3.2570,21.6753,-1,-1,164,6992,2165
stress-five-minute-soak,10624,22.2588,-1,25.5199,-1.0000,-1.0000,-1.0000,-1.0000,-1.0000,-1.0000,-1.0000,-1.0000,-1.0000,-1,-1,-1,-1,-1,-1,-1,-1,-1,0,0,3224227208074,11.7813,3.5993,13.9555,-1,-1,164,6992,2165
stress-five-minute-soak,10653,29.9845,-1,20.9592,-1.0000,-1.0000,-1.0000,-1.0000,-1.0000,-1.0000,-1.0000,-1.0000,-1.0000,-1,-1,-1,-1,-1,-1,-1,-1,-1,0,0,3224231739253,4.5269,4.4621,13.7383,-1,-1,164,6993,2166
stress-five-minute-soak,10654,22.8013,-1,30.2748,-1.0000,-1.0000,-1.0000,-1.0000,-1.0000,-1.0000,-1.0000,-1.0000,-1.0000,-1,-1,-1,-1,-1,-1,-1,-1,-1,0,0,3224231922011,4.3627,3.3390,14.2427,-1,-1,164,6993,2166
stress-five-minute-soak,10874,25.6070,-1,12.2125,-1.0000,-1.0000,-1.0000,-1.0000,-1.0000,-1.0000,-1.0000,-1.0000,-1.0000,-1,-1,-1,-1,-1,-1,-1,-1,-1,0,0,3224262392901,5.2707,3.3799,6.1811,-1,-1,164,6997,2170
stress-five-minute-soak,10875,23.2047,-1,20.9142,-1.0000,-1.0000,-1.0000,-1.0000,-1.0000,-1.0000,-1.0000,-1.0000,-1.0000,-1,-1,-1,-1,-1,-1,-1,-1,-1,0,0,3224262507545,4.5234,3.5529,8.7889,-1,-1,164,6997,2170
stress-five-minute-soak,10876,29.0211,-1,23.5909,-1.0000,-1.0000,-1.0000,-1.0000,-1.0000,-1.0000,-1.0000,-1.0000,-1.0000,-1,-1,-1,-1,-1,-1,-1,-1,-1,0,0,3224262640766,12.1125,3.2712,0.0097,-1,-1,164,6993,2170
stress-five-minute-soak,10877,30.7665,-1,28.8061,-1.0000,-1.0000,-1.0000,-1.0000,-1.0000,-1.0000,-1.0000,-1.0000,-1.0000,-1,-1,-1,-1,-1,-1,-1,-1,-1,0,0,3224262762136,4.7118,3.3321,20.8896,-1,-1,164,6993,2170
stress-five-minute-soak,10878,31.1714,-1,30.4210,-1.0000,-1.0000,-1.0000,-1.0000,-1.0000,-1.0000,-1.0000,-1.0000,-1.0000,-1,-1,-1,-1,-1,-1,-1,-1,-1,0,0,3224263018210,11.0479,3.1230,12.1456,-1,-1,164,6993,2170
stress-five-minute-soak,10879,32.2826,-1,31.4266,-1.0000,-1.0000,-1.0000,-1.0000,-1.0000,-1.0000,-1.0000,-1.0000,-1.0000,-1,-1,-1,-1,-1,-1,-1,-1,-1,0,0,3224263250261,4.2825,3.2324,24.7277,-1,-1,164,6997,2170
stress-five-minute-soak,10880,30.3121,-1,31.5187,-1.0000,-1.0000,-1.0000,-1.0000,-1.0000,-1.0000,-1.0000,-1.0000,-1.0000,-1,-1,-1,-1,-1,-1,-1,-1,-1,0,0,3224263540476,10.5182,3.3764,20.2395,-1,-1,164,6996,2169
stress-five-minute-soak,10881,25.4256,-1,30.5613,-1.0000,-1.0000,-1.0000,-1.0000,-1.0000,-1.0000,-1.0000,-1.0000,-1.0000,-1,-1,-1,-1,-1,-1,-1,-1,-1,0,0,3224263848145,4.3669,3.1693,26.7926,-1,-1,164,6996,2169
stress-five-minute-soak,10926,27.2493,-1,19.7509,-1.0000,-1.0000,-1.0000,-1.0000,-1.0000,-1.0000,-1.0000,-1.0000,-1.0000,-1,-1,-1,-1,-1,-1,-1,-1,-1,0,0,3224270765429,6.0005,3.7843,4.6351,-1,-1,164,6997,2170
stress-five-minute-soak,10927,27.1691,-1,26.5769,-1.0000,-1.0000,-1.0000,-1.0000,-1.0000,-1.0000,-1.0000,-1.0000,-1.0000,-1,-1,-1,-1,-1,-1,-1,-1,-1,0,0,3224270871907,5.3315,3.6587,9.0239,-1,-1,164,6997,2170
stress-five-minute-soak,10928,26.0587,-1,27.1818,-1.0000,-1.0000,-1.0000,-1.0000,-1.0000,-1.0000,-1.0000,-1.0000,-1.0000,-1,-1,-1,-1,-1,-1,-1,-1,-1,0,0,3224271015571,4.7275,3.7903,15.1355,-1,-1,164,6997,2170
stress-five-minute-soak,10929,26.9251,-1,26.8984,-1.0000,-1.0000,-1.0000,-1.0000,-1.0000,-1.0000,-1.0000,-1.0000,-1.0000,-1,-1,-1,-1,-1,-1,-1,-1,-1,0,0,3224271214327,10.9873,3.3574,16.2498,-1,-1,164,6997,2170
stress-five-minute-soak,10930,26.1691,-1,25.9448,-1.0000,-1.0000,-1.0000,-1.0000,-1.0000,-1.0000,-1.0000,-1.0000,-1.0000,-1,-1,-1,-1,-1,-1,-1,-1,-1,0,0,3224271486815,4.6602,3.1035,22.4977,-1,-1,164,6997,2170
stress-five-minute-soak,10931,25.0466,-1,25.5969,-1.0000,-1.0000,-1.0000,-1.0000,-1.0000,-1.0000,-1.0000,-1.0000,-1.0000,-1,-1,-1,-1,-1,-1,-1,-1,-1,0,0,3224271758501,9.5513,3.2338,16.4963,-1,-1,164,6997,2170
stress-five-minute-soak,10932,22.9763,-1,25.3952,-1.0000,-1.0000,-1.0000,-1.0000,-1.0000,-1.0000,-1.0000,-1.0000,-1.0000,-1,-1,-1,-1,-1,-1,-1,-1,-1,0,0,3224272019094,10.5917,3.1090,16.3204,-1,-1,164,6997,2170
stress-five-minute-soak,11053,27.2385,-1,22.4233,-1.0000,-1.0000,-1.0000,-1.0000,-1.0000,-1.0000,-1.0000,-1.0000,-1.0000,-1,-1,-1,-1,-1,-1,-1,-1,-1,0,0,3224289132255,11.6687,3.7126,0.9592,-1,-1,164,7005,2178
stress-five-minute-soak,11054,29.5182,-1,26.8531,-1.0000,-1.0000,-1.0000,-1.0000,-1.0000,-1.0000,-1.0000,-1.0000,-1.0000,-1,-1,-1,-1,-1,-1,-1,-1,-1,0,0,3224289258646,5.1424,3.4115,16.2382,-1,-1,164,7005,2178
stress-five-minute-soak,11055,28.0914,-1,28.6659,-1.0000,-1.0000,-1.0000,-1.0000,-1.0000,-1.0000,-1.0000,-1.0000,-1.0000,-1,-1,-1,-1,-1,-1,-1,-1,-1,0,0,3224289472544,4.4543,3.7776,17.3235,-1,-1,164,7005,2178
stress-five-minute-soak,11056,29.8067,-1,29.1123,-1.0000,-1.0000,-1.0000,-1.0000,-1.0000,-1.0000,-1.0000,-1.0000,-1.0000,-1,-1,-1,-1,-1,-1,-1,-1,-1,0,0,3224289690448,10.9083,3.6966,16.3189,-1,-1,164,7006,2179
stress-five-minute-soak,11057,27.5172,-1,29.0767,-1.0000,-1.0000,-1.0000,-1.0000,-1.0000,-1.0000,-1.0000,-1.0000,-1.0000,-1,-1,-1,-1,-1,-1,-1,-1,-1,0,0,3224289962827,4.3489,3.3856,25.1809,-1,-1,164,7006,2179
stress-five-minute-soak,11058,30.1140,-1,28.6147,-1.0000,-1.0000,-1.0000,-1.0000,-1.0000,-1.0000,-1.0000,-1.0000,-1.0000,-1,-1,-1,-1,-1,-1,-1,-1,-1,0,0,3224290258341,20.4794,3.1208,7.5432,-1,-1,164,7006,2179
stress-five-minute-soak,11090,73.2280,-1,18.5608,-1.0000,-1.0000,-1.0000,-1.0000,-1.0000,-1.0000,-1.0000,-1.0000,-1.0000,-1,-1,-1,-1,-1,-1,-1,-1,-1,0,0,3224295345452,4.3726,3.4018,7.1045,-1,-1,164,7010,2183
stress-five-minute-soak,11091,79.5290,-1,73.2460,-1.0000,-1.0000,-1.0000,-1.0000,-1.0000,-1.0000,-1.0000,-1.0000,-1.0000,-1,-1,-1,-1,-1,-1,-1,-1,-1,0,0,3224295460319,3.9106,3.2948,8.5907,-1,-1,164,7010,2183
stress-five-minute-soak,11092,51.3026,-1,80.0707,-1.0000,-1.0000,-1.0000,-1.0000,-1.0000,-1.0000,-1.0000,-1.0000,-1.0000,-1,-1,-1,-1,-1,-1,-1,-1,-1,0,0,3224295585448,11.7634,3.1793,6.6326,-1,-1,164,7010,2183
stress-five-minute-soak,11093,38.0987,-1,-1.0000,-1.0000,-1.0000,-1.0000,-1.0000,-1.0000,-1.0000,-1.0000,-1.0000,-1.0000,-1,-1,-1,-1,-1,-1,-1,-1,-1,0,0,3224295769513,4.3461,3.1456,68.8789,-1,-1,164,7010,2183
stress-five-minute-soak,11120,80.0799,-1,17.9487,-1.0000,-1.0000,-1.0000,-1.0000,-1.0000,-1.0000,-1.0000,-1.0000,-1.0000,-1,-1,-1,-1,-1,-1,-1,-1,-1,0,0,3224301287271,4.3498,3.3862,10.1185,-1,-1,164,7010,2183
stress-five-minute-soak,11121,80.7794,-1,79.8159,-1.0000,-1.0000,-1.0000,-1.0000,-1.0000,-1.0000,-1.0000,-1.0000,-1.0000,-1,-1,-1,-1,-1,-1,-1,-1,-1,0,0,3224301432063,4.0905,3.3077,9.8782,-1,-1,164,7010,2183
stress-five-minute-soak,11122,51.4961,-1,80.2012,-1.0000,-1.0000,-1.0000,-1.0000,-1.0000,-1.0000,-1.0000,-1.0000,-1.0000,-1,-1,-1,-1,-1,-1,-1,-1,-1,0,0,3224301571838,10.0769,3.4893,8.2893,-1,-1,164,7010,2183
stress-five-minute-soak,11123,35.3699,-1,-1.0000,-1.0000,-1.0000,-1.0000,-1.0000,-1.0000,-1.0000,-1.0000,-1.0000,-1.0000,-1,-1,-1,-1,-1,-1,-1,-1,-1,0,0,3224301755602,6.6311,3.3515,73.4399,-1,-1,164,7003,2180
stress-five-minute-soak,11152,23.9827,-1,11.4391,-1.0000,-1.0000,-1.0000,-1.0000,-1.0000,-1.0000,-1.0000,-1.0000,-1.0000,-1,-1,-1,-1,-1,-1,-1,-1,-1,0,0,3224307314985,4.5020,3.5741,5.6046,-1,-1,164,7007,2180
stress-five-minute-soak,11153,43.2105,-1,19.5461,-1.0000,-1.0000,-1.0000,-1.0000,-1.0000,-1.0000,-1.0000,-1.0000,-1.0000,-1,-1,-1,-1,-1,-1,-1,-1,-1,0,0,3224307416160,4.2749,3.7104,7.5451,-1,-1,164,7007,2180
stress-five-minute-soak,11154,81.8008,-1,43.6227,-1.0000,-1.0000,-1.0000,-1.0000,-1.0000,-1.0000,-1.0000,-1.0000,-1.0000,-1,-1,-1,-1,-1,-1,-1,-1,-1,0,0,3224307534476,12.6263,3.6750,0.0166,-1,-1,164,7007,2180
stress-five-minute-soak,11155,69.5486,-1,80.2406,-1.0000,-1.0000,-1.0000,-1.0000,-1.0000,-1.0000,-1.0000,-1.0000,-1.0000,-1,-1,-1,-1,-1,-1,-1,-1,-1,0,0,3224307661146,4.6619,3.2621,19.3032,-1,-1,164,7003,2180
stress-five-minute-soak,11174,23.0466,-1,21.1594,-1.0000,-1.0000,-1.0000,-1.0000,-1.0000,-1.0000,-1.0000,-1.0000,-1.0000,-1,-1,-1,-1,-1,-1,-1,-1,-1,0,0,3224311669119,4.3075,3.4956,14.4788,-1,-1,164,7008,2181
stress-five-minute-soak,11186,29.8871,-1,15.4153,-1.0000,-1.0000,-1.0000,-1.0000,-1.0000,-1.0000,-1.0000,-1.0000,-1.0000,-1,-1,-1,-1,-1,-1,-1,-1,-1,0,0,3224313644636,10.3143,3.6258,3.0905,-1,-1,164,7007,2180
stress-five-minute-soak,11187,80.2601,-1,30.1181,-1.0000,-1.0000,-1.0000,-1.0000,-1.0000,-1.0000,-1.0000,-1.0000,-1.0000,-1,-1,-1,-1,-1,-1,-1,-1,-1,0,0,3224313778800,4.1547,3.5501,10.0288,-1,-1,164,7007,2180
stress-five-minute-soak,11188,79.5091,-1,79.3418,-1.0000,-1.0000,-1.0000,-1.0000,-1.0000,-1.0000,-1.0000,-1.0000,-1.0000,-1,-1,-1,-1,-1,-1,-1,-1,-1,0,0,3224313920698,4.0195,3.3205,11.5071,-1,-1,164,7007,2180
stress-five-minute-soak,11189,31.4277,-1,-1.0000,-1.0000,-1.0000,-1.0000,-1.0000,-1.0000,-1.0000,-1.0000,-1.0000,-1.0000,-1,-1,-1,-1,-1,-1,-1,-1,-1,0,0,3224314076074,9.7046,3.1822,20.1722,-1,-1,164,7008,2181
stress-five-minute-soak,11205,31.6875,-1,17.7754,-1.0000,-1.0000,-1.0000,-1.0000,-1.0000,-1.0000,-1.0000,-1.0000,-1.0000,-1,-1,-1,-1,-1,-1,-1,-1,-1,0,0,3224317713575,6.6875,3.8303,6.5900,-1,-1,164,7004,2181
stress-five-minute-soak,11293,23.5685,-1,18.3191,-1.0000,-1.0000,-1.0000,-1.0000,-1.0000,-1.0000,-1.0000,-1.0000,-1.0000,-1,-1,-1,-1,-1,-1,-1,-1,-1,0,0,3224330167475,5.7086,3.7089,10.5255,-1,-1,164,7009,2182
stress-five-minute-soak,11294,25.2831,-1,23.3774,-1.0000,-1.0000,-1.0000,-1.0000,-1.0000,-1.0000,-1.0000,-1.0000,-1.0000,-1,-1,-1,-1,-1,-1,-1,-1,-1,0,0,3224330329888,5.0598,4.0422,9.8563,-1,-1,164,7009,2182
stress-five-minute-soak,11295,26.4277,-1,25.3210,-1.0000,-1.0000,-1.0000,-1.0000,-1.0000,-1.0000,-1.0000,-1.0000,-1.0000,-1,-1,-1,-1,-1,-1,-1,-1,-1,0,0,3224330479155,6.3680,4.0185,12.0422,-1,-1,164,7009,2182
stress-five-minute-soak,11296,24.9331,-1,25.7825,-1.0000,-1.0000,-1.0000,-1.0000,-1.0000,-1.0000,-1.0000,-1.0000,-1.0000,-1,-1,-1,-1,-1,-1,-1,-1,-1,0,0,3224330663396,11.3120,3.9408,12.2386,-1,-1,164,7009,2182
stress-five-minute-soak,11297,26.3730,-1,25.6988,-1.0000,-1.0000,-1.0000,-1.0000,-1.0000,-1.0000,-1.0000,-1.0000,-1.0000,-1,-1,-1,-1,-1,-1,-1,-1,-1,0,0,3224330899040,5.1691,4.1366,20.1026,-1,-1,164,7009,2182
stress-five-minute-soak,11298,25.1952,-1,25.2989,-1.0000,-1.0000,-1.0000,-1.0000,-1.0000,-1.0000,-1.0000,-1.0000,-1.0000,-1,-1,-1,-1,-1,-1,-1,-1,-1,0,0,3224331151875,11.5089,3.7911,14.8969,-1,-1,164,7009,2182
stress-five-minute-soak,11299,23.6390,-1,24.8776,-1.0000,-1.0000,-1.0000,-1.0000,-1.0000,-1.0000,-1.0000,-1.0000,-1.0000,-1,-1,-1,-1,-1,-1,-1,-1,-1,0,0,3224331416146,4.8965,3.1353,20.0252,-1,-1,164,7009,2182
stress-five-minute-soak,11375,24.1183,-1,22.4113,-1.0000,-1.0000,-1.0000,-1.0000,-1.0000,-1.0000,-1.0000,-1.0000,-1.0000,-1,-1,-1,-1,-1,-1,-1,-1,-1,0,0,3224342478975,5.0115,3.1828,11.0468,-1,-1,164,7013,2186
stress-five-minute-soak,11376,23.6635,-1,23.0523,-1.0000,-1.0000,-1.0000,-1.0000,-1.0000,-1.0000,-1.0000,-1.0000,-1.0000,-1,-1,-1,-1,-1,-1,-1,-1,-1,0,0,3224342639674,12.5648,3.4667,7.8541,-1,-1,164,7009,2186
stress-five-minute-soak,11377,24.6521,-1,-1.0000,-1.0000,-1.0000,-1.0000,-1.0000,-1.0000,-1.0000,-1.0000,-1.0000,-1.0000,-1,-1,-1,-1,-1,-1,-1,-1,-1,0,0,3224342843978,4.5601,3.1878,16.9054,-1,-1,164,7009,2186
stress-five-minute-soak,11378,24.7788,-1,22.8931,-1.0000,-1.0000,-1.0000,-1.0000,-1.0000,-1.0000,-1.0000,-1.0000,-1.0000,-1,-1,-1,-1,-1,-1,-1,-1,-1,0,0,3224343058756,10.4995,3.3392,13.6102,-1,-1,164,7009,2186
stress-five-minute-soak,11518,29.9621,-1,11.1944,-1.0000,-1.0000,-1.0000,-1.0000,-1.0000,-1.0000,-1.0000,-1.0000,-1.0000,-1,-1,-1,-1,-1,-1,-1,-1,-1,0,0,3224362750281,4.9593,3.5601,10.8492,-1,-1,164,7012,2189
stress-five-minute-soak,11519,35.0361,-1,25.3258,-1.0000,-1.0000,-1.0000,-1.0000,-1.0000,-1.0000,-1.0000,-1.0000,-1.0000,-1,-1,-1,-1,-1,-1,-1,-1,-1,0,0,3224362908430,4.8182,4.6130,6.2854,-1,-1,164,7012,2189
stress-five-minute-soak,11520,80.4306,-1,35.3303,-1.0000,-1.0000,-1.0000,-1.0000,-1.0000,-1.0000,-1.0000,-1.0000,-1.0000,-1,-1,-1,-1,-1,-1,-1,-1,-1,0,0,3224363019600,10.8656,3.3153,0.5259,-1,-1,164,7011,2188
stress-five-minute-soak,11521,65.7910,-1,79.5958,-1.0000,-1.0000,-1.0000,-1.0000,-1.0000,-1.0000,-1.0000,-1.0000,-1.0000,-1,-1,-1,-1,-1,-1,-1,-1,-1,0,0,3224363133679,5.2341,3.4189,24.7164,-1,-1,164,7015,2188
stress-five-minute-soak,11552,29.4470,-1,19.5502,-1.0000,-1.0000,-1.0000,-1.0000,-1.0000,-1.0000,-1.0000,-1.0000,-1.0000,-1,-1,-1,-1,-1,-1,-1,-1,-1,0,0,3224368882894,5.9536,3.4999,11.5773,-1,-1,164,7014,2187
stress-five-minute-soak,11553,23.9008,-1,29.3417,-1.0000,-1.0000,-1.0000,-1.0000,-1.0000,-1.0000,-1.0000,-1.0000,-1.0000,-1,-1,-1,-1,-1,-1,-1,-1,-1,0,0,3224369058317,11.6506,3.1023,5.8706,-1,-1,164,7014,2187
stress-five-minute-soak,11700,33.2454,-1,22.0590,-1.0000,-1.0000,-1.0000,-1.0000,-1.0000,-1.0000,-1.0000,-1.0000,-1.0000,-1,-1,-1,-1,-1,-1,-1,-1,-1,0,0,3224389403304,6.1986,3.3782,4.9706,-1,-1,164,7022,2195
stress-five-minute-soak,11701,47.6419,-1,32.6607,-1.0000,-1.0000,-1.0000,-1.0000,-1.0000,-1.0000,-1.0000,-1.0000,-1.0000,-1,-1,-1,-1,-1,-1,-1,-1,-1,0,0,3224389515099,4.8929,3.6582,8.1624,-1,-1,164,7022,2195
stress-five-minute-soak,11702,81.8603,-1,47.4706,-1.0000,-1.0000,-1.0000,-1.0000,-1.0000,-1.0000,-1.0000,-1.0000,-1.0000,-1,-1,-1,-1,-1,-1,-1,-1,-1,0,0,3224389645758,10.1251,4.2318,11.0526,-1,-1,164,7022,2195
stress-five-minute-soak,11703,38.7501,-1,80.6444,-1.0000,-1.0000,-1.0000,-1.0000,-1.0000,-1.0000,-1.0000,-1.0000,-1.0000,-1,-1,-1,-1,-1,-1,-1,-1,-1,0,0,3224389857647,4.2904,4.0085,28.9486,-1,-1,164,7022,2195
stress-five-minute-soak,11734,62.4475,-1,13.6110,-1.0000,-1.0000,-1.0000,-1.0000,-1.0000,-1.0000,-1.0000,-1.0000,-1.0000,-1,-1,-1,-1,-1,-1,-1,-1,-1,0,0,3224395514025,4.1496,3.6043,13.5902,-1,-1,164,7025,2198
stress-five-minute-soak,11735,79.9518,-1,61.8056,-1.0000,-1.0000,-1.0000,-1.0000,-1.0000,-1.0000,-1.0000,-1.0000,-1.0000,-1,-1,-1,-1,-1,-1,-1,-1,-1,0,0,3224395691519,10.0622,3.5843,7.5175,-1,-1,164,7025,2198
stress-five-minute-soak,11736,80.5382,-1,80.4454,-1.0000,-1.0000,-1.0000,-1.0000,-1.0000,-1.0000,-1.0000,-1.0000,-1.0000,-1,-1,-1,-1,-1,-1,-1,-1,-1,0,0,3224395867416,4.4306,4.1285,9.2945,-1,-1,164,7027,2200
stress-five-minute-soak,11737,79.1541,-1,79.7637,-1.0000,-1.0000,-1.0000,-1.0000,-1.0000,-1.0000,-1.0000,-1.0000,-1.0000,-1,-1,-1,-1,-1,-1,-1,-1,-1,0,0,3224396004790,4.2086,3.8585,58.2289,-1,-1,164,7027,2200
stress-five-minute-soak,11738,80.7433,-1,79.9841,-1.0000,-1.0000,-1.0000,-1.0000,-1.0000,-1.0000,-1.0000,-1.0000,-1.0000,-1,-1,-1,-1,-1,-1,-1,-1,-1,0,0,3224396629278,18.6501,3.1023,61.2909,-1,-1,164,7022,2199
stress-five-minute-soak,11739,28.2605,-1,79.9990,-1.0000,-1.0000,-1.0000,-1.0000,-1.0000,-1.0000,-1.0000,-1.0000,-1.0000,-1,-1,-1,-1,-1,-1,-1,-1,-1,0,0,3224397428855,20.1549,3.9663,60.3708,-1,-1,164,7026,2199
stress-five-minute-soak,11740,23.6266,-1,-1.0000,-1.0000,-1.0000,-1.0000,-1.0000,-1.0000,-1.0000,-1.0000,-1.0000,-1.0000,-1,-1,-1,-1,-1,-1,-1,-1,-1,0,0,3224398234240,22.3721,4.7816,56.7854,-1,-1,164,7026,2199
stress-five-minute-soak,11768,25.1629,-1,14.9750,-1.0000,-1.0000,-1.0000,-1.0000,-1.0000,-1.0000,-1.0000,-1.0000,-1.0000,-1,-1,-1,-1,-1,-1,-1,-1,-1,0,0,3224403539581,10.4326,3.6740,7.4993,-1,-1,164,7027,2200
stress-five-minute-soak,11769,79.0058,-1,25.4958,-1.0000,-1.0000,-1.0000,-1.0000,-1.0000,-1.0000,-1.0000,-1.0000,-1.0000,-1,-1,-1,-1,-1,-1,-1,-1,-1,0,0,3224403718990,4.4586,3.3441,12.6967,-1,-1,164,7027,2200
stress-five-minute-soak,11770,79.7363,-1,78.1517,-1.0000,-1.0000,-1.0000,-1.0000,-1.0000,-1.0000,-1.0000,-1.0000,-1.0000,-1,-1,-1,-1,-1,-1,-1,-1,-1,0,0,3224403890630,4.3221,3.7274,12.0154,-1,-1,164,7027,2200
stress-five-minute-soak,11771,51.9886,-1,80.1137,-1.0000,-1.0000,-1.0000,-1.0000,-1.0000,-1.0000,-1.0000,-1.0000,-1.0000,-1,-1,-1,-1,-1,-1,-1,-1,-1,0,0,3224404054124,11.1946,3.3258,13.9556,-1,-1,164,7027,2200
stress-five-minute-soak,11772,26.3122,-1,51.8026,-1.0000,-1.0000,-1.0000,-1.0000,-1.0000,-1.0000,-1.0000,-1.0000,-1.0000,-1,-1,-1,-1,-1,-1,-1,-1,-1,0,0,3224404305735,4.5627,3.4842,74.4355,-1,-1,164,7026,2199
stress-five-minute-soak,11773,30.7355,-1,-1.0000,-1.0000,-1.0000,-1.0000,-1.0000,-1.0000,-1.0000,-1.0000,-1.0000,-1.0000,-1,-1,-1,-1,-1,-1,-1,-1,-1,0,0,3224405095809,17.6018,4.3089,62.1078,-1,-1,164,7026,2199
stress-five-minute-soak,11815,23.2941,-1,20.6116,-1.0000,-1.0000,-1.0000,-1.0000,-1.0000,-1.0000,-1.0000,-1.0000,-1.0000,-1,-1,-1,-1,-1,-1,-1,-1,-1,0,0,3224412078429,12.0437,4.2224,0.4678,-1,-1,164,7027,2200
stress-five-minute-soak,11816,24.2663,-1,22.8495,-1.0000,-1.0000,-1.0000,-1.0000,-1.0000,-1.0000,-1.0000,-1.0000,-1.0000,-1,-1,-1,-1,-1,-1,-1,-1,-1,0,0,3224412203645,4.7188,3.5904,15.8953,-1,-1,164,7027,2200
stress-five-minute-soak,11817,24.6586,-1,24.2263,-1.0000,-1.0000,-1.0000,-1.0000,-1.0000,-1.0000,-1.0000,-1.0000,-1.0000,-1,-1,-1,-1,-1,-1,-1,-1,-1,0,0,3224412409848,4.5312,3.1501,15.8689,-1,-1,164,7027,2200
stress-five-minute-soak,11818,25.2779,-1,25.0716,-1.0000,-1.0000,-1.0000,-1.0000,-1.0000,-1.0000,-1.0000,-1.0000,-1.0000,-1,-1,-1,-1,-1,-1,-1,-1,-1,0,0,3224412613952,13.3684,3.1817,9.9138,-1,-1,164,7023,2200
stress-five-minute-soak,11819,25.8332,-1,24.9037,-1.0000,-1.0000,-1.0000,-1.0000,-1.0000,-1.0000,-1.0000,-1.0000,-1.0000,-1,-1,-1,-1,-1,-1,-1,-1,-1,0,0,3224412846890,4.6139,3.5315,19.6408,-1,-1,164,7023,2200
stress-five-minute-soak,11820,23.4393,-1,24.8691,-1.0000,-1.0000,-1.0000,-1.0000,-1.0000,-1.0000,-1.0000,-1.0000,-1.0000,-1,-1,-1,-1,-1,-1,-1,-1,-1,0,0,3224413089551,11.8129,3.1289,12.8360,-1,-1,164,7023,2200
stress-five-minute-soak,11821,25.1029,-1,24.2068,-1.0000,-1.0000,-1.0000,-1.0000,-1.0000,-1.0000,-1.0000,-1.0000,-1.0000,-1,-1,-1,-1,-1,-1,-1,-1,-1,0,0,3224413336147,4.9269,3.2128,20.3423,-1,-1,164,7027,2200
stress-five-minute-soak,11898,29.3553,-1,14.0390,-1.0000,-1.0000,-1.0000,-1.0000,-1.0000,-1.0000,-1.0000,-1.0000,-1.0000,-1,-1,-1,-1,-1,-1,-1,-1,-1,0,0,3224424328509,4.5953,3.5830,6.5272,-1,-1,164,7030,2203
stress-five-minute-soak,11899,34.4804,-1,27.8077,-1.0000,-1.0000,-1.0000,-1.0000,-1.0000,-1.0000,-1.0000,-1.0000,-1.0000,-1,-1,-1,-1,-1,-1,-1,-1,-1,0,0,3224424439842,4.7686,4.1798,7.0530,-1,-1,164,7030,2203
stress-five-minute-soak,11900,35.7002,-1,34.6478,-1.0000,-1.0000,-1.0000,-1.0000,-1.0000,-1.0000,-1.0000,-1.0000,-1.0000,-1,-1,-1,-1,-1,-1,-1,-1,-1,0,0,3224424558177,11.0407,3.5319,2.9454,-1,-1,164,7030,2203
stress-five-minute-soak,11901,34.4785,-1,35.4143,-1.0000,-1.0000,-1.0000,-1.0000,-1.0000,-1.0000,-1.0000,-1.0000,-1.0000,-1,-1,-1,-1,-1,-1,-1,-1,-1,0,0,3224424698141,4.5004,3.2237,24.8457,-1,-1,164,7030,2203
stress-five-minute-soak,11902,35.5393,-1,35.4181,-1.0000,-1.0000,-1.0000,-1.0000,-1.0000,-1.0000,-1.0000,-1.0000,-1.0000,-1,-1,-1,-1,-1,-1,-1,-1,-1,0,0,3224424991703,4.8013,3.0214,29.6708,-1,-1,164,7030,2203
stress-five-minute-soak,11903,32.8381,-1,35.3411,-1.0000,-1.0000,-1.0000,-1.0000,-1.0000,-1.0000,-1.0000,-1.0000,-1.0000,-1,-1,-1,-1,-1,-1,-1,-1,-1,0,0,3224425336512,11.7451,3.0768,23.9431,-1,-1,164,7030,2203
stress-five-minute-soak,11904,25.5490,-1,32.1124,-1.0000,-1.0000,-1.0000,-1.0000,-1.0000,-1.0000,-1.0000,-1.0000,-1.0000,-1,-1,-1,-1,-1,-1,-1,-1,-1,0,0,3224425693503,10.7878,3.1269,23.6802,-1,-1,164,7030,2203
stress-five-minute-soak,11905,22.7093,-1,25.5875,-1.0000,-1.0000,-1.0000,-1.0000,-1.0000,-1.0000,-1.0000,-1.0000,-1.0000,-1,-1,-1,-1,-1,-1,-1,-1,-1,0,0,3224426038296,10.9294,3.3905,24.5989,-1,-1,164,7030,2203
stress-five-minute-soak,11921,22.3612,-1,-1.0000,-1.0000,-1.0000,-1.0000,-1.0000,-1.0000,-1.0000,-1.0000,-1.0000,-1.0000,-1,-1,-1,-1,-1,-1,-1,-1,-1,0,0,3224429197601,5.8868,6.8332,9.0235,-1,-1,164,7034,2207
stress-five-minute-soak,11924,24.1844,-1,10.2845,-1.0000,-1.0000,-1.0000,-1.0000,-1.0000,-1.0000,-1.0000,-1.0000,-1.0000,-1,-1,-1,-1,-1,-1,-1,-1,-1,0,0,3224429567936,22.3245,5.8695,0.0166,-1,-1,164,7034,2207
stress-five-minute-soak,12008,23.7966,-1,11.4770,-1.0000,-1.0000,-1.0000,-1.0000,-1.0000,-1.0000,-1.0000,-1.0000,-1.0000,-1,-1,-1,-1,-1,-1,-1,-1,-1,0,0,3224442151038,17.8783,5.7097,0.0155,-1,-1,164,7032,2205
stress-five-minute-soak,12127,22.7077,-1,12.1892,-1.0000,-1.0000,-1.0000,-1.0000,-1.0000,-1.0000,-1.0000,-1.0000,-1.0000,-1,-1,-1,-1,-1,-1,-1,-1,-1,0,0,3224458817029,4.8135,4.3491,7.7847,-1,-1,164,7039,2212
stress-five-minute-soak,12129,23.3690,-1,19.8328,-1.0000,-1.0000,-1.0000,-1.0000,-1.0000,-1.0000,-1.0000,-1.0000,-1.0000,-1,-1,-1,-1,-1,-1,-1,-1,-1,0,0,3224459062545,12.9768,4.8317,0.3223,-1,-1,164,7038,2211
stress-five-minute-soak,12130,24.7639,-1,23.1813,-1.0000,-1.0000,-1.0000,-1.0000,-1.0000,-1.0000,-1.0000,-1.0000,-1.0000,-1,-1,-1,-1,-1,-1,-1,-1,-1,0,0,3224459195727,6.8402,3.7114,15.8455,-1,-1,164,7039,2212
stress-five-minute-soak,12131,24.5906,-1,25.1292,-1.0000,-1.0000,-1.0000,-1.0000,-1.0000,-1.0000,-1.0000,-1.0000,-1.0000,-1,-1,-1,-1,-1,-1,-1,-1,-1,0,0,3224459422643,4.5955,3.7336,15.2956,-1,-1,164,7039,2212
stress-five-minute-soak,12132,25.6734,-1,24.9815,-1.0000,-1.0000,-1.0000,-1.0000,-1.0000,-1.0000,-1.0000,-1.0000,-1.0000,-1,-1,-1,-1,-1,-1,-1,-1,-1,0,0,3224459621675,11.8621,3.6446,11.4951,-1,-1,164,7039,2212
stress-five-minute-soak,12133,25.0211,-1,24.8440,-1.0000,-1.0000,-1.0000,-1.0000,-1.0000,-1.0000,-1.0000,-1.0000,-1.0000,-1,-1,-1,-1,-1,-1,-1,-1,-1,0,0,3224459855378,5.8677,3.4202,18.8835,-1,-1,164,7039,2212
stress-five-minute-soak,12134,24.5076,-1,24.8218,-1.0000,-1.0000,-1.0000,-1.0000,-1.0000,-1.0000,-1.0000,-1.0000,-1.0000,-1,-1,-1,-1,-1,-1,-1,-1,-1,0,0,3224460103013,13.4504,3.5921,11.1268,-1,-1,164,7039,2212
stress-five-minute-soak,12135,25.0098,-1,24.8525,-1.0000,-1.0000,-1.0000,-1.0000,-1.0000,-1.0000,-1.0000,-1.0000,-1.0000,-1,-1,-1,-1,-1,-1,-1,-1,-1,0,0,3224460348910,4.9664,3.6968,20.6966,-1,-1,164,7039,2212
stress-five-minute-soak,12136,23.0460,-1,24.8274,-1.0000,-1.0000,-1.0000,-1.0000,-1.0000,-1.0000,-1.0000,-1.0000,-1.0000,-1,-1,-1,-1,-1,-1,-1,-1,-1,0,0,3224460605659,10.8620,3.6704,14.1445,-1,-1,164,7039,2212
stress-five-minute-soak,12195,28.5704,-1,21.1786,-1.0000,-1.0000,-1.0000,-1.0000,-1.0000,-1.0000,-1.0000,-1.0000,-1.0000,-1,-1,-1,-1,-1,-1,-1,-1,-1,0,0,3224469374779,4.4817,3.8056,7.4497,-1,-1,164,7047,2220
stress-five-minute-soak,12196,28.5002,-1,28.4856,-1.0000,-1.0000,-1.0000,-1.0000,-1.0000,-1.0000,-1.0000,-1.0000,-1.0000,-1,-1,-1,-1,-1,-1,-1,-1,-1,0,0,3224469494210,5.3938,3.8242,6.4074,-1,-1,164,7048,2221
stress-five-minute-soak,12197,29.5127,-1,28.4385,-1.0000,-1.0000,-1.0000,-1.0000,-1.0000,-1.0000,-1.0000,-1.0000,-1.0000,-1,-1,-1,-1,-1,-1,-1,-1,-1,0,0,3224469612333,10.8616,4.1825,10.1240,-1,-1,164,7049,2222
stress-five-minute-soak,12198,28.2219,-1,29.2004,-1.0000,-1.0000,-1.0000,-1.0000,-1.0000,-1.0000,-1.0000,-1.0000,-1.0000,-1,-1,-1,-1,-1,-1,-1,-1,-1,0,0,3224469822305,4.3363,3.7563,24.2217,-1,-1,164,7049,2222
stress-five-minute-soak,12199,28.0719,-1,28.7066,-1.0000,-1.0000,-1.0000,-1.0000,-1.0000,-1.0000,-1.0000,-1.0000,-1.0000,-1,-1,-1,-1,-1,-1,-1,-1,-1,0,0,3224470108007,14.0348,3.5847,14.4547,-1,-1,164,7049,2222
stress-five-minute-soak,12200,27.4120,-1,28.0576,-1.0000,-1.0000,-1.0000,-1.0000,-1.0000,-1.0000,-1.0000,-1.0000,-1.0000,-1,-1,-1,-1,-1,-1,-1,-1,-1,0,0,3224470393022,4.4887,3.6752,25.0137,-1,-1,164,7049,2222
stress-five-minute-soak,12201,23.6119,-1,26.8068,-1.0000,-1.0000,-1.0000,-1.0000,-1.0000,-1.0000,-1.0000,-1.0000,-1.0000,-1,-1,-1,-1,-1,-1,-1,-1,-1,0,0,3224470688168,11.6148,4.1784,16.5923,-1,-1,164,7049,2222
stress-five-minute-soak,12231,37.2536,-1,18.8355,-1.0000,-1.0000,-1.0000,-1.0000,-1.0000,-1.0000,-1.0000,-1.0000,-1.0000,-1,-1,-1,-1,-1,-1,-1,-1,-1,0,0,3224475346082,4.9517,3.7794,9.3740,-1,-1,164,7049,2222
stress-five-minute-soak,12232,22.3418,-1,36.3418,-1.0000,-1.0000,-1.0000,-1.0000,-1.0000,-1.0000,-1.0000,-1.0000,-1.0000,-1,-1,-1,-1,-1,-1,-1,-1,-1,0,0,3224475489455,5.3355,3.8708,10.7145,-1,-1,164,7049,2222
stress-five-minute-soak,12331,63.5166,-1,16.8187,-1.0000,-1.0000,-1.0000,-1.0000,-1.0000,-1.0000,-1.0000,-1.0000,-1.0000,-1,-1,-1,-1,-1,-1,-1,-1,-1,0,0,3224489678227,6.4588,3.6489,9.5564,-1,-1,164,7054,2227
stress-five-minute-soak,12332,80.5119,-1,63.1501,-1.0000,-1.0000,-1.0000,-1.0000,-1.0000,-1.0000,-1.0000,-1.0000,-1.0000,-1,-1,-1,-1,-1,-1,-1,-1,-1,0,0,3224489838442,4.8080,3.7770,7.4974,-1,-1,164,7055,2228
stress-five-minute-soak,12333,61.5738,-1,80.0727,-1.0000,-1.0000,-1.0000,-1.0000,-1.0000,-1.0000,-1.0000,-1.0000,-1.0000,-1,-1,-1,-1,-1,-1,-1,-1,-1,0,0,3224489961609,4.8079,3.7069,11.6241,-1,-1,164,7055,2228
stress-five-minute-soak,12351,39.5204,-1,20.2998,-1.0000,-1.0000,-1.0000,-1.0000,-1.0000,-1.0000,-1.0000,-1.0000,-1.0000,-1,-1,-1,-1,-1,-1,-1,-1,-1,0,0,3224493865854,4.3037,3.4561,14.3444,-1,-1,164,7054,2227
stress-five-minute-soak,12352,31.3112,-1,39.5694,-1.0000,-1.0000,-1.0000,-1.0000,-1.0000,-1.0000,-1.0000,-1.0000,-1.0000,-1,-1,-1,-1,-1,-1,-1,-1,-1,0,0,3224494052447,11.1296,3.2004,6.0001,-1,-1,164,7054,2227
stress-five-minute-soak,12353,29.9673,-1,32.0740,-1.0000,-1.0000,-1.0000,-1.0000,-1.0000,-1.0000,-1.0000,-1.0000,-1.0000,-1,-1,-1,-1,-1,-1,-1,-1,-1,0,0,3224494223860,5.0180,3.1918,16.0953,-1,-1,164,7054,2227
stress-five-minute-soak,12354,24.8287,-1,28.0658,-1.0000,-1.0000,-1.0000,-1.0000,-1.0000,-1.0000,-1.0000,-1.0000,-1.0000,-1,-1,-1,-1,-1,-1,-1,-1,-1,0,0,3224494435105,4.3527,3.2633,35.1580,-1,-1,164,7057,2230
stress-five-minute-soak,12355,24.0760,-1,25.7649,-1.0000,-1.0000,-1.0000,-1.0000,-1.0000,-1.0000,-1.0000,-1.0000,-1.0000,-1,-1,-1,-1,-1,-1,-1,-1,-1,0,0,3224494830332,10.6727,3.3723,20.6269,-1,-1,164,7058,2231
stress-five-minute-soak,12356,22.6263,-1,23.8948,-1.0000,-1.0000,-1.0000,-1.0000,-1.0000,-1.0000,-1.0000,-1.0000,-1.0000,-1,-1,-1,-1,-1,-1,-1,-1,-1,0,0,3224495143424,11.8553,3.9218,18.0999,-1,-1,164,7058,2231
stress-five-minute-soak,12432,27.1142,-1,18.4151,-1.0000,-1.0000,-1.0000,-1.0000,-1.0000,-1.0000,-1.0000,-1.0000,-1.0000,-1,-1,-1,-1,-1,-1,-1,-1,-1,0,0,3224506135053,13.0674,3.4969,0.0094,-1,-1,164,7062,2235
stress-five-minute-soak,12433,31.0310,-1,26.8073,-1.0000,-1.0000,-1.0000,-1.0000,-1.0000,-1.0000,-1.0000,-1.0000,-1.0000,-1,-1,-1,-1,-1,-1,-1,-1,-1,0,0,3224506265966,4.7908,4.5210,11.1704,-1,-1,164,7062,2235
stress-five-minute-soak,12434,30.8980,-1,29.4031,-1.0000,-1.0000,-1.0000,-1.0000,-1.0000,-1.0000,-1.0000,-1.0000,-1.0000,-1,-1,-1,-1,-1,-1,-1,-1,-1,0,0,3224506425645,4.4003,3.4120,13.1186,-1,-1,164,7062,2235
stress-five-minute-soak,12435,32.1803,-1,31.2576,-1.0000,-1.0000,-1.0000,-1.0000,-1.0000,-1.0000,-1.0000,-1.0000,-1.0000,-1,-1,-1,-1,-1,-1,-1,-1,-1,0,0,3224506600962,10.6866,3.3339,16.4144,-1,-1,164,7062,2235
stress-five-minute-soak,12436,30.5063,-1,31.4990,-1.0000,-1.0000,-1.0000,-1.0000,-1.0000,-1.0000,-1.0000,-1.0000,-1.0000,-1,-1,-1,-1,-1,-1,-1,-1,-1,0,0,3224506872102,4.2750,3.6680,26.7450,-1,-1,164,7062,2235
stress-five-minute-soak,12437,31.3298,-1,31.3539,-1.0000,-1.0000,-1.0000,-1.0000,-1.0000,-1.0000,-1.0000,-1.0000,-1.0000,-1,-1,-1,-1,-1,-1,-1,-1,-1,0,0,3224507182417,10.7407,3.2314,20.1454,-1,-1,164,7062,2235
stress-five-minute-soak,12438,24.4637,-1,30.5715,-1.0000,-1.0000,-1.0000,-1.0000,-1.0000,-1.0000,-1.0000,-1.0000,-1.0000,-1,-1,-1,-1,-1,-1,-1,-1,-1,0,0,3224507491393,5.1010,3.2539,27.0879,-1,-1,164,7058,2235
stress-five-minute-soak,12467,25.7383,-1,18.7617,-1.0000,-1.0000,-1.0000,-1.0000,-1.0000,-1.0000,-1.0000,-1.0000,-1.0000,-1,-1,-1,-1,-1,-1,-1,-1,-1,0,0,3224512337281,4.6226,3.9686,11.1810,-1,-1,164,7064,2237
stress-five-minute-soak,12480,59.8064,-1,13.6765,-1.0000,-1.0000,-1.0000,-1.0000,-1.0000,-1.0000,-1.0000,-1.0000,-1.0000,-1,-1,-1,-1,-1,-1,-1,-1,-1,0,0,3224514400396,4.2849,3.4546,7.2199,-1,-1,164,7063,2236
stress-five-minute-soak,12481,80.1029,-1,56.9162,-1.0000,-1.0000,-1.0000,-1.0000,-1.0000,-1.0000,-1.0000,-1.0000,-1.0000,-1,-1,-1,-1,-1,-1,-1,-1,-1,0,0,3224514515556,4.5387,3.9878,7.6735,-1,-1,164,7063,2236
stress-five-minute-soak,12482,79.7050,-1,80.4393,-1.0000,-1.0000,-1.0000,-1.0000,-1.0000,-1.0000,-1.0000,-1.0000,-1.0000,-1,-1,-1,-1,-1,-1,-1,-1,-1,0,0,3224514637778,10.9818,3.1679,3.1106,-1,-1,164,7063,2236
stress-five-minute-soak,12483,79.8402,-1,79.9068,-1.0000,-1.0000,-1.0000,-1.0000,-1.0000,-1.0000,-1.0000,-1.0000,-1.0000,-1,-1,-1,-1,-1,-1,-1,-1,-1,0,0,3224514778806,4.9571,3.2567,54.8625,-1,-1,164,7064,2237
stress-five-minute-soak,12484,80.0953,-1,80.1421,-1.0000,-1.0000,-1.0000,-1.0000,-1.0000,-1.0000,-1.0000,-1.0000,-1.0000,-1,-1,-1,-1,-1,-1,-1,-1,-1,0,0,3224515377180,28.9058,3.1170,51.1455,-1,-1,164,7064,2237
stress-five-minute-soak,12485,31.0677,-1,79.8234,-1.0000,-1.0000,-1.0000,-1.0000,-1.0000,-1.0000,-1.0000,-1.0000,-1.0000,-1,-1,-1,-1,-1,-1,-1,-1,-1,0,0,3224516178126,40.5227,3.2080,39.1462,-1,-1,164,7064,2237
stress-five-minute-soak,12533,29.7005,-1,20.5878,-1.0000,-1.0000,-1.0000,-1.0000,-1.0000,-1.0000,-1.0000,-1.0000,-1.0000,-1,-1,-1,-1,-1,-1,-1,-1,-1,0,0,3224524581797,10.0353,3.1909,2.5641,-1,-1,164,7063,2236
stress-five-minute-soak,12534,27.7757,-1,29.4380,-1.0000,-1.0000,-1.0000,-1.0000,-1.0000,-1.0000,-1.0000,-1.0000,-1.0000,-1,-1,-1,-1,-1,-1,-1,-1,-1,0,0,3224524707902,5.6530,3.6099,7.2552,-1,-1,164,7063,2236
stress-five-minute-soak,12535,28.8663,-1,28.3689,-1.0000,-1.0000,-1.0000,-1.0000,-1.0000,-1.0000,-1.0000,-1.0000,-1.0000,-1,-1,-1,-1,-1,-1,-1,-1,-1,0,0,3224524837046,4.0716,3.1541,17.0362,-1,-1,164,7063,2236
stress-five-minute-soak,12536,26.4811,-1,27.9301,-1.0000,-1.0000,-1.0000,-1.0000,-1.0000,-1.0000,-1.0000,-1.0000,-1.0000,-1,-1,-1,-1,-1,-1,-1,-1,-1,0,0,3224525048233,12.1701,3.2693,17.5182,-1,-1,164,7064,2237
stress-five-minute-soak,12537,25.3124,-1,26.2636,-1.0000,-1.0000,-1.0000,-1.0000,-1.0000,-1.0000,-1.0000,-1.0000,-1.0000,-1,-1,-1,-1,-1,-1,-1,-1,-1,0,0,3224525345224,5.0374,3.2953,22.7290,-1,-1,164,7064,2237
stress-five-minute-soak,12538,26.3159,-1,25.7413,-1.0000,-1.0000,-1.0000,-1.0000,-1.0000,-1.0000,-1.0000,-1.0000,-1.0000,-1,-1,-1,-1,-1,-1,-1,-1,-1,0,0,3224525622991,9.9949,7.2695,18.8748,-1,-1,164,7064,2237
stress-five-minute-soak,12644,52.4007,-1,14.8762,-1.0000,-1.0000,-1.0000,-1.0000,-1.0000,-1.0000,-1.0000,-1.0000,-1.0000,-1,-1,-1,-1,-1,-1,-1,-1,-1,0,0,3224540869482,4.6644,3.9358,8.2600,-1,-1,164,7066,2239
stress-five-minute-soak,12645,81.3132,-1,53.1497,-1.0000,-1.0000,-1.0000,-1.0000,-1.0000,-1.0000,-1.0000,-1.0000,-1.0000,-1,-1,-1,-1,-1,-1,-1,-1,-1,0,0,3224540998839,4.6055,4.0998,8.2638,-1,-1,164,7066,2239
stress-five-minute-soak,12646,71.8180,-1,80.6628,-1.0000,-1.0000,-1.0000,-1.0000,-1.0000,-1.0000,-1.0000,-1.0000,-1.0000,-1,-1,-1,-1,-1,-1,-1,-1,-1,0,0,3224541127655,10.5131,3.5243,4.3061,-1,-1,164,7066,2239
stress-five-minute-soak,12677,62.0376,-1,21.1269,-1.0000,-1.0000,-1.0000,-1.0000,-1.0000,-1.0000,-1.0000,-1.0000,-1.0000,-1,-1,-1,-1,-1,-1,-1,-1,-1,0,0,3224547068000,12.0173,3.3529,6.0279,-1,-1,164,7067,2240
stress-five-minute-soak,12678,80.5799,-1,60.9651,-1.0000,-1.0000,-1.0000,-1.0000,-1.0000,-1.0000,-1.0000,-1.0000,-1.0000,-1,-1,-1,-1,-1,-1,-1,-1,-1,0,0,3224547248583,4.2539,3.0591,13.7566,-1,-1,164,7067,2240
stress-five-minute-soak,12679,78.1020,-1,80.2970,-1.0000,-1.0000,-1.0000,-1.0000,-1.0000,-1.0000,-1.0000,-1.0000,-1.0000,-1,-1,-1,-1,-1,-1,-1,-1,-1,0,0,3224547428811,4.1088,3.1523,16.2083,-1,-1,164,7062,2239
stress-five-minute-soak,12680,34.6227,-1,77.8399,-1.0000,-1.0000,-1.0000,-1.0000,-1.0000,-1.0000,-1.0000,-1.0000,-1.0000,-1,-1,-1,-1,-1,-1,-1,-1,-1,0,0,3224547632082,12.9329,3.6216,49.0950,-1,-1,164,7066,2239
stress-five-minute-soak,12681,25.6369,-1,35.2095,-1.0000,-1.0000,-1.0000,-1.0000,-1.0000,-1.0000,-1.0000,-1.0000,-1.0000,-1,-1,-1,-1,-1,-1,-1,-1,-1,0,0,3224548252466,13.4866,3.4312,67.0850,-1,-1,164,7066,2239
stress-five-minute-soak,12734,26.8931,-1,16.0090,-1.0000,-1.0000,-1.0000,-1.0000,-1.0000,-1.0000,-1.0000,-1.0000,-1.0000,-1,-1,-1,-1,-1,-1,-1,-1,-1,0,0,3224557330924,4.7502,3.7153,7.0204,-1,-1,164,7066,2238
stress-five-minute-soak,12735,34.0433,-1,26.6906,-1.0000,-1.0000,-1.0000,-1.0000,-1.0000,-1.0000,-1.0000,-1.0000,-1.0000,-1,-1,-1,-1,-1,-1,-1,-1,-1,0,0,3224557448753,5.4127,4.3940,4.8894,-1,-1,164,7065,2237
stress-five-minute-soak,12736,32.3963,-1,-1.0000,-1.0000,-1.0000,-1.0000,-1.0000,-1.0000,-1.0000,-1.0000,-1.0000,-1.0000,-1,-1,-1,-1,-1,-1,-1,-1,-1,0,0,3224557551887,12.5538,3.2974,3.2549,-1,-1,164,7061,2237
stress-five-minute-soak,12737,34.7971,-1,32.6595,-1.0000,-1.0000,-1.0000,-1.0000,-1.0000,-1.0000,-1.0000,-1.0000,-1.0000,-1,-1,-1,-1,-1,-1,-1,-1,-1,0,0,3224557710062,4.6788,3.2501,22.2117,-1,-1,164,7061,2237
stress-five-minute-soak,12738,31.0213,-1,30.5029,-1.0000,-1.0000,-1.0000,-1.0000,-1.0000,-1.0000,-1.0000,-1.0000,-1.0000,-1,-1,-1,-1,-1,-1,-1,-1,-1,0,0,3224557979023,4.8259,3.9605,29.2290,-1,-1,164,7063,2237
stress-five-minute-soak,12739,30.7514,-1,31.1457,-1.0000,-1.0000,-1.0000,-1.0000,-1.0000,-1.0000,-1.0000,-1.0000,-1.0000,-1,-1,-1,-1,-1,-1,-1,-1,-1,0,0,3224558319761,32.3164,3.3582,0.0106,-1,-1,164,7065,2237
stress-five-minute-soak,12740,24.1819,-1,29.5485,-1.0000,-1.0000,-1.0000,-1.0000,-1.0000,-1.0000,-1.0000,-1.0000,-1.0000,-1,-1,-1,-1,-1,-1,-1,-1,-1,0,0,3224558643372,10.4371,3.5755,24.3588,-1,-1,164,7065,2237
stress-five-minute-soak,12768,31.7702,-1,17.5191,-1.0000,-1.0000,-1.0000,-1.0000,-1.0000,-1.0000,-1.0000,-1.0000,-1.0000,-1,-1,-1,-1,-1,-1,-1,-1,-1,0,0,3224563429770,4.5346,3.8487,12.8653,-1,-1,164,7068,2240
stress-five-minute-soak,12769,35.3406,-1,31.5832,-1.0000,-1.0000,-1.0000,-1.0000,-1.0000,-1.0000,-1.0000,-1.0000,-1.0000,-1,-1,-1,-1,-1,-1,-1,-1,-1,0,0,3224563603894,10.7767,3.5737,6.3593,-1,-1,164,7068,2240
stress-five-minute-soak,12770,29.8213,-1,35.3733,-1.0000,-1.0000,-1.0000,-1.0000,-1.0000,-1.0000,-1.0000,-1.0000,-1.0000,-1,-1,-1,-1,-1,-1,-1,-1,-1,0,0,3224563775357,6.6355,3.3680,11.3715,-1,-1,164,7068,2240
stress-five-minute-soak,12771,26.5216,-1,29.2692,-1.0000,-1.0000,-1.0000,-1.0000,-1.0000,-1.0000,-1.0000,-1.0000,-1.0000,-1,-1,-1,-1,-1,-1,-1,-1,-1,0,0,3224563955550,4.7431,3.7019,27.0050,-1,-1,164,7068,2240
stress-five-minute-soak,12772,22.8708,-1,-1.0000,-1.0000,-1.0000,-1.0000,-1.0000,-1.0000,-1.0000,-1.0000,-1.0000,-1.0000,-1,-1,-1,-1,-1,-1,-1,-1,-1,0,0,3224564273252,10.4808,3.9020,24.8457,-1,-1,164,7068,2240
stress-five-minute-soak,12773,25.6895,-1,24.0768,-1.0000,-1.0000,-1.0000,-1.0000,-1.0000,-1.0000,-1.0000,-1.0000,-1.0000,-1,-1,-1,-1,-1,-1,-1,-1,-1,0,0,3224564626638,10.0308,3.2639,19.7793,-1,-1,164,7068,2240
stress-five-minute-soak,12774,30.0394,-1,-1.0000,-1.0000,-1.0000,-1.0000,-1.0000,-1.0000,-1.0000,-1.0000,-1.0000,-1.0000,-1,-1,-1,-1,-1,-1,-1,-1,-1,0,0,3224564924847,5.9102,4.3170,20.6189,-1,-1,164,7068,2240
stress-five-minute-soak,12849,25.6522,-1,11.7371,-1.0000,-1.0000,-1.0000,-1.0000,-1.0000,-1.0000,-1.0000,-1.0000,-1.0000,-1,-1,-1,-1,-1,-1,-1,-1,-1,0,0,3224575649858,4.6007,3.2538,11.7262,-1,-1,164,7070,2242
stress-five-minute-soak,12850,39.1208,-1,25.0839,-1.0000,-1.0000,-1.0000,-1.0000,-1.0000,-1.0000,-1.0000,-1.0000,-1.0000,-1,-1,-1,-1,-1,-1,-1,-1,-1,0,0,3224575813192,5.1529,3.6186,6.3981,-1,-1,164,7070,2242
stress-five-minute-soak,12851,80.4698,-1,38.5659,-1.0000,-1.0000,-1.0000,-1.0000,-1.0000,-1.0000,-1.0000,-1.0000,-1.0000,-1,-1,-1,-1,-1,-1,-1,-1,-1,0,0,3224575928806,4.8380,3.1214,6.4963,-1,-1,164,7070,2242
stress-five-minute-soak,12852,70.2093,-1,80.0589,-1.0000,-1.0000,-1.0000,-1.0000,-1.0000,-1.0000,-1.0000,-1.0000,-1.0000,-1,-1,-1,-1,-1,-1,-1,-1,-1,0,0,3224576042243,11.4047,3.1972,14.2389,-1,-1,164,7070,2242
stress-five-minute-soak,12855,23.2756,-1,-1.0000,-1.0000,-1.0000,-1.0000,-1.0000,-1.0000,-1.0000,-1.0000,-1.0000,-1.0000,-1,-1,-1,-1,-1,-1,-1,-1,-1,0,0,3224577494698,13.5939,4.6311,56.6060,-1,-1,164,7071,2247
stress-five-minute-soak,12882,70.2412,-1,14.6191,-1.0000,-1.0000,-1.0000,-1.0000,-1.0000,-1.0000,-1.0000,-1.0000,-1.0000,-1,-1,-1,-1,-1,-1,-1,-1,-1,0,0,3224581932342,4.9491,3.5041,12.8753,-1,-1,164,7075,2247
stress-five-minute-soak,12883,80.4086,-1,69.7201,-1.0000,-1.0000,-1.0000,-1.0000,-1.0000,-1.0000,-1.0000,-1.0000,-1.0000,-1,-1,-1,-1,-1,-1,-1,-1,-1,0,0,3224582110700,10.5182,3.4642,5.1526,-1,-1,164,7075,2247
stress-five-minute-soak,12884,80.0841,-1,80.2908,-1.0000,-1.0000,-1.0000,-1.0000,-1.0000,-1.0000,-1.0000,-1.0000,-1.0000,-1,-1,-1,-1,-1,-1,-1,-1,-1,0,0,3224582267530,4.5285,3.2352,10.6129,-1,-1,164,7071,2247
stress-five-minute-soak,12885,79.5470,-1,80.1628,-1.0000,-1.0000,-1.0000,-1.0000,-1.0000,-1.0000,-1.0000,-1.0000,-1.0000,-1,-1,-1,-1,-1,-1,-1,-1,-1,0,0,3224582419043,4.6341,3.8337,65.6083,-1,-1,164,7075,2247
stress-five-minute-soak,12886,76.4116,-1,78.8449,-1.0000,-1.0000,-1.0000,-1.0000,-1.0000,-1.0000,-1.0000,-1.0000,-1.0000,-1,-1,-1,-1,-1,-1,-1,-1,-1,0,0,3224583121631,42.5490,4.0771,37.8181,-1,-1,164,7075,2247
stress-five-minute-soak,12887,27.9702,-1,-1.0000,-1.0000,-1.0000,-1.0000,-1.0000,-1.0000,-1.0000,-1.0000,-1.0000,-1.0000,-1,-1,-1,-1,-1,-1,-1,-1,-1,0,0,3224583925547,11.7506,3.5202,68.3372,-1,-1,164,7075,2247
stress-five-minute-soak,12916,47.9588,-1,17.7912,-1.0000,-1.0000,-1.0000,-1.0000,-1.0000,-1.0000,-1.0000,-1.0000,-1.0000,-1,-1,-1,-1,-1,-1,-1,-1,-1,0,0,3224589840216,4.3195,3.9891,14.4520,-1,-1,164,7073,2245
stress-five-minute-soak,12917,80.4728,-1,47.0426,-1.0000,-1.0000,-1.0000,-1.0000,-1.0000,-1.0000,-1.0000,-1.0000,-1.0000,-1,-1,-1,-1,-1,-1,-1,-1,-1,0,0,3224590028043,13.2666,3.1229,4.2043,-1,-1,164,7073,2245
stress-five-minute-soak,12918,79.9400,-1,79.9171,-1.0000,-1.0000,-1.0000,-1.0000,-1.0000,-1.0000,-1.0000,-1.0000,-1.0000,-1,-1,-1,-1,-1,-1,-1,-1,-1,0,0,3224590202847,4.4298,3.4480,13.3809,-1,-1,164,7073,2245
stress-five-minute-soak,12919,80.0863,-1,80.3246,-1.0000,-1.0000,-1.0000,-1.0000,-1.0000,-1.0000,-1.0000,-1.0000,-1.0000,-1,-1,-1,-1,-1,-1,-1,-1,-1,0,0,3224590381070,4.2807,3.3191,43.6694,-1,-1,164,7073,2245
stress-five-minute-soak,12920,81.3942,-1,80.1751,-1.0000,-1.0000,-1.0000,-1.0000,-1.0000,-1.0000,-1.0000,-1.0000,-1.0000,-1,-1,-1,-1,-1,-1,-1,-1,-1,0,0,3224590860688,12.5716,3.5273,67.9205,-1,-1,164,7073,2245
stress-five-minute-soak,12921,62.6251,-1,80.6134,-1.0000,-1.0000,-1.0000,-1.0000,-1.0000,-1.0000,-1.0000,-1.0000,-1.0000,-1,-1,-1,-1,-1,-1,-1,-1,-1,0,0,3224591665820,48.9348,3.5711,30.9380,-1,-1,164,7069,2245
stress-five-minute-soak,12922,33.2656,-1,-1.0000,-1.0000,-1.0000,-1.0000,-1.0000,-1.0000,-1.0000,-1.0000,-1.0000,-1.0000,-1,-1,-1,-1,-1,-1,-1,-1,-1,0,0,3224592464792,11.0673,3.2763,69.0244,-1,-1,164,7073,2245
stress-five-minute-soak,12951,47.4873,-1,17.0332,-1.0000,-1.0000,-1.0000,-1.0000,-1.0000,-1.0000,-1.0000,-1.0000,-1.0000,-1,-1,-1,-1,-1,-1,-1,-1,-1,0,0,3224598297487,4.8631,3.5200,7.9224,-1,-1,164,7073,2249
stress-five-minute-soak,12952,80.9848,-1,46.7351,-1.0000,-1.0000,-1.0000,-1.0000,-1.0000,-1.0000,-1.0000,-1.0000,-1.0000,-1,-1,-1,-1,-1,-1,-1,-1,-1,0,0,3224598425447,4.4688,3.4156,9.5176,-1,-1,164,7077,2249
stress-five-minute-soak,12953,79.2355,-1,80.5786,-1.0000,-1.0000,-1.0000,-1.0000,-1.0000,-1.0000,-1.0000,-1.0000,-1.0000,-1,-1,-1,-1,-1,-1,-1,-1,-1,0,0,3224598565446,11.6908,3.1517,5.1747,-1,-1,164,7077,2249
stress-five-minute-soak,12954,57.3576,-1,79.6116,-1.0000,-1.0000,-1.0000,-1.0000,-1.0000,-1.0000,-1.0000,-1.0000,-1.0000,-1,-1,-1,-1,-1,-1,-1,-1,-1,0,0,3224598734229,4.1858,5.5403,43.3074,-1,-1,164,7077,2249
stress-five-minute-soak,12955,27.3669,-1,57.3358,-1.0000,-1.0000,-1.0000,-1.0000,-1.0000,-1.0000,-1.0000,-1.0000,-1.0000,-1,-1,-1,-1,-1,-1,-1,-1,-1,0,0,3224599209347,35.3344,3.5256,45.6048,-1,-1,164,7077,2249
stress-five-minute-soak,12956,23.9622,-1,28.1605,-1.0000,-1.0000,-1.0000,-1.0000,-1.0000,-1.0000,-1.0000,-1.0000,-1.0000,-1,-1,-1,-1,-1,-1,-1,-1,-1,0,0,3224600018967,20.7744,3.2081,58.4496,-1,-1,164,7077,2249
stress-five-minute-soak,12991,60.6394,-1,15.0077,-1.0000,-1.0000,-1.0000,-1.0000,-1.0000,-1.0000,-1.0000,-1.0000,-1.0000,-1,-1,-1,-1,-1,-1,-1,-1,-1,0,0,3224606345180,4.2831,3.2702,10.2113,-1,-1,164,7073,2245
stress-five-minute-soak,12992,82.0027,-1,60.9528,-1.0000,-1.0000,-1.0000,-1.0000,-1.0000,-1.0000,-1.0000,-1.0000,-1.0000,-1,-1,-1,-1,-1,-1,-1,-1,-1,0,0,3224606490227,4.1582,4.1059,12.8282,-1,-1,164,7073,2245
stress-five-minute-soak,12993,80.6838,-1,80.8960,-1.0000,-1.0000,-1.0000,-1.0000,-1.0000,-1.0000,-1.0000,-1.0000,-1.0000,-1,-1,-1,-1,-1,-1,-1,-1,-1,0,0,3224606660188,11.8892,3.3508,4.3837,-1,-1,164,7073,2245
stress-five-minute-soak,12994,78.8469,-1,80.2043,-1.0000,-1.0000,-1.0000,-1.0000,-1.0000,-1.0000,-1.0000,-1.0000,-1.0000,-1,-1,-1,-1,-1,-1,-1,-1,-1,0,0,3224606823010,4.1266,4.0637,56.5170,-1,-1,164,7069,2245
stress-five-minute-soak,12995,80.3099,-1,79.7261,-1.0000,-1.0000,-1.0000,-1.0000,-1.0000,-1.0000,-1.0000,-1.0000,-1.0000,-1,-1,-1,-1,-1,-1,-1,-1,-1,0,0,3224607429655,28.5615,3.4649,53.4070,-1,-1,164,7073,2245
stress-five-minute-soak,12996,43.7922,-1,80.0259,-1.0000,-1.0000,-1.0000,-1.0000,-1.0000,-1.0000,-1.0000,-1.0000,-1.0000,-1,-1,-1,-1,-1,-1,-1,-1,-1,0,0,3224608249662,45.0311,3.3398,35.6121,-1,-1,164,7073,2245
stress-five-minute-soak,13026,23.1957,-1,17.3937,-1.0000,-1.0000,-1.0000,-1.0000,-1.0000,-1.0000,-1.0000,-1.0000,-1.0000,-1,-1,-1,-1,-1,-1,-1,-1,-1,0,0,3224614577714,10.1418,3.5979,6.4725,-1,-1,164,7074,2246
stress-five-minute-soak,13027,59.4444,-1,23.1014,-1.0000,-1.0000,-1.0000,-1.0000,-1.0000,-1.0000,-1.0000,-1.0000,-1.0000,-1,-1,-1,-1,-1,-1,-1,-1,-1,0,0,3224614743957,4.3740,4.4855,7.3126,-1,-1,164,7074,2246
stress-five-minute-soak,13028,79.6241,-1,58.7164,-1.0000,-1.0000,-1.0000,-1.0000,-1.0000,-1.0000,-1.0000,-1.0000,-1.0000,-1,-1,-1,-1,-1,-1,-1,-1,-1,0,0,3224614860925,4.3426,3.3624,13.3274,-1,-1,164,7074,2246
stress-five-minute-soak,13029,76.5392,-1,80.1004,-1.0000,-1.0000,-1.0000,-1.0000,-1.0000,-1.0000,-1.0000,-1.0000,-1.0000,-1,-1,-1,-1,-1,-1,-1,-1,-1,0,0,3224615037731,12.3517,3.3041,10.8302,-1,-1,164,7074,2246
stress-five-minute-soak,13030,31.0781,-1,75.4647,-1.0000,-1.0000,-1.0000,-1.0000,-1.0000,-1.0000,-1.0000,-1.0000,-1.0000,-1,-1,-1,-1,-1,-1,-1,-1,-1,0,0,3224615269661,4.2503,3.3943,55.1841,-1,-1,164,7074,2246
stress-five-minute-soak,13031,23.8009,-1,31.1265,-1.0000,-1.0000,-1.0000,-1.0000,-1.0000,-1.0000,-1.0000,-1.0000,-1.0000,-1,-1,-1,-1,-1,-1,-1,-1,-1,0,0,3224615864115,10.9800,3.4770,68.6333,-1,-1,164,7074,2246
stress-five-minute-soak,13072,26.8459,-1,18.3444,-1.0000,-1.0000,-1.0000,-1.0000,-1.0000,-1.0000,-1.0000,-1.0000,-1.0000,-1,-1,-1,-1,-1,-1,-1,-1,-1,0,0,3224622978902,4.5520,3.7165,7.1057,-1,-1,164,7071,2247
stress-five-minute-soak,13073,34.4634,-1,26.3949,-1.0000,-1.0000,-1.0000,-1.0000,-1.0000,-1.0000,-1.0000,-1.0000,-1.0000,-1,-1,-1,-1,-1,-1,-1,-1,-1,0,0,3224623095584,11.9805,3.6008,0.0099,-1,-1,164,7071,2247
stress-five-minute-soak,13074,34.0342,-1,-1.0000,-1.0000,-1.0000,-1.0000,-1.0000,-1.0000,-1.0000,-1.0000,-1.0000,-1.0000,-1,-1,-1,-1,-1,-1,-1,-1,-1,0,0,3224623215630,4.8460,4.0265,17.0428,-1,-1,164,7075,2247
stress-five-minute-soak,13075,36.7630,-1,33.8747,-1.0000,-1.0000,-1.0000,-1.0000,-1.0000,-1.0000,-1.0000,-1.0000,-1.0000,-1,-1,-1,-1,-1,-1,-1,-1,-1,0,0,3224623434577,4.6932,3.4404,22.1414,-1,-1,164,7075,2247
stress-five-minute-soak,13076,30.6296,-1,32.1966,-1.0000,-1.0000,-1.0000,-1.0000,-1.0000,-1.0000,-1.0000,-1.0000,-1.0000,-1,-1,-1,-1,-1,-1,-1,-1,-1,0,0,3224623703040,10.4854,5.6991,24.0637,-1,-1,164,7075,2247
stress-five-minute-soak,13077,30.7849,-1,31.6047,-1.0000,-1.0000,-1.0000,-1.0000,-1.0000,-1.0000,-1.0000,-1.0000,-1.0000,-1,-1,-1,-1,-1,-1,-1,-1,-1,0,0,3224624048729,33.8857,3.3679,0.0138,-1,-1,164,7075,2247
stress-five-minute-soak,13078,24.4221,-1,29.8924,-1.0000,-1.0000,-1.0000,-1.0000,-1.0000,-1.0000,-1.0000,-1.0000,-1.0000,-1,-1,-1,-1,-1,-1,-1,-1,-1,0,0,3224624388008,7.1676,3.7971,29.5916,-1,-1,164,7075,2247
stress-five-minute-soak,13119,38.9581,-1,10.9650,-1.0000,-1.0000,-1.0000,-1.0000,-1.0000,-1.0000,-1.0000,-1.0000,-1.0000,-1,-1,-1,-1,-1,-1,-1,-1,-1,0,0,3224631037236,11.1146,3.6303,1.3183,-1,-1,164,7078,2250
stress-five-minute-soak,13120,82.0453,-1,40.0179,-1.0000,-1.0000,-1.0000,-1.0000,-1.0000,-1.0000,-1.0000,-1.0000,-1.0000,-1,-1,-1,-1,-1,-1,-1,-1,-1,0,0,3224631161674,4.9617,3.4713,8.4849,-1,-1,164,7078,2250
stress-five-minute-soak,13121,80.6784,-1,80.8079,-1.0000,-1.0000,-1.0000,-1.0000,-1.0000,-1.0000,-1.0000,-1.0000,-1.0000,-1,-1,-1,-1,-1,-1,-1,-1,-1,0,0,3224631296207,4.4038,3.4181,7.0666,-1,-1,164,7078,2250
stress-five-minute-soak,13122,80.0206,-1,80.3451,-1.0000,-1.0000,-1.0000,-1.0000,-1.0000,-1.0000,-1.0000,-1.0000,-1.0000,-1,-1,-1,-1,-1,-1,-1,-1,-1,0,0,3224631411013,4.9630,3.1293,33.9844,-1,-1,164,7078,2250
stress-five-minute-soak,13123,78.8388,-1,80.1546,-1.0000,-1.0000,-1.0000,-1.0000,-1.0000,-1.0000,-1.0000,-1.0000,-1.0000,-1,-1,-1,-1,-1,-1,-1,-1,-1,0,0,3224631800603,10.4148,3.7808,71.6341,-1,-1,164,7074,2250
stress-five-minute-soak,13124,50.7460,-1,78.5469,-1.0000,-1.0000,-1.0000,-1.0000,-1.0000,-1.0000,-1.0000,-1.0000,-1.0000,-1,-1,-1,-1,-1,-1,-1,-1,-1,0,0,3224632621213,25.1580,3.6010,55.4905,-1,-1,164,7078,2250
stress-five-minute-soak,13157,41.6257,-1,18.0787,-1.0000,-1.0000,-1.0000,-1.0000,-1.0000,-1.0000,-1.0000,-1.0000,-1.0000,-1,-1,-1,-1,-1,-1,-1,-1,-1,0,0,3224639161833,10.8744,3.3695,6.1081,-1,-1,164,7078,2250
stress-five-minute-soak,13158,79.2938,-1,41.0391,-1.0000,-1.0000,-1.0000,-1.0000,-1.0000,-1.0000,-1.0000,-1.0000,-1.0000,-1,-1,-1,-1,-1,-1,-1,-1,-1,0,0,3224639331775,4.4068,3.3225,13.3859,-1,-1,164,7078,2250
stress-five-minute-soak,13159,81.4853,-1,80.2670,-1.0000,-1.0000,-1.0000,-1.0000,-1.0000,-1.0000,-1.0000,-1.0000,-1.0000,-1,-1,-1,-1,-1,-1,-1,-1,-1,0,0,3224639509812,4.8532,3.4566,13.7190,-1,-1,164,7078,2250
stress-five-minute-soak,13160,63.1856,-1,80.3640,-1.0000,-1.0000,-1.0000,-1.0000,-1.0000,-1.0000,-1.0000,-1.0000,-1.0000,-1,-1,-1,-1,-1,-1,-1,-1,-1,0,0,3224639695652,10.5361,3.4364,31.0765,-1,-1,164,7078,2250
stress-five-minute-soak,13161,30.8770,-1,63.0170,-1.0000,-1.0000,-1.0000,-1.0000,-1.0000,-1.0000,-1.0000,-1.0000,-1.0000,-1,-1,-1,-1,-1,-1,-1,-1,-1,0,0,3224640111920,11.9792,4.0973,67.3011,-1,-1,164,7078,2250
stress-five-minute-soak,13162,23.2764,-1,30.3293,-1.0000,-1.0000,-1.0000,-1.0000,-1.0000,-1.0000,-1.0000,-1.0000,-1.0000,-1,-1,-1,-1,-1,-1,-1,-1,-1,0,0,3224640904847,11.7785,3.3027,69.6957,-1,-1,164,7078,2250
stress-five-minute-soak,13285,30.4116,-1,22.3465,-1.0000,-1.0000,-1.0000,-1.0000,-1.0000,-1.0000,-1.0000,-1.0000,-1.0000,-1,-1,-1,-1,-1,-1,-1,-1,-1,0,0,3224659854485,4.3823,3.5940,7.9402,-1,-1,164,7077,2249
stress-five-minute-soak,13286,31.8417,-1,30.4883,-1.0000,-1.0000,-1.0000,-1.0000,-1.0000,-1.0000,-1.0000,-1.0000,-1.0000,-1,-1,-1,-1,-1,-1,-1,-1,-1,0,0,3224659977817,4.8474,3.5293,7.3317,-1,-1,164,7077,2249
stress-five-minute-soak,13287,32.8160,-1,31.4734,-1.0000,-1.0000,-1.0000,-1.0000,-1.0000,-1.0000,-1.0000,-1.0000,-1.0000,-1,-1,-1,-1,-1,-1,-1,-1,-1,0,0,3224660099728,12.3521,3.3800,9.7429,-1,-1,164,7077,2249
stress-five-minute-soak,13288,31.0690,-1,31.6559,-1.0000,-1.0000,-1.0000,-1.0000,-1.0000,-1.0000,-1.0000,-1.0000,-1.0000,-1,-1,-1,-1,-1,-1,-1,-1,-1,0,0,3224660320800,4.2497,3.3084,26.1499,-1,-1,164,7077,2249
stress-five-minute-soak,13289,30.0871,-1,31.3180,-1.0000,-1.0000,-1.0000,-1.0000,-1.0000,-1.0000,-1.0000,-1.0000,-1.0000,-1,-1,-1,-1,-1,-1,-1,-1,-1,0,0,3224660624909,10.3214,3.3233,21.5086,-1,-1,164,7077,2249
stress-five-minute-soak,13290,29.3347,-1,30.6381,-1.0000,-1.0000,-1.0000,-1.0000,-1.0000,-1.0000,-1.0000,-1.0000,-1.0000,-1,-1,-1,-1,-1,-1,-1,-1,-1,0,0,3224660943323,4.9363,3.3456,27.8709,-1,-1,164,7077,2249
stress-five-minute-soak,13291,22.3262,-1,28.3361,-1.0000,-1.0000,-1.0000,-1.0000,-1.0000,-1.0000,-1.0000,-1.0000,-1.0000,-1,-1,-1,-1,-1,-1,-1,-1,-1,0,0,3224661271503,10.0926,3.1165,20.9641,-1,-1,164,7081,2253
stress-five-minute-soak,13319,35.7795,-1,21.5654,-1.0000,-1.0000,-1.0000,-1.0000,-1.0000,-1.0000,-1.0000,-1.0000,-1.0000,-1,-1,-1,-1,-1,-1,-1,-1,-1,0,0,3224665854749,4.7238,3.8591,10.0369,-1,-1,164,7081,2253
stress-five-minute-soak,13320,35.9007,-1,-1.0000,-1.0000,-1.0000,-1.0000,-1.0000,-1.0000,-1.0000,-1.0000,-1.0000,-1.0000,-1,-1,-1,-1,-1,-1,-1,-1,-1,0,0,3224666002471,4.5158,3.4601,11.0597,-1,-1,164,7081,2253
stress-five-minute-soak,13375,22.4086,-1,-1.0000,-1.0000,-1.0000,-1.0000,-1.0000,-1.0000,-1.0000,-1.0000,-1.0000,-1.0000,-1,-1,-1,-1,-1,-1,-1,-1,-1,0,0,3224674737213,8.4415,6.9889,4.2174,-1,-1,164,7080,2252
stress-five-minute-soak,13404,25.0414,-1,-1.0000,-1.0000,-1.0000,-1.0000,-1.0000,-1.0000,-1.0000,-1.0000,-1.0000,-1.0000,-1,-1,-1,-1,-1,-1,-1,-1,-1,0,0,3224679064986,18.9063,5.7433,0.0132,-1,-1,164,7080,2252
stress-five-minute-soak,13407,25.0476,-1,12.4472,-1.0000,-1.0000,-1.0000,-1.0000,-1.0000,-1.0000,-1.0000,-1.0000,-1.0000,-1,-1,-1,-1,-1,-1,-1,-1,-1,0,0,3224679534081,25.0099,5.9894,0.0146,-1,-1,164,7080,2252
stress-five-minute-soak,13483,22.7056,-1,-1.0000,-1.0000,-1.0000,-1.0000,-1.0000,-1.0000,-1.0000,-1.0000,-1.0000,-1.0000,-1,-1,-1,-1,-1,-1,-1,-1,-1,0,0,3224691489471,7.4084,6.0722,7.7609,-1,-1,164,7082,2254
stress-five-minute-soak,13486,31.1015,-1,-1.0000,-1.0000,-1.0000,-1.0000,-1.0000,-1.0000,-1.0000,-1.0000,-1.0000,-1.0000,-1,-1,-1,-1,-1,-1,-1,-1,-1,0,0,3224692045625,22.6622,6.5946,0.0129,-1,-1,164,7082,2254
stress-five-minute-soak,13488,22.9659,-1,-1.0000,-1.0000,-1.0000,-1.0000,-1.0000,-1.0000,-1.0000,-1.0000,-1.0000,-1.0000,-1,-1,-1,-1,-1,-1,-1,-1,-1,0,0,3224692461236,7.6316,6.0215,6.5361,-1,-1,164,7080,2254
stress-five-minute-soak,13491,23.0006,-1,13.3274,-1.0000,-1.0000,-1.0000,-1.0000,-1.0000,-1.0000,-1.0000,-1.0000,-1.0000,-1,-1,-1,-1,-1,-1,-1,-1,-1,0,0,3224693100152,22.9237,5.7862,0.0116,-1,-1,164,7078,2254
stress-five-minute-soak,13499,23.1668,-1,-1.0000,-1.0000,-1.0000,-1.0000,-1.0000,-1.0000,-1.0000,-1.0000,-1.0000,-1.0000,-1,-1,-1,-1,-1,-1,-1,-1,-1,0,0,3224694513470,9.3594,4.9518,4.6975,-1,-1,164,7082,2254
stress-five-minute-soak,13532,22.3297,-1,11.6209,-1.0000,-1.0000,-1.0000,-1.0000,-1.0000,-1.0000,-1.0000,-1.0000,-1.0000,-1,-1,-1,-1,-1,-1,-1,-1,-1,0,0,3224699598541,17.3622,6.6423,0.0304,-1,-1,164,7082,2254
stress-five-minute-soak,13540,23.0145,-1,19.5607,-1.0000,-1.0000,-1.0000,-1.0000,-1.0000,-1.0000,-1.0000,-1.0000,-1.0000,-1,-1,-1,-1,-1,-1,-1,-1,-1,0,0,3224700898761,8.2139,4.9059,3.2188,-1,-1,164,7082,2254
stress-five-minute-soak,13541,23.8323,-1,22.4543,-1.0000,-1.0000,-1.0000,-1.0000,-1.0000,-1.0000,-1.0000,-1.0000,-1.0000,-1,-1,-1,-1,-1,-1,-1,-1,-1,0,0,3224701013420,7.1014,6.3170,8.2702,-1,-1,164,7082,2254
stress-five-minute-soak,13542,23.5438,-1,22.8739,-1.0000,-1.0000,-1.0000,-1.0000,-1.0000,-1.0000,-1.0000,-1.0000,-1.0000,-1,-1,-1,-1,-1,-1,-1,-1,-1,0,0,3224701167226,19.5464,5.8227,0.4565,-1,-1,164,7082,2254
stress-five-minute-soak,13543,24.3223,-1,23.5039,-1.0000,-1.0000,-1.0000,-1.0000,-1.0000,-1.0000,-1.0000,-1.0000,-1.0000,-1,-1,-1,-1,-1,-1,-1,-1,-1,0,0,3224701367412,7.4392,5.7649,15.5753,-1,-1,164,7082,2254
stress-five-minute-soak,13544,23.1009,-1,23.7094,-1.0000,-1.0000,-1.0000,-1.0000,-1.0000,-1.0000,-1.0000,-1.0000,-1.0000,-1,-1,-1,-1,-1,-1,-1,-1,-1,0,0,3224701597654,17.4196,5.8931,6.3916,-1,-1,164,7082,2254
stress-five-minute-soak,13545,23.4735,-1,-1.0000,-1.0000,-1.0000,-1.0000,-1.0000,-1.0000,-1.0000,-1.0000,-1.0000,-1.0000,-1,-1,-1,-1,-1,-1,-1,-1,-1,0,0,3224701835939,8.3593,5.9104,15.1711,-1,-1,164,7082,2254
stress-five-minute-soak,13546,25.8046,-1,23.7363,-1.0000,-1.0000,-1.0000,-1.0000,-1.0000,-1.0000,-1.0000,-1.0000,-1.0000,-1,-1,-1,-1,-1,-1,-1,-1,-1,0,0,3224702071405,17.2223,5.8462,7.0843,-1,-1,164,7082,2254
stress-five-minute-soak,13569,26.7389,-1,-1.0000,-1.0000,-1.0000,-1.0000,-1.0000,-1.0000,-1.0000,-1.0000,-1.0000,-1.0000,-1,-1,-1,-1,-1,-1,-1,-1,-1,0,0,3224706132066,18.3451,5.7343,0.0123,-1,-1,164,7085,2257
stress-five-minute-soak,13572,85.5119,-1,13.3768,-1.0000,-1.0000,-1.0000,-1.0000,-1.0000,-1.0000,-1.0000,-1.0000,-1.0000,-1,-1,-1,-1,-1,-1,-1,-1,-1,0,0,3224706687761,26.7019,4.5607,0.0160,-1,-1,164,7085,2257
stress-five-minute-soak,13573,81.2941,-1,81.5601,-1.0000,-1.0000,-1.0000,-1.0000,-1.0000,-1.0000,-1.0000,-1.0000,-1.0000,-1,-1,-1,-1,-1,-1,-1,-1,-1,0,0,3224706955192,8.1310,6.0504,6.8311,-1,-1,164,7085,2257
stress-five-minute-soak,13574,81.1730,-1,80.2043,-1.0000,-1.0000,-1.0000,-1.0000,-1.0000,-1.0000,-1.0000,-1.0000,-1.0000,-1,-1,-1,-1,-1,-1,-1,-1,-1,0,0,3224707104906,16.1050,5.9242,0.0148,-1,-1,164,7081,2257
stress-five-minute-soak,13575,80.2610,-1,80.9334,-1.0000,-1.0000,-1.0000,-1.0000,-1.0000,-1.0000,-1.0000,-1.0000,-1.0000,-1,-1,-1,-1,-1,-1,-1,-1,-1,0,0,3224707266309,7.8878,4.6932,77.6171,-1,-1,164,7085,2257
stress-five-minute-soak,13576,79.1581,-1,80.6011,-1.0000,-1.0000,-1.0000,-1.0000,-1.0000,-1.0000,-1.0000,-1.0000,-1.0000,-1,-1,-1,-1,-1,-1,-1,-1,-1,0,0,3224708121433,34.6133,5.8738,46.6672,-1,-1,164,7085,2257
stress-five-minute-soak,13584,22.6422,-1,-1.0000,-1.0000,-1.0000,-1.0000,-1.0000,-1.0000,-1.0000,-1.0000,-1.0000,-1.0000,-1,-1,-1,-1,-1,-1,-1,-1,-1,0,0,3224712033628,19.4386,5.8072,0.0128,-1,-1,164,7085,2257
stress-five-minute-soak,13602,61.7814,-1,17.2452,-1.0000,-1.0000,-1.0000,-1.0000,-1.0000,-1.0000,-1.0000,-1.0000,-1.0000,-1,-1,-1,-1,-1,-1,-1,-1,-1,0,0,3224714792441,10.7175,5.8421,9.8781,-1,-1,164,7085,2257
stress-five-minute-soak,13603,79.6534,-1,56.8975,-1.0000,-1.0000,-1.0000,-1.0000,-1.0000,-1.0000,-1.0000,-1.0000,-1.0000,-1,-1,-1,-1,-1,-1,-1,-1,-1,0,0,3224714998478,6.9841,4.9328,11.0307,-1,-1,164,7085,2257
stress-five-minute-soak,13604,74.2098,-1,80.2918,-1.0000,-1.0000,-1.0000,-1.0000,-1.0000,-1.0000,-1.0000,-1.0000,-1.0000,-1,-1,-1,-1,-1,-1,-1,-1,-1,0,0,3224715178779,21.1104,5.1041,0.0215,-1,-1,164,7085,2257
stress-five-minute-soak,13605,32.0604,-1,-1.0000,-1.0000,-1.0000,-1.0000,-1.0000,-1.0000,-1.0000,-1.0000,-1.0000,-1.0000,-1,-1,-1,-1,-1,-1,-1,-1,-1,0,0,3224715390334,7.8366,5.7229,53.9385,-1,-1,164,7085,2257
stress-five-minute-soak,13606,24.0146,-1,30.9691,-1.0000,-1.0000,-1.0000,-1.0000,-1.0000,-1.0000,-1.0000,-1.0000,-1.0000,-1,-1,-1,-1,-1,-1,-1,-1,-1,0,0,3224716008190,21.0377,6.1068,58.5947,-1,-1,164,7085,2257
stress-five-minute-soak,13635,22.8466,-1,-1.0000,-1.0000,-1.0000,-1.0000,-1.0000,-1.0000,-1.0000,-1.0000,-1.0000,-1.0000,-1,-1,-1,-1,-1,-1,-1,-1,-1,0,0,3224722070897,21.7245,6.0745,0.0185,-1,-1,164,7089,2261
stress-five-minute-soak,13649,22.4758,-1,-1.0000,-1.0000,-1.0000,-1.0000,-1.0000,-1.0000,-1.0000,-1.0000,-1.0000,-1.0000,-1,-1,-1,-1,-1,-1,-1,-1,-1,0,0,3224724551705,19.6232,5.6573,0.0195,-1,-1,164,7089,2261
stress-five-minute-soak,13665,23.0179,-1,11.8764,-1.0000,-1.0000,-1.0000,-1.0000,-1.0000,-1.0000,-1.0000,-1.0000,-1.0000,-1,-1,-1,-1,-1,-1,-1,-1,-1,0,0,3224727102428,17.7851,5.8126,0.0161,-1,-1,164,7089,2261
stress-five-minute-soak,13681,24.9005,-1,11.6393,-1.0000,-1.0000,-1.0000,-1.0000,-1.0000,-1.0000,-1.0000,-1.0000,-1.0000,-1,-1,-1,-1,-1,-1,-1,-1,-1,0,0,3224729554733,18.5298,5.5821,0.0148,-1,-1,164,7087,2259
stress-five-minute-soak,13717,22.5083,-1,11.7678,-1.0000,-1.0000,-1.0000,-1.0000,-1.0000,-1.0000,-1.0000,-1.0000,-1.0000,-1,-1,-1,-1,-1,-1,-1,-1,-1,0,0,3224735058638,20.8213,6.0171,0.0123,-1,-1,164,7087,2259
stress-five-minute-soak,13718,23.1994,-1,11.6470,-1.0000,-1.0000,-1.0000,-1.0000,-1.0000,-1.0000,-1.0000,-1.0000,-1.0000,-1,-1,-1,-1,-1,-1,-1,-1,-1,0,0,3224735267069,8.8127,6.3863,5.4093,-1,-1,164,7087,2259
stress-five-minute-soak,13720,27.8450,-1,18.4384,-1.0000,-1.0000,-1.0000,-1.0000,-1.0000,-1.0000,-1.0000,-1.0000,-1.0000,-1,-1,-1,-1,-1,-1,-1,-1,-1,0,0,3224735529368,22.4778,6.1329,0.0122,-1,-1,164,7087,2259
stress-five-minute-soak,13721,30.8972,-1,27.9078,-1.0000,-1.0000,-1.0000,-1.0000,-1.0000,-1.0000,-1.0000,-1.0000,-1.0000,-1,-1,-1,-1,-1,-1,-1,-1,-1,0,0,3224735754382,7.7430,5.8182,15.4549,-1,-1,164,7087,2259
stress-five-minute-soak,13722,32.1449,-1,29.9500,-1.0000,-1.0000,-1.0000,-1.0000,-1.0000,-1.0000,-1.0000,-1.0000,-1.0000,-1,-1,-1,-1,-1,-1,-1,-1,-1,0,0,3224735986437,8.6723,5.7194,9.5709,-1,-1,164,7087,2259
stress-five-minute-soak,13723,33.0451,-1,32.7603,-1.0000,-1.0000,-1.0000,-1.0000,-1.0000,-1.0000,-1.0000,-1.0000,-1.0000,-1,-1,-1,-1,-1,-1,-1,-1,-1,0,0,3224736169046,17.4929,6.0622,10.3281,-1,-1,164,7088,2259
stress-five-minute-soak,13724,32.3915,-1,32.8980,-1.0000,-1.0000,-1.0000,-1.0000,-1.0000,-1.0000,-1.0000,-1.0000,-1.0000,-1,-1,-1,-1,-1,-1,-1,-1,-1,0,0,3224736447418,7.2277,6.1844,23.7326,-1,-1,164,7087,2258
stress-five-minute-soak,13725,29.7288,-1,32.0630,-1.0000,-1.0000,-1.0000,-1.0000,-1.0000,-1.0000,-1.0000,-1.0000,-1.0000,-1,-1,-1,-1,-1,-1,-1,-1,-1,0,0,3224736757268,19.3825,5.9226,12.6608,-1,-1,164,7087,2258
stress-five-minute-soak,13726,24.8642,-1,29.8417,-1.0000,-1.0000,-1.0000,-1.0000,-1.0000,-1.0000,-1.0000,-1.0000,-1.0000,-1,-1,-1,-1,-1,-1,-1,-1,-1,0,0,3224737077867,19.3348,6.5167,13.6933,-1,-1,164,7088,2259
stress-five-minute-soak,13730,23.6120,-1,19.5400,-1.0000,-1.0000,-1.0000,-1.0000,-1.0000,-1.0000,-1.0000,-1.0000,-1.0000,-1,-1,-1,-1,-1,-1,-1,-1,-1,0,0,3224738278149,7.2042,5.4148,14.6360,-1,-1,164,7088,2259
stress-five-minute-soak,13763,24.2510,-1,10.7008,-1.0000,-1.0000,-1.0000,-1.0000,-1.0000,-1.0000,-1.0000,-1.0000,-1.0000,-1,-1,-1,-1,-1,-1,-1,-1,-1,0,0,3224743539495,17.5702,5.8463,0.0171,-1,-1,164,7088,2259
stress-five-minute-soak,13764,80.8360,-1,23.5643,-1.0000,-1.0000,-1.0000,-1.0000,-1.0000,-1.0000,-1.0000,-1.0000,-1.0000,-1,-1,-1,-1,-1,-1,-1,-1,-1,0,0,3224743715519,7.6564,6.8199,7.5318,-1,-1,164,7088,2259
stress-five-minute-soak,13765,79.4820,-1,80.3282,-1.0000,-1.0000,-1.0000,-1.0000,-1.0000,-1.0000,-1.0000,-1.0000,-1.0000,-1,-1,-1,-1,-1,-1,-1,-1,-1,0,0,3224743867474,6.9912,5.1073,4.3305,-1,-1,164,7088,2259
stress-five-minute-soak,13766,38.0026,-1,80.5266,-1.0000,-1.0000,-1.0000,-1.0000,-1.0000,-1.0000,-1.0000,-1.0000,-1.0000,-1,-1,-1,-1,-1,-1,-1,-1,-1,0,0,3224743980855,7.6521,5.9468,16.5884,-1,-1,164,7088,2259
stress-five-minute-soak,13775,23.2452,-1,-1.0000,-1.0000,-1.0000,-1.0000,-1.0000,-1.0000,-1.0000,-1.0000,-1.0000,-1.0000,-1,-1,-1,-1,-1,-1,-1,-1,-1,0,0,3224747074570,18.3620,5.9854,0.0183,-1,-1,164,7087,2258
stress-five-minute-soak,13786,22.9219,-1,16.0072,-1.0000,-1.0000,-1.0000,-1.0000,-1.0000,-1.0000,-1.0000,-1.0000,-1.0000,-1,-1,-1,-1,-1,-1,-1,-1,-1,0,0,3224748724796,7.9807,5.4911,6.9371,-1,-1,164,7088,2259
stress-five-minute-soak,13791,69.9895,-1,17.5411,-1.0000,-1.0000,-1.0000,-1.0000,-1.0000,-1.0000,-1.0000,-1.0000,-1.0000,-1,-1,-1,-1,-1,-1,-1,-1,-1,0,0,3224749600798,17.2589,5.7361,0.7039,-1,-1,164,7088,2259
stress-five-minute-soak,13792,79.7397,-1,69.7510,-1.0000,-1.0000,-1.0000,-1.0000,-1.0000,-1.0000,-1.0000,-1.0000,-1.0000,-1,-1,-1,-1,-1,-1,-1,-1,-1,0,0,3224749780579,8.6383,5.3963,11.9913,-1,-1,164,7088,2259
stress-five-minute-soak,13793,81.0623,-1,80.4454,-1.0000,-1.0000,-1.0000,-1.0000,-1.0000,-1.0000,-1.0000,-1.0000,-1.0000,-1,-1,-1,-1,-1,-1,-1,-1,-1,0,0,3224749987105,10.5364,5.0533,6.8525,-1,-1,164,7088,2259
stress-five-minute-soak,13794,79.3191,-1,80.2335,-1.0000,-1.0000,-1.0000,-1.0000,-1.0000,-1.0000,-1.0000,-1.0000,-1.0000,-1,-1,-1,-1,-1,-1,-1,-1,-1,0,0,3224750161147,25.2489,6.1118,44.7246,-1,-1,164,7088,2259
stress-five-minute-soak,13795,81.1321,-1,79.8239,-1.0000,-1.0000,-1.0000,-1.0000,-1.0000,-1.0000,-1.0000,-1.0000,-1.0000,-1,-1,-1,-1,-1,-1,-1,-1,-1,0,0,3224750861050,22.3334,5.6110,57.3851,-1,-1,164,7087,2258
stress-five-minute-soak,13796,39.0889,-1,80.2235,-1.0000,-1.0000,-1.0000,-1.0000,-1.0000,-1.0000,-1.0000,-1.0000,-1.0000,-1,-1,-1,-1,-1,-1,-1,-1,-1,0,0,3224751658427,32.6250,5.9178,48.4189,-1,-1,164,7084,2259
stress-five-minute-soak,13801,23.7691,-1,-1.0000,-1.0000,-1.0000,-1.0000,-1.0000,-1.0000,-1.0000,-1.0000,-1.0000,-1.0000,-1,-1,-1,-1,-1,-1,-1,-1,-1,0,0,3224754603389,19.4839,5.4146,0.0175,-1,-1,164,7089,2260
stress-five-minute-soak,13823,25.3937,-1,18.5943,-1.0000,-1.0000,-1.0000,-1.0000,-1.0000,-1.0000,-1.0000,-1.0000,-1.0000,-1,-1,-1,-1,-1,-1,-1,-1,-1,0,0,3224757978681,8.0089,4.9395,6.0869,-1,-1,164,7085,2260
stress-five-minute-soak,13833,22.9231,-1,-1.0000,-1.0000,-1.0000,-1.0000,-1.0000,-1.0000,-1.0000,-1.0000,-1.0000,-1.0000,-1,-1,-1,-1,-1,-1,-1,-1,-1,0,0,3224759735987,7.9720,6.9486,6.8107,-1,-1,164,7089,2260
stress-five-minute-soak,13847,59.8904,-1,19.4967,-1.0000,-1.0000,-1.0000,-1.0000,-1.0000,-1.0000,-1.0000,-1.0000,-1.0000,-1,-1,-1,-1,-1,-1,-1,-1,-1,0,0,3224762067239,18.1461,5.6966,0.0156,-1,-1,164,7089,2260
stress-five-minute-soak,13848,79.6354,-1,60.0765,-1.0000,-1.0000,-1.0000,-1.0000,-1.0000,-1.0000,-1.0000,-1.0000,-1.0000,-1,-1,-1,-1,-1,-1,-1,-1,-1,0,0,3224762249138,7.3868,5.9643,10.1912,-1,-1,164,7089,2260
stress-five-minute-soak,13849,54.9281,-1,80.2061,-1.0000,-1.0000,-1.0000,-1.0000,-1.0000,-1.0000,-1.0000,-1.0000,-1.0000,-1,-1,-1,-1,-1,-1,-1,-1,-1,0,0,3224762425018,8.1136,6.0428,12.3453,-1,-1,164,7086,2261
stress-five-minute-soak,13863,24.3237,-1,8.8865,-1.0000,-1.0000,-1.0000,-1.0000,-1.0000,-1.0000,-1.0000,-1.0000,-1.0000,-1,-1,-1,-1,-1,-1,-1,-1,-1,0,0,3224766101809,20.0972,5.7860,0.0134,-1,-1,164,7090,2261
stress-five-minute-soak,13868,24.0632,-1,-1.0000,-1.0000,-1.0000,-1.0000,-1.0000,-1.0000,-1.0000,-1.0000,-1.0000,-1.0000,-1,-1,-1,-1,-1,-1,-1,-1,-1,0,0,3224766958258,6.8864,6.3721,8.5416,-1,-1,164,7089,2260
stress-five-minute-soak,13883,24.7205,-1,13.3670,-1.0000,-1.0000,-1.0000,-1.0000,-1.0000,-1.0000,-1.0000,-1.0000,-1.0000,-1,-1,-1,-1,-1,-1,-1,-1,-1,0,0,3224769565867,17.2333,5.7831,0.0155,-1,-1,164,7089,2260
stress-five-minute-soak,13899,25.4651,-1,12.6932,-1.0000,-1.0000,-1.0000,-1.0000,-1.0000,-1.0000,-1.0000,-1.0000,-1.0000,-1,-1,-1,-1,-1,-1,-1,-1,-1,0,0,3224772124963,19.9890,4.9096,0.0134,-1,-1,164,7088,2259
stress-five-minute-soak,13914,24.6979,-1,-1.0000,-1.0000,-1.0000,-1.0000,-1.0000,-1.0000,-1.0000,-1.0000,-1.0000,-1.0000,-1,-1,-1,-1,-1,-1,-1,-1,-1,0,0,3224774531692,17.5705,5.8916,0.0140,-1,-1,164,7089,2260
stress-five-minute-soak,13915,26.0654,-1,19.1037,-1.0000,-1.0000,-1.0000,-1.0000,-1.0000,-1.0000,-1.0000,-1.0000,-1.0000,-1,-1,-1,-1,-1,-1,-1,-1,-1,0,0,3224774707672,7.9511,6.4748,13.4528,-1,-1,164,7089,2260
stress-five-minute-soak,13917,26.3489,-1,19.5154,-1.0000,-1.0000,-1.0000,-1.0000,-1.0000,-1.0000,-1.0000,-1.0000,-1.0000,-1,-1,-1,-1,-1,-1,-1,-1,-1,0,0,3224775089182,24.6551,6.2526,0.0124,-1,-1,164,7089,2260
stress-five-minute-soak,13918,25.3040,-1,-1.0000,-1.0000,-1.0000,-1.0000,-1.0000,-1.0000,-1.0000,-1.0000,-1.0000,-1.0000,-1,-1,-1,-1,-1,-1,-1,-1,-1,0,0,3224775336060,8.9506,6.0719,17.1216,-1,-1,164,7089,2260
stress-five-minute-soak,13919,26.8717,-1,21.9622,-1.0000,-1.0000,-1.0000,-1.0000,-1.0000,-1.0000,-1.0000,-1.0000,-1.0000,-1,-1,-1,-1,-1,-1,-1,-1,-1,0,0,3224775596879,20.6272,5.2149,0.0152,-1,-1,164,7089,2260
stress-five-minute-soak,13921,22.5890,-1,20.0389,-1.0000,-1.0000,-1.0000,-1.0000,-1.0000,-1.0000,-1.0000,-1.0000,-1.0000,-1,-1,-1,-1,-1,-1,-1,-1,-1,0,0,3224776067058,25.2638,6.2452,0.0136,-1,-1,164,7088,2259
stress-five-minute-soak,13922,28.1894,-1,-1.0000,-1.0000,-1.0000,-1.0000,-1.0000,-1.0000,-1.0000,-1.0000,-1.0000,-1.0000,-1,-1,-1,-1,-1,-1,-1,-1,-1,0,0,3224776320094,9.7891,6.6840,17.0726,-1,-1,164,7088,2259
stress-five-minute-soak,13925,25.5830,-1,-1.0000,-1.0000,-1.0000,-1.0000,-1.0000,-1.0000,-1.0000,-1.0000,-1.0000,-1.0000,-1,-1,-1,-1,-1,-1,-1,-1,-1,0,0,3224777027736,28.1459,6.9537,0.0152,-1,-1,164,7088,2259
stress-five-minute-soak,13930,24.4105,-1,13.2303,-1.0000,-1.0000,-1.0000,-1.0000,-1.0000,-1.0000,-1.0000,-1.0000,-1.0000,-1,-1,-1,-1,-1,-1,-1,-1,-1,0,0,3224778080267,19.5954,6.7143,0.0158,-1,-1,164,7084,2259
stress-five-minute-soak,13938,25.3999,-1,-1.0000,-1.0000,-1.0000,-1.0000,-1.0000,-1.0000,-1.0000,-1.0000,-1.0000,-1.0000,-1,-1,-1,-1,-1,-1,-1,-1,-1,0,0,3224779508543,7.5870,5.9866,9.2589,-1,-1,164,7088,2259
stress-five-minute-soak,13941,22.4224,-1,12.5537,-1.0000,-1.0000,-1.0000,-1.0000,-1.0000,-1.0000,-1.0000,-1.0000,-1.0000,-1,-1,-1,-1,-1,-1,-1,-1,-1,0,0,3224780032457,25.3656,6.0310,0.0120,-1,-1,164,7088,2259
stress-five-minute-soak,13944,23.4429,-1,12.3689,-1.0000,-1.0000,-1.0000,-1.0000,-1.0000,-1.0000,-1.0000,-1.0000,-1.0000,-1,-1,-1,-1,-1,-1,-1,-1,-1,0,0,3224780569298,22.3803,5.9291,0.0189,-1,-1,164,7088,2259
stress-five-minute-soak,13947,22.8830,-1,11.6669,-1.0000,-1.0000,-1.0000,-1.0000,-1.0000,-1.0000,-1.0000,-1.0000,-1.0000,-1,-1,-1,-1,-1,-1,-1,-1,-1,0,0,3224781083407,23.4084,7.0929,0.0099,-1,-1,164,7087,2258
stress-five-minute-soak,13953,31.0785,-1,11.0991,-1.0000,-1.0000,-1.0000,-1.0000,-1.0000,-1.0000,-1.0000,-1.0000,-1.0000,-1,-1,-1,-1,-1,-1,-1,-1,-1,0,0,3224782079649,19.6020,5.9230,0.0133,-1,-1,164,7087,2258
stress-five-minute-soak,13969,25.2824,-1,11.1252,-1.0000,-1.0000,-1.0000,-1.0000,-1.0000,-1.0000,-1.0000,-1.0000,-1.0000,-1,-1,-1,-1,-1,-1,-1,-1,-1,0,0,3224784606746,20.3587,5.4429,0.0135,-1,-1,164,7088,2259
stress-five-minute-soak,13982,23.3958,-1,10.8759,-1.0000,-1.0000,-1.0000,-1.0000,-1.0000,-1.0000,-1.0000,-1.0000,-1.0000,-1,-1,-1,-1,-1,-1,-1,-1,-1,0,0,3224786624133,19.4220,6.2866,0.0122,-1,-1,164,7088,2259
stress-five-minute-soak,13983,34.0610,-1,19.2594,-1.0000,-1.0000,-1.0000,-1.0000,-1.0000,-1.0000,-1.0000,-1.0000,-1.0000,-1,-1,-1,-1,-1,-1,-1,-1,-1,0,0,3224786818627,8.3943,7.8030,7.0976,-1,-1,164,7088,2259
stress-five-minute-soak,13984,32.7378,-1,29.2045,-1.0000,-1.0000,-1.0000,-1.0000,-1.0000,-1.0000,-1.0000,-1.0000,-1.0000,-1,-1,-1,-1,-1,-1,-1,-1,-1,0,0,3224786973641,7.5167,6.3740,3.3012,-1,-1,164,7087,2258
stress-five-minute-soak,13985,36.6190,-1,33.6261,-1.0000,-1.0000,-1.0000,-1.0000,-1.0000,-1.0000,-1.0000,-1.0000,-1.0000,-1,-1,-1,-1,-1,-1,-1,-1,-1,0,0,3224787081996,23.3633,5.2837,0.0160,-1,-1,164,7087,2258
stress-five-minute-soak,13986,35.7433,-1,35.5779,-1.0000,-1.0000,-1.0000,-1.0000,-1.0000,-1.0000,-1.0000,-1.0000,-1.0000,-1,-1,-1,-1,-1,-1,-1,-1,-1,0,0,3224787315931,7.9503,5.6937,26.1043,-1,-1,164,7083,2258
stress-five-minute-soak,13987,35.0586,-1,35.6268,-1.0000,-1.0000,-1.0000,-1.0000,-1.0000,-1.0000,-1.0000,-1.0000,-1.0000,-1,-1,-1,-1,-1,-1,-1,-1,-1,0,0,3224787656581,24.1210,5.9242,8.5959,-1,-1,164,7084,2259
stress-five-minute-soak,13988,28.9927,-1,-1.0000,-1.0000,-1.0000,-1.0000,-1.0000,-1.0000,-1.0000,-1.0000,-1.0000,-1.0000,-1,-1,-1,-1,-1,-1,-1,-1,-1,0,0,3224787983918,7.0341,5.8323,29.5688,-1,-1,164,7089,2260
stress-five-minute-soak,13989,23.2839,-1,29.0783,-1.0000,-1.0000,-1.0000,-1.0000,-1.0000,-1.0000,-1.0000,-1.0000,-1.0000,-1,-1,-1,-1,-1,-1,-1,-1,-1,0,0,3224788350126,17.9577,5.7728,17.7681,-1,-1,164,7090,2261
stress-five-minute-soak,13990,23.3768,-1,-1.0000,-1.0000,-1.0000,-1.0000,-1.0000,-1.0000,-1.0000,-1.0000,-1.0000,-1.0000,-1,-1,-1,-1,-1,-1,-1,-1,-1,0,0,3224788707546,16.3348,7.1585,18.7094,-1,-1,164,7090,2261
stress-five-minute-soak,13992,22.7628,-1,-1.0000,-1.0000,-1.0000,-1.0000,-1.0000,-1.0000,-1.0000,-1.0000,-1.0000,-1.0000,-1,-1,-1,-1,-1,-1,-1,-1,-1,0,0,3224789348135,7.8569,7.2251,15.4127,-1,-1,164,7090,2261
stress-five-minute-soak,13997,31.2639,-1,-1.0000,-1.0000,-1.0000,-1.0000,-1.0000,-1.0000,-1.0000,-1.0000,-1.0000,-1.0000,-1,-1,-1,-1,-1,-1,-1,-1,-1,0,0,3224790481727,8.0877,5.4057,9.5402,-1,-1,164,7090,2261
stress-five-minute-soak,14006,23.5671,-1,9.4781,-1.0000,-1.0000,-1.0000,-1.0000,-1.0000,-1.0000,-1.0000,-1.0000,-1.0000,-1,-1,-1,-1,-1,-1,-1,-1,-1,0,0,3224792240891,10.0412,6.5126,3.9716,-1,-1,164,7085,2256
stress-five-minute-soak,14010,23.7775,-1,12.0018,-1.0000,-1.0000,-1.0000,-1.0000,-1.0000,-1.0000,-1.0000,-1.0000,-1.0000,-1,-1,-1,-1,-1,-1,-1,-1,-1,0,0,3224792867467,9.8947,7.6338,3.6303,-1,-1,164,7082,2257
stress-five-minute-soak,14034,24.6241,-1,12.1203,-1.0000,-1.0000,-1.0000,-1.0000,-1.0000,-1.0000,-1.0000,-1.0000,-1.0000,-1,-1,-1,-1,-1,-1,-1,-1,-1,0,0,3224797110172,19.3352,5.6856,0.0136,-1,-1,164,7083,2254
stress-five-minute-soak,14209,23.7259,-1,15.5548,-1.0000,-1.0000,-1.0000,-1.0000,-1.0000,-1.0000,-1.0000,-1.0000,-1.0000,-1,-1,-1,-1,-1,-1,-1,-1,-1,0,0,3224821544364,10.4364,3.4517,1.4410,-1,-1,164,7086,2257
stress-five-minute-soak,14210,28.7164,-1,23.0930,-1.0000,-1.0000,-1.0000,-1.0000,-1.0000,-1.0000,-1.0000,-1.0000,-1.0000,-1,-1,-1,-1,-1,-1,-1,-1,-1,0,0,3224821663247,5.0764,4.1073,11.2771,-1,-1,164,7086,2257
stress-five-minute-soak,14211,31.9164,-1,29.2047,-1.0000,-1.0000,-1.0000,-1.0000,-1.0000,-1.0000,-1.0000,-1.0000,-1.0000,-1,-1,-1,-1,-1,-1,-1,-1,-1,0,0,3224821826846,4.8056,4.4709,9.9330,-1,-1,164,7088,2259
stress-five-minute-soak,14212,32.0109,-1,31.4798,-1.0000,-1.0000,-1.0000,-1.0000,-1.0000,-1.0000,-1.0000,-1.0000,-1.0000,-1,-1,-1,-1,-1,-1,-1,-1,-1,0,0,3224821974350,4.5177,3.1663,19.1972,-1,-1,164,7088,2259
stress-five-minute-soak,14213,31.4365,-1,31.4327,-1.0000,-1.0000,-1.0000,-1.0000,-1.0000,-1.0000,-1.0000,-1.0000,-1.0000,-1,-1,-1,-1,-1,-1,-1,-1,-1,0,0,3224822211604,10.7906,3.2171,17.9152,-1,-1,164,7088,2259
stress-five-minute-soak,14214,29.6719,-1,31.5502,-1.0000,-1.0000,-1.0000,-1.0000,-1.0000,-1.0000,-1.0000,-1.0000,-1.0000,-1,-1,-1,-1,-1,-1,-1,-1,-1,0,0,3224822498770,4.4755,3.3637,27.4306,-1,-1,164,7084,2259
stress-five-minute-soak,14215,27.2754,-1,30.3091,-1.0000,-1.0000,-1.0000,-1.0000,-1.0000,-1.0000,-1.0000,-1.0000,-1.0000,-1,-1,-1,-1,-1,-1,-1,-1,-1,0,0,3224822817938,11.7190,3.4599,20.2787,-1,-1,164,7085,2260
stress-five-minute-soak,14216,23.7150,-1,27.2773,-1.0000,-1.0000,-1.0000,-1.0000,-1.0000,-1.0000,-1.0000,-1.0000,-1.0000,-1,-1,-1,-1,-1,-1,-1,-1,-1,0,0,3224823138035,12.0069,3.2204,19.4186,-1,-1,164,7089,2260
stress-five-minute-soak,14259,23.3426,-1,21.8604,-1.0000,-1.0000,-1.0000,-1.0000,-1.0000,-1.0000,-1.0000,-1.0000,-1.0000,-1,-1,-1,-1,-1,-1,-1,-1,-1,0,0,3224830012871,4.7841,3.6782,10.3751,-1,-1,164,7089,2260
stress-five-minute-soak,14260,23.0844,-1,23.0666,-1.0000,-1.0000,-1.0000,-1.0000,-1.0000,-1.0000,-1.0000,-1.0000,-1.0000,-1,-1,-1,-1,-1,-1,-1,-1,-1,0,0,3224830164595,12.0772,4.1479,8.6670,-1,-1,164,7089,2260
stress-five-minute-soak,14261,23.2122,-1,22.8518,-1.0000,-1.0000,-1.0000,-1.0000,-1.0000,-1.0000,-1.0000,-1.0000,-1.0000,-1,-1,-1,-1,-1,-1,-1,-1,-1,0,0,3224830372153,5.0993,3.8877,16.6320,-1,-1,164,7089,2260
stress-five-minute-soak,14262,22.6421,-1,23.1675,-1.0000,-1.0000,-1.0000,-1.0000,-1.0000,-1.0000,-1.0000,-1.0000,-1.0000,-1,-1,-1,-1,-1,-1,-1,-1,-1,0,0,3224830589593,10.5627,3.6128,12.7668,-1,-1,164,7088,2259
stress-five-minute-soak,14264,23.3898,-1,22.2935,-1.0000,-1.0000,-1.0000,-1.0000,-1.0000,-1.0000,-1.0000,-1.0000,-1.0000,-1,-1,-1,-1,-1,-1,-1,-1,-1,0,0,3224831053858,11.5869,3.8971,11.6140,-1,-1,164,7088,2259
stress-five-minute-soak,14341,23.0109,-1,20.6538,-1.0000,-1.0000,-1.0000,-1.0000,-1.0000,-1.0000,-1.0000,-1.0000,-1.0000,-1,-1,-1,-1,-1,-1,-1,-1,-1,0,0,3224842128198,12.1715,3.6615,0.4854,-1,-1,164,7088,2259
stress-five-minute-soak,14342,25.6905,-1,23.4621,-1.0000,-1.0000,-1.0000,-1.0000,-1.0000,-1.0000,-1.0000,-1.0000,-1.0000,-1,-1,-1,-1,-1,-1,-1,-1,-1,0,0,3224842254882,4.7568,3.3758,16.3901,-1,-1,164,7088,2259
stress-five-minute-soak,14343,26.2589,-1,25.1223,-1.0000,-1.0000,-1.0000,-1.0000,-1.0000,-1.0000,-1.0000,-1.0000,-1.0000,-1,-1,-1,-1,-1,-1,-1,-1,-1,0,0,3224842466440,4.5219,3.2962,16.5106,-1,-1,164,7088,2259
stress-five-minute-soak,14344,25.1965,-1,25.8253,-1.0000,-1.0000,-1.0000,-1.0000,-1.0000,-1.0000,-1.0000,-1.0000,-1.0000,-1,-1,-1,-1,-1,-1,-1,-1,-1,0,0,3224842676903,13.0672,3.0728,9.9330,-1,-1,164,7084,2259
stress-five-minute-soak,14345,26.5541,-1,25.7751,-1.0000,-1.0000,-1.0000,-1.0000,-1.0000,-1.0000,-1.0000,-1.0000,-1.0000,-1,-1,-1,-1,-1,-1,-1,-1,-1,0,0,3224842907006,4.8968,3.3848,20.7850,-1,-1,164,7084,2259
stress-five-minute-soak,14346,25.0937,-1,25.7654,-1.0000,-1.0000,-1.0000,-1.0000,-1.0000,-1.0000,-1.0000,-1.0000,-1.0000,-1,-1,-1,-1,-1,-1,-1,-1,-1,0,0,3224843163925,11.3705,3.3921,14.8778,-1,-1,164,7087,2260
stress-five-minute-soak,14347,23.9823,-1,25.6527,-1.0000,-1.0000,-1.0000,-1.0000,-1.0000,-1.0000,-1.0000,-1.0000,-1.0000,-1,-1,-1,-1,-1,-1,-1,-1,-1,0,0,3224843426514,4.4693,3.5504,20.7158,-1,-1,164,7089,2260
stress-five-minute-soak,14349,30.3712,-1,-1.0000,-1.0000,-1.0000,-1.0000,-1.0000,-1.0000,-1.0000,-1.0000,-1.0000,-1.0000,-1,-1,-1,-1,-1,-1,-1,-1,-1,0,0,3224843944024,5.9017,3.7494,19.1797,-1,-1,164,7089,2260
stress-five-minute-soak,14375,38.3087,-1,18.0900,-1.0000,-1.0000,-1.0000,-1.0000,-1.0000,-1.0000,-1.0000,-1.0000,-1.0000,-1,-1,-1,-1,-1,-1,-1,-1,-1,0,0,3224847960498,4.2853,3.8018,13.5886,-1,-1,164,7084,2259
stress-five-minute-soak,14376,32.3499,-1,37.8583,-1.0000,-1.0000,-1.0000,-1.0000,-1.0000,-1.0000,-1.0000,-1.0000,-1.0000,-1,-1,-1,-1,-1,-1,-1,-1,-1,0,0,3224848139339,11.5672,3.2993,5.3600,-1,-1,164,7084,2259
stress-five-minute-soak,14377,29.0010,-1,32.7107,-1.0000,-1.0000,-1.0000,-1.0000,-1.0000,-1.0000,-1.0000,-1.0000,-1.0000,-1,-1,-1,-1,-1,-1,-1,-1,-1,0,0,3224848308725,4.5999,3.5276,13.9933,-1,-1,164,7089,2260
stress-five-minute-soak,14378,26.2472,-1,29.1343,-1.0000,-1.0000,-1.0000,-1.0000,-1.0000,-1.0000,-1.0000,-1.0000,-1.0000,-1,-1,-1,-1,-1,-1,-1,-1,-1,0,0,3224848494762,4.4996,3.7028,33.8160,-1,-1,164,7089,2260
stress-five-minute-soak,14379,23.5494,-1,25.9727,-1.0000,-1.0000,-1.0000,-1.0000,-1.0000,-1.0000,-1.0000,-1.0000,-1.0000,-1,-1,-1,-1,-1,-1,-1,-1,-1,0,0,3224848878101,28.0479,3.4022,4.2499,-1,-1,164,7089,2260
stress-five-minute-soak,14380,23.4757,-1,24.1892,-1.0000,-1.0000,-1.0000,-1.0000,-1.0000,-1.0000,-1.0000,-1.0000,-1.0000,-1,-1,-1,-1,-1,-1,-1,-1,-1,0,0,3224849201357,12.3439,3.1436,16.6466,-1,-1,164,7089,2260
stress-five-minute-soak,14441,22.4176,-1,11.8216,-1.0000,-1.0000,-1.0000,-1.0000,-1.0000,-1.0000,-1.0000,-1.0000,-1.0000,-1,-1,-1,-1,-1,-1,-1,-1,-1,0,0,3224858248307,5.2815,3.3040,9.2037,-1,-1,164,7085,2260
stress-five-minute-soak,14442,38.4323,-1,19.0740,-1.0000,-1.0000,-1.0000,-1.0000,-1.0000,-1.0000,-1.0000,-1.0000,-1.0000,-1,-1,-1,-1,-1,-1,-1,-1,-1,0,0,3224858393217,4.8917,4.0533,8.3059,-1,-1,164,7087,2260
stress-five-minute-soak,14443,80.3919,-1,37.8122,-1.0000,-1.0000,-1.0000,-1.0000,-1.0000,-1.0000,-1.0000,-1.0000,-1.0000,-1,-1,-1,-1,-1,-1,-1,-1,-1,0,0,3224858525282,10.6111,3.5398,1.4500,-1,-1,164,7090,2261
stress-five-minute-soak,14444,80.1904,-1,79.9826,-1.0000,-1.0000,-1.0000,-1.0000,-1.0000,-1.0000,-1.0000,-1.0000,-1.0000,-1,-1,-1,-1,-1,-1,-1,-1,-1,0,0,3224858646038,5.3154,3.5363,17.0930,-1,-1,164,7090,2261
stress-five-minute-soak,14475,66.5741,-1,19.0121,-1.0000,-1.0000,-1.0000,-1.0000,-1.0000,-1.0000,-1.0000,-1.0000,-1.0000,-1,-1,-1,-1,-1,-1,-1,-1,-1,0,0,3224864438740,4.7324,3.9762,13.9278,-1,-1,164,7091,2262
stress-five-minute-soak,14476,80.1407,-1,65.5483,-1.0000,-1.0000,-1.0000,-1.0000,-1.0000,-1.0000,-1.0000,-1.0000,-1.0000,-1,-1,-1,-1,-1,-1,-1,-1,-1,0,0,3224864625444,11.2313,3.2511,4.4972,-1,-1,164,7091,2262
stress-five-minute-soak,14477,76.9774,-1,80.3000,-1.0000,-1.0000,-1.0000,-1.0000,-1.0000,-1.0000,-1.0000,-1.0000,-1.0000,-1,-1,-1,-1,-1,-1,-1,-1,-1,0,0,3224864782834,4.5158,3.3353,14.3864,-1,-1,164,7090,2261
stress-five-minute-soak,14478,32.0336,-1,76.9516,-1.0000,-1.0000,-1.0000,-1.0000,-1.0000,-1.0000,-1.0000,-1.0000,-1.0000,-1,-1,-1,-1,-1,-1,-1,-1,-1,0,0,3224864971952,4.5985,4.4436,61.9793,-1,-1,164,7090,2261
stress-five-minute-soak,14479,23.9681,-1,32.2499,-1.0000,-1.0000,-1.0000,-1.0000,-1.0000,-1.0000,-1.0000,-1.0000,-1.0000,-1,-1,-1,-1,-1,-1,-1,-1,-1,0,0,3224865637894,43.6514,3.1371,36.4465,-1,-1,164,7090,2261
stress-five-minute-soak,14506,30.0888,-1,8.9160,-1.0000,-1.0000,-1.0000,-1.0000,-1.0000,-1.0000,-1.0000,-1.0000,-1.0000,-1,-1,-1,-1,-1,-1,-1,-1,-1,0,0,3224870883703,5.1334,4.4591,5.6301,-1,-1,164,7089,2260
stress-five-minute-soak,14507,25.6248,-1,25.1044,-1.0000,-1.0000,-1.0000,-1.0000,-1.0000,-1.0000,-1.0000,-1.0000,-1.0000,-1,-1,-1,-1,-1,-1,-1,-1,-1,0,0,3224870991457,4.7387,3.6266,5.9027,-1,-1,164,7089,2260
stress-five-minute-soak,14508,25.9749,-1,26.3557,-1.0000,-1.0000,-1.0000,-1.0000,-1.0000,-1.0000,-1.0000,-1.0000,-1.0000,-1,-1,-1,-1,-1,-1,-1,-1,-1,0,0,3224871098007,12.1948,3.4172,0.0107,-1,-1,164,7089,2260
stress-five-minute-soak,14509,25.6049,-1,-1.0000,-1.0000,-1.0000,-1.0000,-1.0000,-1.0000,-1.0000,-1.0000,-1.0000,-1.0000,-1,-1,-1,-1,-1,-1,-1,-1,-1,0,0,3224871220216,5.2072,3.2265,24.8762,-1,-1,164,7089,2260
stress-five-minute-soak,14510,26.2753,-1,23.6790,-1.0000,-1.0000,-1.0000,-1.0000,-1.0000,-1.0000,-1.0000,-1.0000,-1.0000,-1,-1,-1,-1,-1,-1,-1,-1,-1,0,0,3224871521124,11.9744,3.3079,13.6407,-1,-1,164,7089,2260
stress-five-minute-soak,14573,27.0784,-1,14.2787,-1.0000,-1.0000,-1.0000,-1.0000,-1.0000,-1.0000,-1.0000,-1.0000,-1.0000,-1,-1,-1,-1,-1,-1,-1,-1,-1,0,0,3224880837033,4.1365,3.3749,8.4533,-1,-1,164,7089,2260
stress-five-minute-soak,14574,33.1294,-1,26.6056,-1.0000,-1.0000,-1.0000,-1.0000,-1.0000,-1.0000,-1.0000,-1.0000,-1.0000,-1,-1,-1,-1,-1,-1,-1,-1,-1,0,0,3224880963044,5.6853,4.3099,6.5228,-1,-1,164,7089,2260
stress-five-minute-soak,14575,34.6606,-1,32.7706,-1.0000,-1.0000,-1.0000,-1.0000,-1.0000,-1.0000,-1.0000,-1.0000,-1.0000,-1,-1,-1,-1,-1,-1,-1,-1,-1,0,0,3224881085201,10.7547,3.5734,3.7939,-1,-1,164,7089,2260
stress-five-minute-soak,14576,34.1082,-1,34.1220,-1.0000,-1.0000,-1.0000,-1.0000,-1.0000,-1.0000,-1.0000,-1.0000,-1.0000,-1,-1,-1,-1,-1,-1,-1,-1,-1,0,0,3224881230792,4.8755,3.8651,22.1942,-1,-1,164,7089,2260
stress-five-minute-soak,14577,34.9376,-1,34.1399,-1.0000,-1.0000,-1.0000,-1.0000,-1.0000,-1.0000,-1.0000,-1.0000,-1.0000,-1,-1,-1,-1,-1,-1,-1,-1,-1,0,0,3224881501567,4.7469,3.4848,28.3730,-1,-1,164,7088,2259
stress-five-minute-soak,14578,31.3099,-1,34.0698,-1.0000,-1.0000,-1.0000,-1.0000,-1.0000,-1.0000,-1.0000,-1.0000,-1.0000,-1,-1,-1,-1,-1,-1,-1,-1,-1,0,0,3224881832863,10.1919,3.6037,24.4600,-1,-1,164,7089,2260
stress-five-minute-soak,14579,27.3011,-1,32.8264,-1.0000,-1.0000,-1.0000,-1.0000,-1.0000,-1.0000,-1.0000,-1.0000,-1.0000,-1,-1,-1,-1,-1,-1,-1,-1,-1,0,0,3224882179480,10.2775,4.0570,23.8207,-1,-1,164,7089,2260
stress-five-minute-soak,14580,22.2486,-1,26.5073,-1.0000,-1.0000,-1.0000,-1.0000,-1.0000,-1.0000,-1.0000,-1.0000,-1.0000,-1,-1,-1,-1,-1,-1,-1,-1,-1,0,0,3224882520574,11.3396,9.1356,23.6016,-1,-1,164,7085,2260
stress-five-minute-soak,14608,27.3233,-1,21.1438,-1.0000,-1.0000,-1.0000,-1.0000,-1.0000,-1.0000,-1.0000,-1.0000,-1.0000,-1,-1,-1,-1,-1,-1,-1,-1,-1,0,0,3224887168489,10.8693,3.2397,5.8637,-1,-1,164,7091,2262
stress-five-minute-soak,14678,33.5689,-1,21.2193,-1.0000,-1.0000,-1.0000,-1.0000,-1.0000,-1.0000,-1.0000,-1.0000,-1.0000,-1,-1,-1,-1,-1,-1,-1,-1,-1,0,0,3224897311468,4.3637,3.4114,6.7289,-1,-1,164,7089,2259
stress-five-minute-soak,14679,48.2460,-1,33.6228,-1.0000,-1.0000,-1.0000,-1.0000,-1.0000,-1.0000,-1.0000,-1.0000,-1.0000,-1,-1,-1,-1,-1,-1,-1,-1,-1,0,0,3224897422505,4.4354,3.3309,7.9494,-1,-1,164,7089,2259
stress-five-minute-soak,14680,80.9890,-1,48.1198,-1.0000,-1.0000,-1.0000,-1.0000,-1.0000,-1.0000,-1.0000,-1.0000,-1.0000,-1,-1,-1,-1,-1,-1,-1,-1,-1,0,0,3224897546460,12.7585,3.2547,8.5468,-1,-1,164,7085,2259
stress-five-minute-soak,14681,49.7024,-1,80.1812,-1.0000,-1.0000,-1.0000,-1.0000,-1.0000,-1.0000,-1.0000,-1.0000,-1.0000,-1,-1,-1,-1,-1,-1,-1,-1,-1,0,0,3224897759618,5.3868,3.2351,28.1715,-1,-1,164,7085,2259
stress-five-minute-soak,14710,22.2743,-1,14.7364,-1.0000,-1.0000,-1.0000,-1.0000,-1.0000,-1.0000,-1.0000,-1.0000,-1.0000,-1,-1,-1,-1,-1,-1,-1,-1,-1,0,0,3224903286886,4.1013,3.7317,13.5873,-1,-1,164,7091,2263
stress-five-minute-soak,14711,72.5258,-1,22.7118,-1.0000,-1.0000,-1.0000,-1.0000,-1.0000,-1.0000,-1.0000,-1.0000,-1.0000,-1,-1,-1,-1,-1,-1,-1,-1,-1,0,0,3224903463833,4.8614,3.8209,13.4909,-1,-1,164,7093,2263
stress-five-minute-soak,14712,80.6042,-1,71.4998,-1.0000,-1.0000,-1.0000,-1.0000,-1.0000,-1.0000,-1.0000,-1.0000,-1.0000,-1,-1,-1,-1,-1,-1,-1,-1,-1,0,0,3224903647465,10.5565,3.2001,4.0802,-1,-1,164,7093,2263
stress-five-minute-soak,14713,79.3566,-1,80.2796,-1.0000,-1.0000,-1.0000,-1.0000,-1.0000,-1.0000,-1.0000,-1.0000,-1.0000,-1,-1,-1,-1,-1,-1,-1,-1,-1,0,0,3224903793937,5.0814,3.4984,17.1859,-1,-1,164,7093,2263
stress-five-minute-soak,14714,62.8901,-1,79.0246,-1.0000,-1.0000,-1.0000,-1.0000,-1.0000,-1.0000,-1.0000,-1.0000,-1.0000,-1,-1,-1,-1,-1,-1,-1,-1,-1,0,0,3224904016710,10.1318,3.5995,62.3855,-1,-1,164,7093,2263
stress-five-minute-soak,14715,29.9218,-1,63.2300,-1.0000,-1.0000,-1.0000,-1.0000,-1.0000,-1.0000,-1.0000,-1.0000,-1.0000,-1,-1,-1,-1,-1,-1,-1,-1,-1,0,0,3224904742044,15.1467,3.7737,65.4350,-1,-1,164,7093,2263
stress-five-minute-soak,14716,24.9280,-1,29.6796,-1.0000,-1.0000,-1.0000,-1.0000,-1.0000,-1.0000,-1.0000,-1.0000,-1.0000,-1,-1,-1,-1,-1,-1,-1,-1,-1,0,0,3224905548033,20.9436,3.7514,58.3941,-1,-1,164,7093,2263
stress-five-minute-soak,14748,42.4091,-1,17.7295,-1.0000,-1.0000,-1.0000,-1.0000,-1.0000,-1.0000,-1.0000,-1.0000,-1.0000,-1,-1,-1,-1,-1,-1,-1,-1,-1,0,0,3224911426048,4.4151,3.3834,12.5165,-1,-1,164,7090,2260
stress-five-minute-soak,14749,79.8028,-1,42.8349,-1.0000,-1.0000,-1.0000,-1.0000,-1.0000,-1.0000,-1.0000,-1.0000,-1.0000,-1,-1,-1,-1,-1,-1,-1,-1,-1,0,0,3224911595478,10.2600,3.5574,7.9632,-1,-1,164,7089,2259
stress-five-minute-soak,14750,81.3831,-1,79.9314,-1.0000,-1.0000,-1.0000,-1.0000,-1.0000,-1.0000,-1.0000,-1.0000,-1.0000,-1,-1,-1,-1,-1,-1,-1,-1,-1,0,0,3224911777825,5.0899,3.4676,13.2808,-1,-1,164,7089,2259
stress-five-minute-soak,14751,78.2528,-1,79.8679,-1.0000,-1.0000,-1.0000,-1.0000,-1.0000,-1.0000,-1.0000,-1.0000,-1.0000,-1,-1,-1,-1,-1,-1,-1,-1,-1,0,0,3224911961635,4.1206,3.5213,38.2802,-1,-1,164,7086,2260
stress-five-minute-soak,14752,76.5195,-1,79.2479,-1.0000,-1.0000,-1.0000,-1.0000,-1.0000,-1.0000,-1.0000,-1.0000,-1.0000,-1,-1,-1,-1,-1,-1,-1,-1,-1,0,0,3224912385745,11.0190,3.1944,68.7710,-1,-1,164,7090,2260
stress-five-minute-soak,14753,66.3713,-1,76.3551,-1.0000,-1.0000,-1.0000,-1.0000,-1.0000,-1.0000,-1.0000,-1.0000,-1.0000,-1,-1,-1,-1,-1,-1,-1,-1,-1,0,0,3224913183768,17.4020,3.5255,63.9873,-1,-1,164,7090,2260
stress-five-minute-soak,14782,34.9676,-1,17.3978,-1.0000,-1.0000,-1.0000,-1.0000,-1.0000,-1.0000,-1.0000,-1.0000,-1.0000,-1,-1,-1,-1,-1,-1,-1,-1,-1,0,0,3224919745818,4.7787,3.4990,12.6074,-1,-1,164,7088,2258
stress-five-minute-soak,14783,80.6064,-1,34.9348,-1.0000,-1.0000,-1.0000,-1.0000,-1.0000,-1.0000,-1.0000,-1.0000,-1.0000,-1,-1,-1,-1,-1,-1,-1,-1,-1,0,0,3224919919788,4.7219,3.5930,8.7986,-1,-1,164,7089,2259
stress-five-minute-soak,14784,81.2911,-1,80.8220,-1.0000,-1.0000,-1.0000,-1.0000,-1.0000,-1.0000,-1.0000,-1.0000,-1.0000,-1,-1,-1,-1,-1,-1,-1,-1,-1,0,0,3224920055106,12.2363,3.6564,5.1330,-1,-1,164,7090,2260
stress-five-minute-soak,14785,67.0269,-1,79.8131,-1.0000,-1.0000,-1.0000,-1.0000,-1.0000,-1.0000,-1.0000,-1.0000,-1.0000,-1,-1,-1,-1,-1,-1,-1,-1,-1,0,0,3224920228906,4.3768,3.6690,30.5813,-1,-1,164,7090,2260
stress-five-minute-soak,14786,31.4075,-1,66.6964,-1.0000,-1.0000,-1.0000,-1.0000,-1.0000,-1.0000,-1.0000,-1.0000,-1.0000,-1,-1,-1,-1,-1,-1,-1,-1,-1,0,0,3224920578596,10.8754,3.5484,69.7213,-1,-1,164,7089,2259
stress-five-minute-soak,14787,24.1396,-1,31.0968,-1.0000,-1.0000,-1.0000,-1.0000,-1.0000,-1.0000,-1.0000,-1.0000,-1.0000,-1,-1,-1,-1,-1,-1,-1,-1,-1,0,0,3224921384657,12.1651,3.6865,69.1177,-1,-1,164,7090,2260
stress-five-minute-soak,14825,24.7079,-1,20.3346,-1.0000,-1.0000,-1.0000,-1.0000,-1.0000,-1.0000,-1.0000,-1.0000,-1.0000,-1,-1,-1,-1,-1,-1,-1,-1,-1,0,0,3224928042090,10.9516,3.7367,7.3125,-1,-1,164,7086,2260
stress-five-minute-soak,14909,75.7896,-1,20.4344,-1.0000,-1.0000,-1.0000,-1.0000,-1.0000,-1.0000,-1.0000,-1.0000,-1.0000,-1,-1,-1,-1,-1,-1,-1,-1,-1,0,0,3224940342988,5.2345,4.2244,7.5863,-1,-1,164,7090,2260
stress-five-minute-soak,14910,79.8878,-1,75.3930,-1.0000,-1.0000,-1.0000,-1.0000,-1.0000,-1.0000,-1.0000,-1.0000,-1.0000,-1,-1,-1,-1,-1,-1,-1,-1,-1,0,0,3224940471318,5.6971,4.1882,5.7062,-1,-1,164,7090,2260
stress-five-minute-soak,14911,44.9049,-1,80.1116,-1.0000,-1.0000,-1.0000,-1.0000,-1.0000,-1.0000,-1.0000,-1.0000,-1.0000,-1,-1,-1,-1,-1,-1,-1,-1,-1,0,0,3224940585479,11.4559,4.2082,9.3432,-1,-1,164,7090,2260
stress-five-minute-soak,14928,22.7725,-1,15.1273,-1.0000,-1.0000,-1.0000,-1.0000,-1.0000,-1.0000,-1.0000,-1.0000,-1.0000,-1,-1,-1,-1,-1,-1,-1,-1,-1,0,0,3224944337588,4.8760,3.8440,4.8375,-1,-1,164,7090,2260
stress-five-minute-soak,14929,23.8470,-1,22.2372,-1.0000,-1.0000,-1.0000,-1.0000,-1.0000,-1.0000,-1.0000,-1.0000,-1.0000,-1,-1,-1,-1,-1,-1,-1,-1,-1,0,0,3224944434844,5.8635,4.3549,5.4110,-1,-1,164,7090,2260
stress-five-minute-soak,14941,65.4305,-1,17.5306,-1.0000,-1.0000,-1.0000,-1.0000,-1.0000,-1.0000,-1.0000,-1.0000,-1.0000,-1,-1,-1,-1,-1,-1,-1,-1,-1,0,0,3224946377757,4.7510,4.0839,7.1751,-1,-1,164,7093,2263
stress-five-minute-soak,14942,79.3353,-1,63.7978,-1.0000,-1.0000,-1.0000,-1.0000,-1.0000,-1.0000,-1.0000,-1.0000,-1.0000,-1,-1,-1,-1,-1,-1,-1,-1,-1,0,0,3224946497130,4.5525,4.0835,7.9374,-1,-1,164,7093,2263
stress-five-minute-soak,14943,77.6442,-1,80.1756,-1.0000,-1.0000,-1.0000,-1.0000,-1.0000,-1.0000,-1.0000,-1.0000,-1.0000,-1,-1,-1,-1,-1,-1,-1,-1,-1,0,0,3224946622142,10.8322,3.7489,6.1731,-1,-1,164,7092,2262
stress-five-minute-soak,14979,22.6205,-1,21.5096,-1.0000,-1.0000,-1.0000,-1.0000,-1.0000,-1.0000,-1.0000,-1.0000,-1.0000,-1,-1,-1,-1,-1,-1,-1,-1,-1,0,0,3224953003373,4.5557,3.7883,9.4455,-1,-1,164,7088,2262
stress-five-minute-soak,14980,22.3231,-1,22.4840,-1.0000,-1.0000,-1.0000,-1.0000,-1.0000,-1.0000,-1.0000,-1.0000,-1.0000,-1,-1,-1,-1,-1,-1,-1,-1,-1,0,0,3224953143528,10.9565,3.9067,9.7725,-1,-1,164,7088,2262
stress-five-minute-soak,14982,23.6357,-1,22.4389,-1.0000,-1.0000,-1.0000,-1.0000,-1.0000,-1.0000,-1.0000,-1.0000,-1.0000,-1,-1,-1,-1,-1,-1,-1,-1,-1,0,0,3224953557540,11.4776,3.9611,11.1319,-1,-1,164,7093,2263
stress-five-minute-soak,15059,22.7881,-1,12.3279,-1.0000,-1.0000,-1.0000,-1.0000,-1.0000,-1.0000,-1.0000,-1.0000,-1.0000,-1,-1,-1,-1,-1,-1,-1,-1,-1,0,0,3224964852963,4.8978,3.6485,6.8269,-1,-1,164,7095,2265
stress-five-minute-soak,15061,26.3770,-1,20.8159,-1.0000,-1.0000,-1.0000,-1.0000,-1.0000,-1.0000,-1.0000,-1.0000,-1.0000,-1,-1,-1,-1,-1,-1,-1,-1,-1,0,0,3224965093365,12.9391,3.5469,0.1812,-1,-1,164,7095,2265
stress-five-minute-soak,15062,27.5736,-1,25.3612,-1.0000,-1.0000,-1.0000,-1.0000,-1.0000,-1.0000,-1.0000,-1.0000,-1.0000,-1,-1,-1,-1,-1,-1,-1,-1,-1,0,0,3224965224693,5.1052,3.2615,17.6794,-1,-1,164,7095,2265
stress-five-minute-soak,15063,27.9474,-1,26.9148,-1.0000,-1.0000,-1.0000,-1.0000,-1.0000,-1.0000,-1.0000,-1.0000,-1.0000,-1,-1,-1,-1,-1,-1,-1,-1,-1,0,0,3224965452597,5.8667,3.3989,14.5493,-1,-1,164,7095,2265
stress-five-minute-soak,15064,27.5133,-1,27.5372,-1.0000,-1.0000,-1.0000,-1.0000,-1.0000,-1.0000,-1.0000,-1.0000,-1.0000,-1,-1,-1,-1,-1,-1,-1,-1,-1,0,0,3224965656874,9.7973,3.3847,16.5675,-1,-1,164,7095,2265
stress-five-minute-soak,15065,27.8742,-1,28.3546,-1.0000,-1.0000,-1.0000,-1.0000,-1.0000,-1.0000,-1.0000,-1.0000,-1.0000,-1,-1,-1,-1,-1,-1,-1,-1,-1,0,0,3224965920645,4.2610,3.8275,23.2998,-1,-1,164,7095,2265
stress-five-minute-soak,15066,27.7940,-1,28.1871,-1.0000,-1.0000,-1.0000,-1.0000,-1.0000,-1.0000,-1.0000,-1.0000,-1.0000,-1,-1,-1,-1,-1,-1,-1,-1,-1,0,0,3224966196371,11.6920,3.3905,16.2444,-1,-1,164,7094,2264
stress-five-minute-soak,15067,22.6335,-1,27.7875,-1.0000,-1.0000,-1.0000,-1.0000,-1.0000,-1.0000,-1.0000,-1.0000,-1.0000,-1,-1,-1,-1,-1,-1,-1,-1,-1,0,0,3224966475844,5.5300,3.2889,21.9721,-1,-1,164,7094,2264
stress-five-minute-soak,16813,28.4410,-1,12.9953,-1.0000,-1.0000,-1.0000,-1.0000,-1.0000,-1.0000,-1.0000,-1.0000,-1.0000,-1,-1,-1,-1,-1,-1,-1,-1,-1,0,0,3225208316831,4.4919,3.1298,8.9830,-1,-1,128,4849,0
stress-five-minute-soak,17094,76.2151,-1,11.9204,-1.0000,-1.0000,-1.0000,-1.0000,-1.0000,-1.0000,-1.0000,-1.0000,-1.0000,-1,-1,-1,-1,-1,-1,-1,-1,-1,0,0,3225244320402,4.0124,2.2183,7.5103,-1,-1,180,10791,6315
stress-five-minute-soak,17104,23.2420,-1,12.3208,-1.0000,-1.0000,-1.0000,-1.0000,-1.0000,-1.0000,-1.0000,-1.0000,-1.0000,-1,-1,-1,-1,-1,-1,-1,-1,-1,0,0,3225246337309,7.4829,4.9828,3.5002,-1,-1,180,10789,6313
stress-five-minute-soak,17106,22.6534,-1,20.8625,-1.0000,-1.0000,-1.0000,-1.0000,-1.0000,-1.0000,-1.0000,-1.0000,-1.0000,-1,-1,-1,-1,-1,-1,-1,-1,-1,0,0,3225246571034,13.2411,5.0586,0.0136,-1,-1,180,10789,6313
stress-five-minute-soak,17110,96.7091,-1,15.5095,-1.0000,-1.0000,-1.0000,-1.0000,-1.0000,-1.0000,-1.0000,-1.0000,-1.0000,-1,-1,-1,-1,-1,-1,-1,-1,-1,0,0,3225247384337,5.8265,5.1423,13.1023,-1,-1,180,10789,6313
stress-five-minute-soak,17111,97.4200,-1,95.2648,-1.0000,-1.0000,-1.0000,-1.0000,-1.0000,-1.0000,-1.0000,-1.0000,-1.0000,-1,-1,-1,-1,-1,-1,-1,-1,-1,0,0,3225247573732,15.4876,4.1576,2.0878,-1,-1,180,10787,6313
stress-five-minute-soak,17112,97.1499,-1,96.0387,-1.0000,-1.0000,-1.0000,-1.0000,-1.0000,-1.0000,-1.0000,-1.0000,-1.0000,-1,-1,-1,-1,-1,-1,-1,-1,-1,0,0,3225247749603,5.6776,4.9801,12.5357,-1,-1,180,10789,6313
stress-five-minute-soak,17113,97.4307,-1,96.4485,-1.0000,-1.0000,-1.0000,-1.0000,-1.0000,-1.0000,-1.0000,-1.0000,-1.0000,-1,-1,-1,-1,-1,-1,-1,-1,-1,0,0,3225247931793,4.9896,4.9839,91.7241,-1,-1,180,10789,6313
stress-five-minute-soak,17114,34.9176,-1,-1.0000,-1.0000,-1.0000,-1.0000,-1.0000,-1.0000,-1.0000,-1.0000,-1.0000,-1.0000,-1,-1,-1,-1,-1,-1,-1,-1,-1,0,0,3225248899138,45.5618,4.2726,51.8118,-1,-1,180,10789,6313
stress-five-minute-soak,17141,63.8753,-1,21.4001,-1.0000,-1.0000,-1.0000,-1.0000,-1.0000,-1.0000,-1.0000,-1.0000,-1.0000,-1,-1,-1,-1,-1,-1,-1,-1,-1,0,0,3225255571426,12.7945,4.3477,6.9732,-1,-1,180,10782,6306
stress-five-minute-soak,17142,97.9076,-1,63.5461,-1.0000,-1.0000,-1.0000,-1.0000,-1.0000,-1.0000,-1.0000,-1.0000,-1.0000,-1,-1,-1,-1,-1,-1,-1,-1,-1,0,0,3225255769221,4.9076,4.6251,16.6187,-1,-1,180,10782,6306
stress-five-minute-soak,17143,59.2656,-1,96.3277,-1.0000,-1.0000,-1.0000,-1.0000,-1.0000,-1.0000,-1.0000,-1.0000,-1.0000,-1,-1,-1,-1,-1,-1,-1,-1,-1,0,0,3225255984597,5.2553,4.1328,16.0512,-1,-1,180,10782,6306
stress-five-minute-soak,17144,29.3424,-1,58.2438,-1.0000,-1.0000,-1.0000,-1.0000,-1.0000,-1.0000,-1.0000,-1.0000,-1.0000,-1,-1,-1,-1,-1,-1,-1,-1,-1,0,0,3225256197778,11.5574,4.2415,52.3083,-1,-1,180,10782,6306
stress-five-minute-soak,17145,23.2584,-1,29.2355,-1.0000,-1.0000,-1.0000,-1.0000,-1.0000,-1.0000,-1.0000,-1.0000,-1.0000,-1,-1,-1,-1,-1,-1,-1,-1,-1,0,0,3225256836566,12.6133,4.0482,85.2966,-1,-1,180,10778,6306
stress-five-minute-soak,17191,31.8689,-1,14.3311,-1.0000,-1.0000,-1.0000,-1.0000,-1.0000,-1.0000,-1.0000,-1.0000,-1.0000,-1,-1,-1,-1,-1,-1,-1,-1,-1,0,0,3225265774249,7.0286,4.4676,8.1286,-1,-1,180,10814,6338
stress-five-minute-soak,17192,84.6154,-1,30.3206,-1.0000,-1.0000,-1.0000,-1.0000,-1.0000,-1.0000,-1.0000,-1.0000,-1.0000,-1,-1,-1,-1,-1,-1,-1,-1,-1,0,0,3225265925886,5.7615,5.1525,9.0927,-1,-1,180,10814,6338
stress-five-minute-soak,17193,97.3857,-1,84.4859,-1.0000,-1.0000,-1.0000,-1.0000,-1.0000,-1.0000,-1.0000,-1.0000,-1.0000,-1,-1,-1,-1,-1,-1,-1,-1,-1,0,0,3225266074548,10.8556,4.3248,3.7241,-1,-1,180,10814,6338
stress-five-minute-soak,17194,33.4321,-1,-1.0000,-1.0000,-1.0000,-1.0000,-1.0000,-1.0000,-1.0000,-1.0000,-1.0000,-1.0000,-1,-1,-1,-1,-1,-1,-1,-1,-1,0,0,3225266220454,5.4014,4.2639,26.4625,-1,-1,180,10814,6338
stress-five-minute-soak,17206,26.1683,-1,20.2399,-1.0000,-1.0000,-1.0000,-1.0000,-1.0000,-1.0000,-1.0000,-1.0000,-1.0000,-1,-1,-1,-1,-1,-1,-1,-1,-1,0,0,3225269689327,6.1857,4.2845,9.9500,-1,-1,180,10810,6334
stress-five-minute-soak,17207,25.4915,-1,25.6369,-1.0000,-1.0000,-1.0000,-1.0000,-1.0000,-1.0000,-1.0000,-1.0000,-1.0000,-1,-1,-1,-1,-1,-1,-1,-1,-1,0,0,3225269850747,6.0738,5.3086,13.7181,-1,-1,180,10810,6334
stress-five-minute-soak,17217,35.2346,-1,14.3411,-1.0000,-1.0000,-1.0000,-1.0000,-1.0000,-1.0000,-1.0000,-1.0000,-1.0000,-1,-1,-1,-1,-1,-1,-1,-1,-1,0,0,3225271758378,5.3999,4.3274,10.5016,-1,-1,180,10810,6334
stress-five-minute-soak,17218,97.6212,-1,32.8804,-1.0000,-1.0000,-1.0000,-1.0000,-1.0000,-1.0000,-1.0000,-1.0000,-1.0000,-1,-1,-1,-1,-1,-1,-1,-1,-1,0,0,3225271917457,5.2879,5.0539,9.3154,-1,-1,180,10810,6334
stress-five-minute-soak,17219,97.0886,-1,96.8684,-1.0000,-1.0000,-1.0000,-1.0000,-1.0000,-1.0000,-1.0000,-1.0000,-1.0000,-1,-1,-1,-1,-1,-1,-1,-1,-1,0,0,3225272063593,11.5401,4.6349,2.3059,-1,-1,180,10810,6334
stress-five-minute-soak,17220,99.5282,-1,96.5747,-1.0000,-1.0000,-1.0000,-1.0000,-1.0000,-1.0000,-1.0000,-1.0000,-1.0000,-1,-1,-1,-1,-1,-1,-1,-1,-1,0,0,3225272202176,5.7143,4.6478,29.5174,-1,-1,180,10806,6334
stress-five-minute-soak,17221,97.6475,-1,96.7619,-1.0000,-1.0000,-1.0000,-1.0000,-1.0000,-1.0000,-1.0000,-1.0000,-1.0000,-1,-1,-1,-1,-1,-1,-1,-1,-1,0,0,3225272554553,13.3520,4.2618,84.2659,-1,-1,180,10810,6334
stress-five-minute-soak,17222,39.9176,-1,-1.0000,-1.0000,-1.0000,-1.0000,-1.0000,-1.0000,-1.0000,-1.0000,-1.0000,-1.0000,-1,-1,-1,-1,-1,-1,-1,-1,-1,0,0,3225273530892,19.5821,4.0623,77.4837,-1,-1,180,10810,6334
stress-five-minute-soak,17248,25.0085,-1,20.7258,-1.0000,-1.0000,-1.0000,-1.0000,-1.0000,-1.0000,-1.0000,-1.0000,-1.0000,-1,-1,-1,-1,-1,-1,-1,-1,-1,0,0,3225280188610,6.0400,4.4657,8.5136,-1,-1,180,10814,6339
stress-five-minute-soak,17259,24.6896,-1,13.4226,-1.0000,-1.0000,-1.0000,-1.0000,-1.0000,-1.0000,-1.0000,-1.0000,-1.0000,-1,-1,-1,-1,-1,-1,-1,-1,-1,0,0,3225282101950,14.1512,6.2443,0.0118,-1,-1,180,10813,6338
stress-five-minute-soak,17260,50.7635,-1,23.6145,-1.0000,-1.0000,-1.0000,-1.0000,-1.0000,-1.0000,-1.0000,-1.0000,-1.0000,-1,-1,-1,-1,-1,-1,-1,-1,-1,0,0,3225282243771,8.9912,5.0025,8.3599,-1,-1,180,10813,6338
stress-five-minute-soak,17261,98.4518,-1,50.1212,-1.0000,-1.0000,-1.0000,-1.0000,-1.0000,-1.0000,-1.0000,-1.0000,-1.0000,-1,-1,-1,-1,-1,-1,-1,-1,-1,0,0,3225282417371,6.6583,5.0608,6.8661,-1,-1,180,10813,6338
stress-five-minute-soak,17262,53.3093,-1,96.8404,-1.0000,-1.0000,-1.0000,-1.0000,-1.0000,-1.0000,-1.0000,-1.0000,-1.0000,-1,-1,-1,-1,-1,-1,-1,-1,-1,0,0,3225282552718,14.8078,4.8920,9.8701,-1,-1,180,10809,6338
stress-five-minute-soak,17404,41.8110,-1,15.4445,-1.0000,-1.0000,-1.0000,-1.0000,-1.0000,-1.0000,-1.0000,-1.0000,-1.0000,-1,-1,-1,-1,-1,-1,-1,-1,-1,0,0,3225306678704,12.4288,4.1427,3.5136,-1,-1,180,10823,6350
stress-five-minute-soak,17405,98.6158,-1,41.0995,-1.0000,-1.0000,-1.0000,-1.0000,-1.0000,-1.0000,-1.0000,-1.0000,-1.0000,-1,-1,-1,-1,-1,-1,-1,-1,-1,0,0,3225306838246,5.5954,4.0330,9.8289,-1,-1,180,10823,6350
stress-five-minute-soak,17406,75.1592,-1,98.1952,-1.0000,-1.0000,-1.0000,-1.0000,-1.0000,-1.0000,-1.0000,-1.0000,-1.0000,-1,-1,-1,-1,-1,-1,-1,-1,-1,0,0,3225306992552,5.5426,4.2423,11.3784,-1,-1,180,10823,6350
stress-five-minute-soak,17431,23.2235,-1,20.6026,-1.0000,-1.0000,-1.0000,-1.0000,-1.0000,-1.0000,-1.0000,-1.0000,-1.0000,-1,-1,-1,-1,-1,-1,-1,-1,-1,0,0,3225312454325,5.7329,4.7999,6.8199,-1,-1,180,10821,6354
stress-five-minute-soak,17433,27.7569,-1,21.3591,-1.0000,-1.0000,-1.0000,-1.0000,-1.0000,-1.0000,-1.0000,-1.0000,-1.0000,-1,-1,-1,-1,-1,-1,-1,-1,-1,0,0,3225312763045,5.9031,4.3090,14.9682,-1,-1,180,10817,6354
stress-five-minute-soak,17434,90.3977,-1,26.9763,-1.0000,-1.0000,-1.0000,-1.0000,-1.0000,-1.0000,-1.0000,-1.0000,-1.0000,-1,-1,-1,-1,-1,-1,-1,-1,-1,0,0,3225312971811,5.3381,5.2321,17.8746,-1,-1,180,10817,6354
stress-five-minute-soak,17435,97.2994,-1,89.3704,-1.0000,-1.0000,-1.0000,-1.0000,-1.0000,-1.0000,-1.0000,-1.0000,-1.0000,-1,-1,-1,-1,-1,-1,-1,-1,-1,0,0,3225313204072,13.1805,4.4720,7.6489,-1,-1,180,10821,6354
stress-five-minute-soak,17436,97.3571,-1,96.6108,-1.0000,-1.0000,-1.0000,-1.0000,-1.0000,-1.0000,-1.0000,-1.0000,-1.0000,-1,-1,-1,-1,-1,-1,-1,-1,-1,0,0,3225313412491,5.2583,5.1460,22.4880,-1,-1,180,10821,6354
stress-five-minute-soak,17437,90.6294,-1,96.2580,-1.0000,-1.0000,-1.0000,-1.0000,-1.0000,-1.0000,-1.0000,-1.0000,-1.0000,-1,-1,-1,-1,-1,-1,-1,-1,-1,0,0,3225313690066,12.6778,4.2589,77.7104,-1,-1,180,10821,6354
stress-five-minute-soak,17438,32.2717,-1,90.4581,-1.0000,-1.0000,-1.0000,-1.0000,-1.0000,-1.0000,-1.0000,-1.0000,-1.0000,-1,-1,-1,-1,-1,-1,-1,-1,-1,0,0,3225314594078,28.8818,4.7677,68.4360,-1,-1,180,10821,6354
stress-five-minute-soak,17463,35.3219,-1,21.1732,-1.0000,-1.0000,-1.0000,-1.0000,-1.0000,-1.0000,-1.0000,-1.0000,-1.0000,-1,-1,-1,-1,-1,-1,-1,-1,-1,0,0,3225320944985,5.4692,3.9485,15.2751,-1,-1,180,10818,6351
stress-five-minute-soak,17464,40.6253,-1,34.6990,-1.0000,-1.0000,-1.0000,-1.0000,-1.0000,-1.0000,-1.0000,-1.0000,-1.0000,-1,-1,-1,-1,-1,-1,-1,-1,-1,0,0,3225321152538,11.1308,4.0897,9.4328,-1,-1,180,10818,6351
stress-five-minute-soak,17465,32.5632,-1,-1.0000,-1.0000,-1.0000,-1.0000,-1.0000,-1.0000,-1.0000,-1.0000,-1.0000,-1.0000,-1,-1,-1,-1,-1,-1,-1,-1,-1,0,0,3225321358296,5.1383,3.9438,16.1337,-1,-1,180,10818,6351
stress-five-minute-soak,17466,31.5979,-1,32.4416,-1.0000,-1.0000,-1.0000,-1.0000,-1.0000,-1.0000,-1.0000,-1.0000,-1.0000,-1,-1,-1,-1,-1,-1,-1,-1,-1,0,0,3225321571128,11.1431,4.1761,24.1696,-1,-1,180,10818,6351
stress-five-minute-soak,17467,25.1058,-1,27.3976,-1.0000,-1.0000,-1.0000,-1.0000,-1.0000,-1.0000,-1.0000,-1.0000,-1.0000,-1,-1,-1,-1,-1,-1,-1,-1,-1,0,0,3225321924359,6.0182,5.0576,34.6131,-1,-1,180,10818,6351
stress-five-minute-soak,17468,23.3241,-1,24.4152,-1.0000,-1.0000,-1.0000,-1.0000,-1.0000,-1.0000,-1.0000,-1.0000,-1.0000,-1,-1,-1,-1,-1,-1,-1,-1,-1,0,0,3225322330856,32.4943,4.0373,0.0137,-1,-1,180,10814,6351
stress-five-minute-soak,17469,23.3228,-1,23.6050,-1.0000,-1.0000,-1.0000,-1.0000,-1.0000,-1.0000,-1.0000,-1.0000,-1.0000,-1,-1,-1,-1,-1,-1,-1,-1,-1,0,0,3225322656347,14.0349,4.1145,17.5436,-1,-1,180,10814,6351
stress-five-minute-soak,18258,47.9377,-1,15.4967,-1.0000,-1.0000,-1.0000,-1.0000,-1.0000,-1.0000,-1.0000,-1.0000,-1.0000,-1,-1,-1,-1,-1,-1,-1,-1,-1,0,0,3225450019660,12.9807,4.2288,2.9973,-1,-1,182,10912,6449
stress-five-minute-soak,18259,97.8778,-1,46.4466,-1.0000,-1.0000,-1.0000,-1.0000,-1.0000,-1.0000,-1.0000,-1.0000,-1.0000,-1,-1,-1,-1,-1,-1,-1,-1,-1,0,0,3225450179556,5.8890,4.2988,9.6685,-1,-1,182,10912,6449
stress-five-minute-soak,18260,70.3466,-1,97.5452,-1.0000,-1.0000,-1.0000,-1.0000,-1.0000,-1.0000,-1.0000,-1.0000,-1.0000,-1,-1,-1,-1,-1,-1,-1,-1,-1,0,0,3225450335186,6.4816,4.4271,10.1740,-1,-1,182,10912,6449
stress-five-minute-soak,18285,32.7330,-1,21.3929,-1.0000,-1.0000,-1.0000,-1.0000,-1.0000,-1.0000,-1.0000,-1.0000,-1.0000,-1,-1,-1,-1,-1,-1,-1,-1,-1,0,0,3225456119592,12.1668,4.2401,8.9153,-1,-1,182,10916,6453
stress-five-minute-soak,18286,98.0076,-1,31.2873,-1.0000,-1.0000,-1.0000,-1.0000,-1.0000,-1.0000,-1.0000,-1.0000,-1.0000,-1,-1,-1,-1,-1,-1,-1,-1,-1,0,0,3225456330532,6.8672,4.3053,15.0018,-1,-1,182,10916,6453
stress-five-minute-soak,18287,100.5072,-1,97.7513,-1.0000,-1.0000,-1.0000,-1.0000,-1.0000,-1.0000,-1.0000,-1.0000,-1.0000,-1,-1,-1,-1,-1,-1,-1,-1,-1,0,0,3225456549323,11.3609,4.5634,10.2424,-1,-1,182,10916,6453
stress-five-minute-soak,18288,100.4252,-1,99.1636,-1.0000,-1.0000,-1.0000,-1.0000,-1.0000,-1.0000,-1.0000,-1.0000,-1.0000,-1,-1,-1,-1,-1,-1,-1,-1,-1,0,0,3225456765474,5.8850,4.5496,26.8387,-1,-1,182,10912,6453
stress-five-minute-soak,18289,94.3949,-1,98.8754,-1.0000,-1.0000,-1.0000,-1.0000,-1.0000,-1.0000,-1.0000,-1.0000,-1.0000,-1,-1,-1,-1,-1,-1,-1,-1,-1,0,0,3225457092800,11.8161,4.7827,86.1926,-1,-1,182,10916,6453
stress-five-minute-soak,18290,43.2862,-1,-1.0000,-1.0000,-1.0000,-1.0000,-1.0000,-1.0000,-1.0000,-1.0000,-1.0000,-1.0000,-1,-1,-1,-1,-1,-1,-1,-1,-1,0,0,3225458072997,22.8499,3.2652,77.6459,-1,-1,182,10916,6453
stress-five-minute-soak,18312,46.0160,-1,19.9718,-1.0000,-1.0000,-1.0000,-1.0000,-1.0000,-1.0000,-1.0000,-1.0000,-1.0000,-1,-1,-1,-1,-1,-1,-1,-1,-1,0,0,3225464312355,6.0934,4.2200,14.8339,-1,-1,182,10916,6453
stress-five-minute-soak,18313,99.7373,-1,44.9695,-1.0000,-1.0000,-1.0000,-1.0000,-1.0000,-1.0000,-1.0000,-1.0000,-1.0000,-1,-1,-1,-1,-1,-1,-1,-1,-1,0,0,3225464521741,11.0652,4.1492,7.6677,-1,-1,182,10916,6453
stress-five-minute-soak,18314,101.5667,-1,99.3444,-1.0000,-1.0000,-1.0000,-1.0000,-1.0000,-1.0000,-1.0000,-1.0000,-1.0000,-1,-1,-1,-1,-1,-1,-1,-1,-1,0,0,3225464709165,6.0440,4.3702,14.2231,-1,-1,182,10916,6453
stress-five-minute-soak,18315,99.6046,-1,99.3416,-1.0000,-1.0000,-1.0000,-1.0000,-1.0000,-1.0000,-1.0000,-1.0000,-1.0000,-1,-1,-1,-1,-1,-1,-1,-1,-1,0,0,3225464911952,5.7149,4.1193,40.2899,-1,-1,182,10916,6453
stress-five-minute-soak,18316,76.3249,-1,98.3859,-1.0000,-1.0000,-1.0000,-1.0000,-1.0000,-1.0000,-1.0000,-1.0000,-1.0000,-1,-1,-1,-1,-1,-1,-1,-1,-1,0,0,3225465372108,12.5590,4.1326,87.1694,-1,-1,182,10916,6453
stress-five-minute-soak,18318,22.7754,-1,17.0583,-1.0000,-1.0000,-1.0000,-1.0000,-1.0000,-1.0000,-1.0000,-1.0000,-1.0000,-1,-1,-1,-1,-1,-1,-1,-1,-1,0,0,3225467385268,24.0044,5.5166,75.5968,-1,-1,182,10916,6453
stress-five-minute-soak,18336,23.1097,-1,11.8249,-1.0000,-1.0000,-1.0000,-1.0000,-1.0000,-1.0000,-1.0000,-1.0000,-1.0000,-1,-1,-1,-1,-1,-1,-1,-1,-1,0,0,3225471821791,6.4333,5.3778,4.2515,-1,-1,182,10917,6454
stress-five-minute-soak,18341,67.6065,-1,21.1028,-1.0000,-1.0000,-1.0000,-1.0000,-1.0000,-1.0000,-1.0000,-1.0000,-1.0000,-1,-1,-1,-1,-1,-1,-1,-1,-1,0,0,3225472604088,13.3889,4.7699,8.0598,-1,-1,182,10913,6454
stress-five-minute-soak,18342,98.2950,-1,66.7546,-1.0000,-1.0000,-1.0000,-1.0000,-1.0000,-1.0000,-1.0000,-1.0000,-1.0000,-1,-1,-1,-1,-1,-1,-1,-1,-1,0,0,3225472818681,6.9024,4.7070,14.5124,-1,-1,182,10913,6454
stress-five-minute-soak,18343,97.0966,-1,97.1638,-1.0000,-1.0000,-1.0000,-1.0000,-1.0000,-1.0000,-1.0000,-1.0000,-1.0000,-1,-1,-1,-1,-1,-1,-1,-1,-1,0,0,3225473032936,11.0390,4.6648,10.2615,-1,-1,182,10917,6454
stress-five-minute-soak,18344,59.3250,-1,96.3971,-1.0000,-1.0000,-1.0000,-1.0000,-1.0000,-1.0000,-1.0000,-1.0000,-1.0000,-1,-1,-1,-1,-1,-1,-1,-1,-1,0,0,3225473246067,5.5058,4.7001,62.0896,-1,-1,182,10917,6454
stress-five-minute-soak,18345,33.0888,-1,58.1069,-1.0000,-1.0000,-1.0000,-1.0000,-1.0000,-1.0000,-1.0000,-1.0000,-1.0000,-1,-1,-1,-1,-1,-1,-1,-1,-1,0,0,3225473922140,12.2385,5.2494,86.0458,-1,-1,182,10917,6454
stress-five-minute-soak,18346,26.4586,-1,32.5893,-1.0000,-1.0000,-1.0000,-1.0000,-1.0000,-1.0000,-1.0000,-1.0000,-1.0000,-1,-1,-1,-1,-1,-1,-1,-1,-1,0,0,3225474905092,21.3138,5.8505,75.7701,-1,-1,182,10917,6454
stress-five-minute-soak,18347,25.0490,-1,26.9583,-1.0000,-1.0000,-1.0000,-1.0000,-1.0000,-1.0000,-1.0000,-1.0000,-1.0000,-1,-1,-1,-1,-1,-1,-1,-1,-1,0,0,3225475876058,22.3184,5.1363,36.9941,-1,-1,182,10917,6454
stress-five-minute-soak,18367,22.6941,-1,12.8379,-1.0000,-1.0000,-1.0000,-1.0000,-1.0000,-1.0000,-1.0000,-1.0000,-1.0000,-1,-1,-1,-1,-1,-1,-1,-1,-1,0,0,3225479834349,5.9938,5.7397,4.7113,-1,-1,182,10921,6458
stress-five-minute-soak,18372,46.2969,-1,21.2524,-1.0000,-1.0000,-1.0000,-1.0000,-1.0000,-1.0000,-1.0000,-1.0000,-1.0000,-1,-1,-1,-1,-1,-1,-1,-1,-1,0,0,3225480634849,12.2804,4.6817,8.5958,-1,-1,182,10921,6458
stress-five-minute-soak,18373,97.9844,-1,45.5823,-1.0000,-1.0000,-1.0000,-1.0000,-1.0000,-1.0000,-1.0000,-1.0000,-1.0000,-1,-1,-1,-1,-1,-1,-1,-1,-1,0,0,3225480843728,6.3343,5.5412,14.9515,-1,-1,182,10921,6458
stress-five-minute-soak,18374,100.3941,-1,97.2859,-1.0000,-1.0000,-1.0000,-1.0000,-1.0000,-1.0000,-1.0000,-1.0000,-1.0000,-1,-1,-1,-1,-1,-1,-1,-1,-1,0,0,3225481056710,12.5946,4.5610,9.1076,-1,-1,182,10921,6458
stress-five-minute-soak,18375,48.3815,-1,98.5644,-1.0000,-1.0000,-1.0000,-1.0000,-1.0000,-1.0000,-1.0000,-1.0000,-1.0000,-1,-1,-1,-1,-1,-1,-1,-1,-1,0,0,3225481273833,6.3013,4.8306,39.9862,-1,-1,182,10921,6458
stress-five-minute-soak,18376,29.7188,-1,48.2796,-1.0000,-1.0000,-1.0000,-1.0000,-1.0000,-1.0000,-1.0000,-1.0000,-1.0000,-1,-1,-1,-1,-1,-1,-1,-1,-1,0,0,3225481736832,13.1642,4.8857,84.8065,-1,-1,182,10921,6458
stress-five-minute-soak,18377,24.9350,-1,29.8844,-1.0000,-1.0000,-1.0000,-1.0000,-1.0000,-1.0000,-1.0000,-1.0000,-1.0000,-1,-1,-1,-1,-1,-1,-1,-1,-1,0,0,3225482716654,20.1451,4.7812,80.2507,-1,-1,182,10921,6458
stress-five-minute-soak,18378,22.8592,-1,24.1321,-1.0000,-1.0000,-1.0000,-1.0000,-1.0000,-1.0000,-1.0000,-1.0000,-1.0000,-1,-1,-1,-1,-1,-1,-1,-1,-1,0,0,3225483720810,42.8475,4.1776,5.4835,-1,-1,182,10921,6458
stress-five-minute-soak,18400,23.9386,-1,12.1876,-1.0000,-1.0000,-1.0000,-1.0000,-1.0000,-1.0000,-1.0000,-1.0000,-1.0000,-1,-1,-1,-1,-1,-1,-1,-1,-1,0,0,3225487874746,6.2895,5.0565,5.4551,-1,-1,182,10928,6469
stress-five-minute-soak,18402,23.0326,-1,19.9173,-1.0000,-1.0000,-1.0000,-1.0000,-1.0000,-1.0000,-1.0000,-1.0000,-1.0000,-1,-1,-1,-1,-1,-1,-1,-1,-1,0,0,3225488092734,13.9746,4.4553,0.8029,-1,-1,182,10928,6469
stress-five-minute-soak,18406,50.8884,-1,21.6799,-1.0000,-1.0000,-1.0000,-1.0000,-1.0000,-1.0000,-1.0000,-1.0000,-1.0000,-1,-1,-1,-1,-1,-1,-1,-1,-1,0,0,3225488894652,5.1678,4.1770,16.2624,-1,-1,182,10932,6469
stress-five-minute-soak,18407,100.8039,-1,51.2727,-1.0000,-1.0000,-1.0000,-1.0000,-1.0000,-1.0000,-1.0000,-1.0000,-1.0000,-1,-1,-1,-1,-1,-1,-1,-1,-1,0,0,3225489109070,13.5436,4.1979,8.1336,-1,-1,182,10932,6469
stress-five-minute-soak,18408,100.5021,-1,98.9245,-1.0000,-1.0000,-1.0000,-1.0000,-1.0000,-1.0000,-1.0000,-1.0000,-1.0000,-1,-1,-1,-1,-1,-1,-1,-1,-1,0,0,3225489325966,6.2433,3.9724,15.6192,-1,-1,182,10932,6469
stress-five-minute-soak,18409,96.6508,-1,99.3303,-1.0000,-1.0000,-1.0000,-1.0000,-1.0000,-1.0000,-1.0000,-1.0000,-1.0000,-1,-1,-1,-1,-1,-1,-1,-1,-1,0,0,3225489544704,12.4577,4.5223,38.4206,-1,-1,182,10932,6469
stress-five-minute-soak,18410,61.8235,-1,96.1782,-1.0000,-1.0000,-1.0000,-1.0000,-1.0000,-1.0000,-1.0000,-1.0000,-1.0000,-1,-1,-1,-1,-1,-1,-1,-1,-1,0,0,3225490053583,14.1184,4.7150,86.6735,-1,-1,182,10932,6469
stress-five-minute-soak,18435,86.4168,-1,21.4382,-1.0000,-1.0000,-1.0000,-1.0000,-1.0000,-1.0000,-1.0000,-1.0000,-1.0000,-1,-1,-1,-1,-1,-1,-1,-1,-1,0,0,3225497100520,13.5456,4.4893,8.1715,-1,-1,182,10941,6478
stress-five-minute-soak,18436,100.9528,-1,85.1323,-1.0000,-1.0000,-1.0000,-1.0000,-1.0000,-1.0000,-1.0000,-1.0000,-1.0000,-1,-1,-1,-1,-1,-1,-1,-1,-1,0,0,3225497317810,5.4423,4.6573,13.7573,-1,-1,182,10941,6478
stress-five-minute-soak,18437,100.1811,-1,100.0300,-1.0000,-1.0000,-1.0000,-1.0000,-1.0000,-1.0000,-1.0000,-1.0000,-1.0000,-1,-1,-1,-1,-1,-1,-1,-1,-1,0,0,3225497509939,5.6427,4.3842,15.4914,-1,-1,182,10937,6478
stress-five-minute-soak,18438,97.9602,-1,99.2748,-1.0000,-1.0000,-1.0000,-1.0000,-1.0000,-1.0000,-1.0000,-1.0000,-1.0000,-1,-1,-1,-1,-1,-1,-1,-1,-1,0,0,3225497721399,14.2404,4.5034,72.1786,-1,-1,182,10941,6478
stress-five-minute-soak,18439,51.7649,-1,96.5092,-1.0000,-1.0000,-1.0000,-1.0000,-1.0000,-1.0000,-1.0000,-1.0000,-1.0000,-1,-1,-1,-1,-1,-1,-1,-1,-1,0,0,3225498585799,41.7864,2.9969,59.1386,-1,-1,182,10941,6478
stress-five-minute-soak,18458,22.6607,-1,19.2924,-1.0000,-1.0000,-1.0000,-1.0000,-1.0000,-1.0000,-1.0000,-1.0000,-1.0000,-1,-1,-1,-1,-1,-1,-1,-1,-1,0,0,3225504360549,5.8969,4.9838,6.1469,-1,-1,182,10949,6486
stress-five-minute-soak,18462,23.5159,-1,21.0957,-1.0000,-1.0000,-1.0000,-1.0000,-1.0000,-1.0000,-1.0000,-1.0000,-1.0000,-1,-1,-1,-1,-1,-1,-1,-1,-1,0,0,3225505051978,14.6163,4.7036,5.7923,-1,-1,182,10949,6486
stress-five-minute-soak,18463,51.0315,-1,21.7969,-1.0000,-1.0000,-1.0000,-1.0000,-1.0000,-1.0000,-1.0000,-1.0000,-1.0000,-1,-1,-1,-1,-1,-1,-1,-1,-1,0,0,3225505256192,6.0845,5.0651,14.6036,-1,-1,182,10949,6486
stress-five-minute-soak,18464,99.6446,-1,51.0938,-1.0000,-1.0000,-1.0000,-1.0000,-1.0000,-1.0000,-1.0000,-1.0000,-1.0000,-1,-1,-1,-1,-1,-1,-1,-1,-1,0,0,3225505463185,6.2117,5.1820,14.9019,-1,-1,182,10949,6486
stress-five-minute-soak,18465,101.6190,-1,99.1788,-1.0000,-1.0000,-1.0000,-1.0000,-1.0000,-1.0000,-1.0000,-1.0000,-1.0000,-1,-1,-1,-1,-1,-1,-1,-1,-1,0,0,3225505674611,14.7770,4.5403,8.7095,-1,-1,182,10949,6486
stress-five-minute-soak,18466,92.6841,-1,99.6454,-1.0000,-1.0000,-1.0000,-1.0000,-1.0000,-1.0000,-1.0000,-1.0000,-1.0000,-1,-1,-1,-1,-1,-1,-1,-1,-1,0,0,3225505909593,5.9460,5.6159,45.0749,-1,-1,182,10949,6486
stress-five-minute-soak,18467,50.9546,-1,92.6930,-1.0000,-1.0000,-1.0000,-1.0000,-1.0000,-1.0000,-1.0000,-1.0000,-1.0000,-1,-1,-1,-1,-1,-1,-1,-1,-1,0,0,3225506419916,13.3229,4.7486,86.3103,-1,-1,182,10945,6486
stress-five-minute-soak,18468,24.9381,-1,48.2798,-1.0000,-1.0000,-1.0000,-1.0000,-1.0000,-1.0000,-1.0000,-1.0000,-1.0000,-1,-1,-1,-1,-1,-1,-1,-1,-1,0,0,3225507416356,18.7967,4.6560,82.8205,-1,-1,182,10949,6486
stress-five-minute-soak,18492,28.9006,-1,17.4252,-1.0000,-1.0000,-1.0000,-1.0000,-1.0000,-1.0000,-1.0000,-1.0000,-1.0000,-1,-1,-1,-1,-1,-1,-1,-1,-1,0,0,3225513341430,5.2303,4.3660,15.7131,-1,-1,182,10954,6491
stress-five-minute-soak,18493,102.0422,-1,29.1149,-1.0000,-1.0000,-1.0000,-1.0000,-1.0000,-1.0000,-1.0000,-1.0000,-1.0000,-1,-1,-1,-1,-1,-1,-1,-1,-1,0,0,3225513550975,11.4843,4.6277,9.3332,-1,-1,182,10954,6491
stress-five-minute-soak,18494,98.7969,-1,99.8208,-1.0000,-1.0000,-1.0000,-1.0000,-1.0000,-1.0000,-1.0000,-1.0000,-1.0000,-1,-1,-1,-1,-1,-1,-1,-1,-1,0,0,3225513759266,5.1266,4.5515,12.0512,-1,-1,182,10954,6491
stress-five-minute-soak,18495,62.0190,-1,98.9819,-1.0000,-1.0000,-1.0000,-1.0000,-1.0000,-1.0000,-1.0000,-1.0000,-1.0000,-1,-1,-1,-1,-1,-1,-1,-1,-1,0,0,3225513931162,6.0851,4.1292,22.8030,-1,-1,182,10954,6491
stress-five-minute-soak,18496,32.8206,-1,60.2849,-1.0000,-1.0000,-1.0000,-1.0000,-1.0000,-1.0000,-1.0000,-1.0000,-1.0000,-1,-1,-1,-1,-1,-1,-1,-1,-1,0,0,3225514220166,11.8074,4.1010,90.2234,-1,-1,182,10954,6491
stress-five-minute-soak,18497,27.3845,-1,32.5146,-1.0000,-1.0000,-1.0000,-1.0000,-1.0000,-1.0000,-1.0000,-1.0000,-1.0000,-1,-1,-1,-1,-1,-1,-1,-1,-1,0,0,3225515240591,20.3937,4.3646,78.3926,-1,-1,182,10954,6491
stress-five-minute-soak,18498,23.1221,-1,26.5784,-1.0000,-1.0000,-1.0000,-1.0000,-1.0000,-1.0000,-1.0000,-1.0000,-1.0000,-1,-1,-1,-1,-1,-1,-1,-1,-1,0,0,3225516228575,18.1429,4.6376,43.8610,-1,-1,182,10954,6491
stress-five-minute-soak,18518,22.7859,-1,20.7741,-1.0000,-1.0000,-1.0000,-1.0000,-1.0000,-1.0000,-1.0000,-1.0000,-1.0000,-1,-1,-1,-1,-1,-1,-1,-1,-1,0,0,3225520333117,5.8000,5.6722,5.8100,-1,-1,182,10953,6490
stress-five-minute-soak,18525,30.8310,-1,21.2972,-1.0000,-1.0000,-1.0000,-1.0000,-1.0000,-1.0000,-1.0000,-1.0000,-1.0000,-1,-1,-1,-1,-1,-1,-1,-1,-1,0,0,3225521603204,13.2696,4.2376,4.6226,-1,-1,182,10953,6490
stress-five-minute-soak,18526,97.5405,-1,29.7149,-1.0000,-1.0000,-1.0000,-1.0000,-1.0000,-1.0000,-1.0000,-1.0000,-1.0000,-1,-1,-1,-1,-1,-1,-1,-1,-1,0,0,3225521782244,5.2871,4.5480,15.6173,-1,-1,182,10953,6490
stress-five-minute-soak,18527,97.7013,-1,97.2040,-1.0000,-1.0000,-1.0000,-1.0000,-1.0000,-1.0000,-1.0000,-1.0000,-1.0000,-1,-1,-1,-1,-1,-1,-1,-1,-1,0,0,3225521991382,5.9749,4.4136,15.6774,-1,-1,182,10953,6490
stress-five-minute-soak,18528,51.3454,-1,96.3535,-1.0000,-1.0000,-1.0000,-1.0000,-1.0000,-1.0000,-1.0000,-1.0000,-1.0000,-1,-1,-1,-1,-1,-1,-1,-1,-1,0,0,3225522208003,13.7200,4.3655,17.0979,-1,-1,182,10949,6490
stress-five-minute-soak,18529,32.0849,-1,51.0385,-1.0000,-1.0000,-1.0000,-1.0000,-1.0000,-1.0000,-1.0000,-1.0000,-1.0000,-1,-1,-1,-1,-1,-1,-1,-1,-1,0,0,3225522516304,13.4844,4.3930,84.0484,-1,-1,182,10953,6490
stress-five-minute-soak,18530,23.7999,-1,30.6243,-1.0000,-1.0000,-1.0000,-1.0000,-1.0000,-1.0000,-1.0000,-1.0000,-1.0000,-1,-1,-1,-1,-1,-1,-1,-1,-1,0,0,3225523491726,15.7319,4.0809,81.9597,-1,-1,182,10953,6490
stress-five-minute-soak,18531,23.6608,-1,24.9690,-1.0000,-1.0000,-1.0000,-1.0000,-1.0000,-1.0000,-1.0000,-1.0000,-1.0000,-1,-1,-1,-1,-1,-1,-1,-1,-1,0,0,3225524468825,19.4034,4.4744,31.9119,-1,-1,182,10953,6490
stress-five-minute-soak,18550,23.1455,-1,19.5195,-1.0000,-1.0000,-1.0000,-1.0000,-1.0000,-1.0000,-1.0000,-1.0000,-1.0000,-1,-1,-1,-1,-1,-1,-1,-1,-1,0,0,3225528207090,6.2312,4.8464,9.2873,-1,-1,182,10952,6492
stress-five-minute-soak,18559,41.3683,-1,21.6591,-1.0000,-1.0000,-1.0000,-1.0000,-1.0000,-1.0000,-1.0000,-1.0000,-1.0000,-1,-1,-1,-1,-1,-1,-1,-1,-1,0,0,3225529818291,5.5417,4.5664,9.6960,-1,-1,182,10956,6492
stress-five-minute-soak,18560,35.1069,-1,39.7722,-1.0000,-1.0000,-1.0000,-1.0000,-1.0000,-1.0000,-1.0000,-1.0000,-1.0000,-1,-1,-1,-1,-1,-1,-1,-1,-1,0,0,3225529970787,5.7489,4.3895,15.8742,-1,-1,182,10956,6492
stress-five-minute-soak,18561,31.8765,-1,35.6150,-1.0000,-1.0000,-1.0000,-1.0000,-1.0000,-1.0000,-1.0000,-1.0000,-1.0000,-1,-1,-1,-1,-1,-1,-1,-1,-1,0,0,3225530187132,12.9026,4.2107,8.3016,-1,-1,182,10956,6492
stress-five-minute-soak,18562,29.0349,-1,31.2832,-1.0000,-1.0000,-1.0000,-1.0000,-1.0000,-1.0000,-1.0000,-1.0000,-1.0000,-1,-1,-1,-1,-1,-1,-1,-1,-1,0,0,3225530399276,5.5812,4.2062,35.7769,-1,-1,182,10956,6492
stress-five-minute-soak,18563,25.9281,-1,28.0077,-1.0000,-1.0000,-1.0000,-1.0000,-1.0000,-1.0000,-1.0000,-1.0000,-1.0000,-1,-1,-1,-1,-1,-1,-1,-1,-1,0,0,3225530812965,11.6152,4.3010,23.4818,-1,-1,182,10956,6492
stress-five-minute-soak,18564,24.2323,-1,26.0628,-1.0000,-1.0000,-1.0000,-1.0000,-1.0000,-1.0000,-1.0000,-1.0000,-1.0000,-1,-1,-1,-1,-1,-1,-1,-1,-1,0,0,3225531164038,11.7384,4.4292,20.1278,-1,-1,182,10956,6492
stress-five-minute-soak,18565,24.8711,-1,24.5862,-1.0000,-1.0000,-1.0000,-1.0000,-1.0000,-1.0000,-1.0000,-1.0000,-1.0000,-1,-1,-1,-1,-1,-1,-1,-1,-1,0,0,3225531482806,8.0712,4.1543,20.9529,-1,-1,182,10956,6492
stress-five-minute-soak,18566,23.0039,-1,23.8976,-1.0000,-1.0000,-1.0000,-1.0000,-1.0000,-1.0000,-1.0000,-1.0000,-1.0000,-1,-1,-1,-1,-1,-1,-1,-1,-1,0,0,3225531773157,11.3192,4.0808,14.5960,-1,-1,182,10956,6492
stress-five-minute-soak,18567,24.0673,-1,23.3247,-1.0000,-1.0000,-1.0000,-1.0000,-1.0000,-1.0000,-1.0000,-1.0000,-1.0000,-1,-1,-1,-1,-1,-1,-1,-1,-1,0,0,3225532032431,11.7725,4.2918,12.4489,-1,-1,182,10956,6492
stress-five-minute-soak,18568,22.3021,-1,22.8163,-1.0000,-1.0000,-1.0000,-1.0000,-1.0000,-1.0000,-1.0000,-1.0000,-1.0000,-1,-1,-1,-1,-1,-1,-1,-1,-1,0,0,3225532274752,5.7185,3.9891,19.1418,-1,-1,182,10956,6492
stress-five-minute-soak,18569,22.5216,-1,22.3030,-1.0000,-1.0000,-1.0000,-1.0000,-1.0000,-1.0000,-1.0000,-1.0000,-1.0000,-1,-1,-1,-1,-1,-1,-1,-1,-1,0,0,3225532523468,13.2842,4.0801,9.7085,-1,-1,182,10952,6492
stress-five-minute-soak,18572,23.1547,-1,21.5199,-1.0000,-1.0000,-1.0000,-1.0000,-1.0000,-1.0000,-1.0000,-1.0000,-1.0000,-1,-1,-1,-1,-1,-1,-1,-1,-1,0,0,3225533217199,11.0104,4.0128,11.5023,-1,-1,182,10954,6492
stress-five-minute-soak,18613,27.6242,-1,14.0296,-1.0000,-1.0000,-1.0000,-1.0000,-1.0000,-1.0000,-1.0000,-1.0000,-1.0000,-1,-1,-1,-1,-1,-1,-1,-1,-1,0,0,3225540185054,5.8664,4.5693,12.2271,-1,-1,182,10957,6493
stress-five-minute-soak,18614,55.4782,-1,27.5709,-1.0000,-1.0000,-1.0000,-1.0000,-1.0000,-1.0000,-1.0000,-1.0000,-1.0000,-1,-1,-1,-1,-1,-1,-1,-1,-1,0,0,3225540366044,5.7920,4.5365,8.2333,-1,-1,182,10957,6493
stress-five-minute-soak,18615,98.0882,-1,55.2530,-1.0000,-1.0000,-1.0000,-1.0000,-1.0000,-1.0000,-1.0000,-1.0000,-1.0000,-1,-1,-1,-1,-1,-1,-1,-1,-1,0,0,3225540506411,5.5959,4.1000,9.2126,-1,-1,182,10957,6493
stress-five-minute-soak,18616,43.2647,-1,97.1274,-1.0000,-1.0000,-1.0000,-1.0000,-1.0000,-1.0000,-1.0000,-1.0000,-1.0000,-1,-1,-1,-1,-1,-1,-1,-1,-1,0,0,3225540654605,11.0338,5.4202,16.5792,-1,-1,182,10957,6493
stress-five-minute-soak,18630,26.6817,-1,21.8173,-1.0000,-1.0000,-1.0000,-1.0000,-1.0000,-1.0000,-1.0000,-1.0000,-1.0000,-1,-1,-1,-1,-1,-1,-1,-1,-1,0,0,3225544193378,6.7942,4.3981,14.5479,-1,-1,182,10957,6493
stress-five-minute-soak,18631,23.2165,-1,26.3923,-1.0000,-1.0000,-1.0000,-1.0000,-1.0000,-1.0000,-1.0000,-1.0000,-1.0000,-1,-1,-1,-1,-1,-1,-1,-1,-1,0,0,3225544406853,5.5370,4.1338,14.8230,-1,-1,182,10957,6493
stress-five-minute-soak,18640,39.5261,-1,15.6897,-1.0000,-1.0000,-1.0000,-1.0000,-1.0000,-1.0000,-1.0000,-1.0000,-1.0000,-1,-1,-1,-1,-1,-1,-1,-1,-1,0,0,3225546216219,5.7151,4.4315,9.6926,-1,-1,182,10964,6500
stress-five-minute-soak,18641,98.0232,-1,37.8762,-1.0000,-1.0000,-1.0000,-1.0000,-1.0000,-1.0000,-1.0000,-1.0000,-1.0000,-1,-1,-1,-1,-1,-1,-1,-1,-1,0,0,3225546370399,5.8642,4.8035,10.9489,-1,-1,182,10964,6500
stress-five-minute-soak,18642,97.5843,-1,97.3734,-1.0000,-1.0000,-1.0000,-1.0000,-1.0000,-1.0000,-1.0000,-1.0000,-1.0000,-1,-1,-1,-1,-1,-1,-1,-1,-1,0,0,3225546538638,11.2415,3.2420,4.2041,-1,-1,182,10964,6500
stress-five-minute-soak,18743,28.9538,-1,15.0367,-1.0000,-1.0000,-1.0000,-1.0000,-1.0000,-1.0000,-1.0000,-1.0000,-1.0000,-1,-1,-1,-1,-1,-1,-1,-1,-1,0,0,3225564796618,6.2290,5.1439,10.6902,-1,-1,182,10976,6512
stress-five-minute-soak,18744,24.9141,-1,23.7855,-1.0000,-1.0000,-1.0000,-1.0000,-1.0000,-1.0000,-1.0000,-1.0000,-1.0000,-1,-1,-1,-1,-1,-1,-1,-1,-1,0,0,3225564965878,6.1240,5.5254,8.3909,-1,-1,182,10976,6512
stress-five-minute-soak,18745,30.8351,-1,25.3668,-1.0000,-1.0000,-1.0000,-1.0000,-1.0000,-1.0000,-1.0000,-1.0000,-1.0000,-1,-1,-1,-1,-1,-1,-1,-1,-1,0,0,3225565111151,15.8988,5.3677,0.0126,-1,-1,182,10976,6512
stress-five-minute-soak,18746,32.1709,-1,29.8289,-1.0000,-1.0000,-1.0000,-1.0000,-1.0000,-1.0000,-1.0000,-1.0000,-1.0000,-1,-1,-1,-1,-1,-1,-1,-1,-1,0,0,3225565270442,6.7951,4.8809,22.1475,-1,-1,182,10976,6512
stress-five-minute-soak,18747,31.9742,-1,32.0914,-1.0000,-1.0000,-1.0000,-1.0000,-1.0000,-1.0000,-1.0000,-1.0000,-1.0000,-1,-1,-1,-1,-1,-1,-1,-1,-1,0,0,3225565559956,12.1018,4.8596,12.7975,-1,-1,182,10976,6512
stress-five-minute-soak,18748,32.9479,-1,32.0159,-1.0000,-1.0000,-1.0000,-1.0000,-1.0000,-1.0000,-1.0000,-1.0000,-1.0000,-1,-1,-1,-1,-1,-1,-1,-1,-1,0,0,3225565809170,6.8302,4.7641,23.9835,-1,-1,182,10976,6512
stress-five-minute-soak,18749,30.2320,-1,31.5008,-1.0000,-1.0000,-1.0000,-1.0000,-1.0000,-1.0000,-1.0000,-1.0000,-1.0000,-1,-1,-1,-1,-1,-1,-1,-1,-1,0,0,3225566117420,13.1641,4.6637,18.9937,-1,-1,182,10976,6512
stress-five-minute-soak,18750,25.0045,-1,30.6647,-1.0000,-1.0000,-1.0000,-1.0000,-1.0000,-1.0000,-1.0000,-1.0000,-1.0000,-1,-1,-1,-1,-1,-1,-1,-1,-1,0,0,3225566439126,5.7918,4.8896,26.1702,-1,-1,182,10976,6512
stress-five-minute-soak,18798,23.3834,-1,17.8012,-1.0000,-1.0000,-1.0000,-1.0000,-1.0000,-1.0000,-1.0000,-1.0000,-1.0000,-1,-1,-1,-1,-1,-1,-1,-1,-1,0,0,3225575104364,14.4801,4.1478,0.1235,-1,-1,182,10984,6520
stress-five-minute-soak,18799,23.3396,-1,22.7195,-1.0000,-1.0000,-1.0000,-1.0000,-1.0000,-1.0000,-1.0000,-1.0000,-1.0000,-1,-1,-1,-1,-1,-1,-1,-1,-1,0,0,3225575250611,6.0372,4.2330,13.0116,-1,-1,182,10984,6520
stress-five-minute-soak,18800,24.7290,-1,23.3805,-1.0000,-1.0000,-1.0000,-1.0000,-1.0000,-1.0000,-1.0000,-1.0000,-1.0000,-1,-1,-1,-1,-1,-1,-1,-1,-1,0,0,3225575441163,5.5867,5.9093,11.2640,-1,-1,182,10984,6520
stress-five-minute-soak,18801,22.6096,-1,23.5561,-1.0000,-1.0000,-1.0000,-1.0000,-1.0000,-1.0000,-1.0000,-1.0000,-1.0000,-1,-1,-1,-1,-1,-1,-1,-1,-1,0,0,3225575609778,11.2773,4.6052,12.0954,-1,-1,182,10984,6520
stress-five-minute-soak,18802,23.0443,-1,23.1900,-1.0000,-1.0000,-1.0000,-1.0000,-1.0000,-1.0000,-1.0000,-1.0000,-1.0000,-1,-1,-1,-1,-1,-1,-1,-1,-1,0,0,3225575843615,6.7551,4.3762,16.5707,-1,-1,182,10984,6520
stress-five-minute-soak,18803,24.1751,-1,23.2218,-1.0000,-1.0000,-1.0000,-1.0000,-1.0000,-1.0000,-1.0000,-1.0000,-1.0000,-1,-1,-1,-1,-1,-1,-1,-1,-1,0,0,3225576076999,12.8028,5.9994,11.9168,-1,-1,182,10984,6520
stress-five-minute-soak,18804,24.3956,-1,23.3492,-1.0000,-1.0000,-1.0000,-1.0000,-1.0000,-1.0000,-1.0000,-1.0000,-1.0000,-1,-1,-1,-1,-1,-1,-1,-1,-1,0,0,3225576324306,6.1103,4.5116,16.4870,-1,-1,182,10984,6520
stress-five-minute-soak,18856,37.5274,-1,13.9592,-1.0000,-1.0000,-1.0000,-1.0000,-1.0000,-1.0000,-1.0000,-1.0000,-1.0000,-1,-1,-1,-1,-1,-1,-1,-1,-1,0,0,3225585263876,6.7483,4.8276,12.3386,-1,-1,182,10986,6522
stress-five-minute-soak,18857,88.1063,-1,32.8330,-1.0000,-1.0000,-1.0000,-1.0000,-1.0000,-1.0000,-1.0000,-1.0000,-1.0000,-1,-1,-1,-1,-1,-1,-1,-1,-1,0,0,3225585454809,5.8025,5.0248,8.8043,-1,-1,182,10986,6522
stress-five-minute-soak,18858,86.9059,-1,88.0996,-1.0000,-1.0000,-1.0000,-1.0000,-1.0000,-1.0000,-1.0000,-1.0000,-1.0000,-1,-1,-1,-1,-1,-1,-1,-1,-1,0,0,3225585600992,13.5624,4.5666,0.7246,-1,-1,182,10986,6522
stress-five-minute-soak,18883,22.2534,-1,21.0900,-1.0000,-1.0000,-1.0000,-1.0000,-1.0000,-1.0000,-1.0000,-1.0000,-1.0000,-1,-1,-1,-1,-1,-1,-1,-1,-1,0,0,3225591088014,12.2205,4.1740,7.6835,-1,-1,182,10986,6522
stress-five-minute-soak,18884,48.9082,-1,22.7615,-1.0000,-1.0000,-1.0000,-1.0000,-1.0000,-1.0000,-1.0000,-1.0000,-1.0000,-1,-1,-1,-1,-1,-1,-1,-1,-1,0,0,3225591287147,5.5612,4.7390,14.8932,-1,-1,182,10986,6522
stress-five-minute-soak,18885,37.6382,-1,48.0105,-1.0000,-1.0000,-1.0000,-1.0000,-1.0000,-1.0000,-1.0000,-1.0000,-1.0000,-1,-1,-1,-1,-1,-1,-1,-1,-1,0,0,3225591491797,5.0586,4.3019,16.3362,-1,-1,182,10986,6522
stress-five-minute-soak,18886,30.7688,-1,36.6592,-1.0000,-1.0000,-1.0000,-1.0000,-1.0000,-1.0000,-1.0000,-1.0000,-1.0000,-1,-1,-1,-1,-1,-1,-1,-1,-1,0,0,3225591705850,13.5906,4.1391,8.6504,-1,-1,182,10986,6522
stress-five-minute-soak,18887,27.8528,-1,31.2376,-1.0000,-1.0000,-1.0000,-1.0000,-1.0000,-1.0000,-1.0000,-1.0000,-1.0000,-1,-1,-1,-1,-1,-1,-1,-1,-1,0,0,3225591928377,5.4523,4.3702,43.4462,-1,-1,182,10986,6522
stress-five-minute-soak,18888,27.6027,-1,27.4967,-1.0000,-1.0000,-1.0000,-1.0000,-1.0000,-1.0000,-1.0000,-1.0000,-1.0000,-1,-1,-1,-1,-1,-1,-1,-1,-1,0,0,3225592417472,13.0468,3.8881,24.5796,-1,-1,182,10982,6522
stress-five-minute-soak,18889,24.1897,-1,26.3821,-1.0000,-1.0000,-1.0000,-1.0000,-1.0000,-1.0000,-1.0000,-1.0000,-1.0000,-1,-1,-1,-1,-1,-1,-1,-1,-1,0,0,3225592793840,14.5348,4.2640,16.2208,-1,-1,182,10982,6522
stress-five-minute-soak,18928,22.2372,-1,14.0534,-1.0000,-1.0000,-1.0000,-1.0000,-1.0000,-1.0000,-1.0000,-1.0000,-1.0000,-1,-1,-1,-1,-1,-1,-1,-1,-1,0,0,3225599633204,12.4711,5.4047,3.7967,-1,-1,182,10990,6526
stress-five-minute-soak,18929,34.8038,-1,22.5492,-1.0000,-1.0000,-1.0000,-1.0000,-1.0000,-1.0000,-1.0000,-1.0000,-1.0000,-1,-1,-1,-1,-1,-1,-1,-1,-1,0,0,3225599795990,5.9341,6.7898,8.8091,-1,-1,182,10990,6526
stress-five-minute-soak,18930,38.4123,-1,33.8575,-1.0000,-1.0000,-1.0000,-1.0000,-1.0000,-1.0000,-1.0000,-1.0000,-1.0000,-1,-1,-1,-1,-1,-1,-1,-1,-1,0,0,3225599943490,6.3407,5.8122,8.4520,-1,-1,182,10990,6526
stress-five-minute-soak,18931,36.1712,-1,37.3704,-1.0000,-1.0000,-1.0000,-1.0000,-1.0000,-1.0000,-1.0000,-1.0000,-1.0000,-1,-1,-1,-1,-1,-1,-1,-1,-1,0,0,3225600091536,15.8743,4.4262,6.3479,-1,-1,182,10990,6526
stress-five-minute-soak,18932,36.3741,-1,36.6843,-1.0000,-1.0000,-1.0000,-1.0000,-1.0000,-1.0000,-1.0000,-1.0000,-1.0000,-1,-1,-1,-1,-1,-1,-1,-1,-1,0,0,3225600313882,9.1206,4.1137,25.6735,-1,-1,182,10990,6526
stress-five-minute-soak,18933,35.6220,-1,35.8433,-1.0000,-1.0000,-1.0000,-1.0000,-1.0000,-1.0000,-1.0000,-1.0000,-1.0000,-1,-1,-1,-1,-1,-1,-1,-1,-1,0,0,3225600661926,12.0536,4.2739,26.3483,-1,-1,182,10990,6526
stress-five-minute-soak,18934,27.8746,-1,34.6788,-1.0000,-1.0000,-1.0000,-1.0000,-1.0000,-1.0000,-1.0000,-1.0000,-1.0000,-1,-1,-1,-1,-1,-1,-1,-1,-1,0,0,3225601046042,12.1223,3.9918,24.0432,-1,-1,182,10990,6526
stress-five-minute-soak,18935,26.1490,-1,28.8691,-1.0000,-1.0000,-1.0000,-1.0000,-1.0000,-1.0000,-1.0000,-1.0000,-1.0000,-1,-1,-1,-1,-1,-1,-1,-1,-1,0,0,3225601407807,6.5473,4.1196,29.8098,-1,-1,182,10990,6526
stress-five-minute-soak,18936,22.6620,-1,24.5371,-1.0000,-1.0000,-1.0000,-1.0000,-1.0000,-1.0000,-1.0000,-1.0000,-1.0000,-1,-1,-1,-1,-1,-1,-1,-1,-1,0,0,3225601771498,12.7897,3.9542,22.8215,-1,-1,182,10990,6526
stress-five-minute-soak,18938,23.1328,-1,21.6448,-1.0000,-1.0000,-1.0000,-1.0000,-1.0000,-1.0000,-1.0000,-1.0000,-1.0000,-1,-1,-1,-1,-1,-1,-1,-1,-1,0,0,3225602406459,6.4058,4.4208,19.7349,-1,-1,182,10990,6526
stress-five-minute-soak,18956,27.7806,-1,21.3399,-1.0000,-1.0000,-1.0000,-1.0000,-1.0000,-1.0000,-1.0000,-1.0000,-1.0000,-1,-1,-1,-1,-1,-1,-1,-1,-1,0,0,3225605524685,12.1925,4.1806,7.2253,-1,-1,182,10991,6527
stress-five-minute-soak,18957,94.0468,-1,28.2806,-1.0000,-1.0000,-1.0000,-1.0000,-1.0000,-1.0000,-1.0000,-1.0000,-1.0000,-1,-1,-1,-1,-1,-1,-1,-1,-1,0,0,3225605718972,5.7506,4.1681,16.1242,-1,-1,182,10991,6527
stress-five-minute-soak,18958,96.8864,-1,92.5414,-1.0000,-1.0000,-1.0000,-1.0000,-1.0000,-1.0000,-1.0000,-1.0000,-1.0000,-1,-1,-1,-1,-1,-1,-1,-1,-1,0,0,3225605937820,5.8118,4.2424,15.9033,-1,-1,182,10991,6527
stress-five-minute-soak,18959,41.4324,-1,95.5886,-1.0000,-1.0000,-1.0000,-1.0000,-1.0000,-1.0000,-1.0000,-1.0000,-1.0000,-1,-1,-1,-1,-1,-1,-1,-1,-1,0,0,3225606155070,13.5545,4.3162,14.2156,-1,-1,182,10991,6527
stress-five-minute-soak,18960,25.4189,-1,40.6077,-1.0000,-1.0000,-1.0000,-1.0000,-1.0000,-1.0000,-1.0000,-1.0000,-1.0000,-1,-1,-1,-1,-1,-1,-1,-1,-1,0,0,3225606432885,6.4224,4.0338,87.6277,-1,-1,182,10987,6527
stress-five-minute-soak,18961,23.0872,-1,26.2262,-1.0000,-1.0000,-1.0000,-1.0000,-1.0000,-1.0000,-1.0000,-1.0000,-1.0000,-1,-1,-1,-1,-1,-1,-1,-1,-1,0,0,3225607373582,27.9115,4.8066,68.9232,-1,-1,182,10991,6527
stress-factory-farm-mobs-storm,0,80.9163,-1,65.0870,-1.0000,-1.0000,-1.0000,-1.0000,-1.0000,-1.0000,-1.0000,-1.0000,-1.0000,-1,-1,-1,-1,-1,-1,-1,-1,-1,0,0,3225730925846,14.5302,5.2280,0.0106,-1,-1,166,7040,2442
stress-factory-farm-mobs-storm,1,58.0204,-1,80.0092,-1.0000,-1.0000,-1.0000,-1.0000,-1.0000,-1.0000,-1.0000,-1.0000,-1.0000,-1,-1,-1,-1,-1,-1,-1,-1,-1,0,0,3225731071410,13.7476,4.9846,7.7876,-1,-1,166,7042,2442
stress-factory-farm-mobs-storm,31,24.6450,-1,17.7431,-1.0000,-1.0000,-1.0000,-1.0000,-1.0000,-1.0000,-1.0000,-1.0000,-1.0000,-1,-1,-1,-1,-1,-1,-1,-1,-1,0,0,3225736756006,8.1682,4.3939,8.1335,-1,-1,166,7090,2440
stress-factory-farm-mobs-storm,32,24.3335,-1,23.7097,-1.0000,-1.0000,-1.0000,-1.0000,-1.0000,-1.0000,-1.0000,-1.0000,-1.0000,-1,-1,-1,-1,-1,-1,-1,-1,-1,0,0,3225736919139,7.2645,4.0119,10.2805,-1,-1,167,7094,2440
stress-factory-farm-mobs-storm,42,50.2684,-1,14.0925,-1.0000,-1.0000,-1.0000,-1.0000,-1.0000,-1.0000,-1.0000,-1.0000,-1.0000,-1,-1,-1,-1,-1,-1,-1,-1,-1,0,0,3225738745877,7.6034,3.8189,7.6151,-1,-1,167,7115,2440
stress-factory-farm-mobs-storm,43,80.7038,-1,48.1587,-1.0000,-1.0000,-1.0000,-1.0000,-1.0000,-1.0000,-1.0000,-1.0000,-1.0000,-1,-1,-1,-1,-1,-1,-1,-1,-1,0,0,3225738898182,6.5866,5.4691,7.5371,-1,-1,167,7115,2440
stress-factory-farm-mobs-storm,44,79.1777,-1,79.7888,-1.0000,-1.0000,-1.0000,-1.0000,-1.0000,-1.0000,-1.0000,-1.0000,-1.0000,-1,-1,-1,-1,-1,-1,-1,-1,-1,0,0,3225739039552,12.9291,3.3713,1.6699,-1,-1,167,7117,2440
stress-factory-farm-mobs-storm,45,40.0560,-1,-1.0000,-1.0000,-1.0000,-1.0000,-1.0000,-1.0000,-1.0000,-1.0000,-1.0000,-1.0000,-1,-1,-1,-1,-1,-1,-1,-1,-1,0,0,3225739185697,5.7679,3.5455,44.4876,-1,-1,167,7121,2440
stress-factory-farm-mobs-storm,73,23.8263,-1,18.6445,-1.0000,-1.0000,-1.0000,-1.0000,-1.0000,-1.0000,-1.0000,-1.0000,-1.0000,-1,-1,-1,-1,-1,-1,-1,-1,-1,0,0,3225744956905,10.2336,4.4356,5.3984,-1,-1,169,7166,2438
stress-factory-farm-mobs-storm,74,24.1217,-1,23.0308,-1.0000,-1.0000,-1.0000,-1.0000,-1.0000,-1.0000,-1.0000,-1.0000,-1.0000,-1,-1,-1,-1,-1,-1,-1,-1,-1,0,0,3225745113309,13.3283,3.6384,4.5085,-1,-1,169,7166,2438
stress-factory-farm-mobs-storm,85,76.7485,-1,14.2257,-1.0000,-1.0000,-1.0000,-1.0000,-1.0000,-1.0000,-1.0000,-1.0000,-1.0000,-1,-1,-1,-1,-1,-1,-1,-1,-1,0,0,3225747092880,11.1111,4.6876,3.8793,-1,-1,169,7182,2438
stress-factory-farm-mobs-storm,86,81.3591,-1,76.3940,-1.0000,-1.0000,-1.0000,-1.0000,-1.0000,-1.0000,-1.0000,-1.0000,-1.0000,-1,-1,-1,-1,-1,-1,-1,-1,-1,0,0,3225747242897,10.0404,4.8516,4.7003,-1,-1,169,7184,2438
stress-factory-farm-mobs-storm,87,62.9752,-1,80.9656,-1.0000,-1.0000,-1.0000,-1.0000,-1.0000,-1.0000,-1.0000,-1.0000,-1.0000,-1,-1,-1,-1,-1,-1,-1,-1,-1,0,0,3225747390360,7.4210,4.3032,7.0801,-1,-1,169,7184,2438
stress-factory-farm-mobs-storm,116,30.8679,-1,18.8273,-1.0000,-1.0000,-1.0000,-1.0000,-1.0000,-1.0000,-1.0000,-1.0000,-1.0000,-1,-1,-1,-1,-1,-1,-1,-1,-1,0,0,3225753143239,10.9648,3.9091,5.7447,-1,-1,170,7215,2433
stress-factory-farm-mobs-storm,117,25.4389,-1,31.3533,-1.0000,-1.0000,-1.0000,-1.0000,-1.0000,-1.0000,-1.0000,-1.0000,-1.0000,-1,-1,-1,-1,-1,-1,-1,-1,-1,0,0,3225753310432,7.7746,4.1400,11.7528,-1,-1,170,7217,2433
stress-factory-farm-mobs-storm,699,54.5711,-1,16.9966,-1.0000,-1.0000,-1.0000,-1.0000,-1.0000,-1.0000,-1.0000,-1.0000,-1.0000,-1,-1,-1,-1,-1,-1,-1,-1,-1,0,0,3225835178449,5.1554,3.5440,8.6484,-1,-1,169,7201,2383
stress-factory-farm-mobs-storm,700,81.0469,-1,53.5020,-1.0000,-1.0000,-1.0000,-1.0000,-1.0000,-1.0000,-1.0000,-1.0000,-1.0000,-1,-1,-1,-1,-1,-1,-1,-1,-1,0,0,3225835316544,6.4235,3.5255,7.9249,-1,-1,169,7201,2383
stress-factory-farm-mobs-storm,701,68.1542,-1,81.6840,-1.0000,-1.0000,-1.0000,-1.0000,-1.0000,-1.0000,-1.0000,-1.0000,-1.0000,-1,-1,-1,-1,-1,-1,-1,-1,-1,0,0,3225835460140,5.5805,3.6387,11.4898,-1,-1,169,7201,2383
stress-factory-farm-mobs-storm,719,25.0004,-1,16.7137,-1.0000,-1.0000,-1.0000,-1.0000,-1.0000,-1.0000,-1.0000,-1.0000,-1.0000,-1,-1,-1,-1,-1,-1,-1,-1,-1,0,0,3225839350938,6.6808,3.6790,8.9757,-1,-1,169,7201,2383
stress-factory-farm-mobs-storm,720,33.9839,-1,-1.0000,-1.0000,-1.0000,-1.0000,-1.0000,-1.0000,-1.0000,-1.0000,-1.0000,-1.0000,-1,-1,-1,-1,-1,-1,-1,-1,-1,0,0,3225839507612,5.6012,3.3228,10.5389,-1,-1,169,7201,2383
stress-factory-farm-mobs-storm,733,28.6122,-1,16.1905,-1.0000,-1.0000,-1.0000,-1.0000,-1.0000,-1.0000,-1.0000,-1.0000,-1.0000,-1,-1,-1,-1,-1,-1,-1,-1,-1,0,0,3225841533113,11.4393,3.6192,0.0083,-1,-1,169,7200,2382
stress-factory-farm-mobs-storm,734,61.0046,-1,28.4795,-1.0000,-1.0000,-1.0000,-1.0000,-1.0000,-1.0000,-1.0000,-1.0000,-1.0000,-1,-1,-1,-1,-1,-1,-1,-1,-1,0,0,3225841647715,5.4363,3.3840,9.7320,-1,-1,169,7200,2382
stress-factory-farm-mobs-storm,735,80.8719,-1,60.0504,-1.0000,-1.0000,-1.0000,-1.0000,-1.0000,-1.0000,-1.0000,-1.0000,-1.0000,-1,-1,-1,-1,-1,-1,-1,-1,-1,0,0,3225841799459,6.9102,3.3800,8.9705,-1,-1,169,7200,2382
stress-factory-farm-mobs-storm,736,78.8512,-1,81.1684,-1.0000,-1.0000,-1.0000,-1.0000,-1.0000,-1.0000,-1.0000,-1.0000,-1.0000,-1,-1,-1,-1,-1,-1,-1,-1,-1,0,0,3225841958383,5.2281,3.1956,23.3758,-1,-1,169,7200,2382
stress-factory-farm-mobs-storm,737,44.7489,-1,78.5600,-1.0000,-1.0000,-1.0000,-1.0000,-1.0000,-1.0000,-1.0000,-1.0000,-1.0000,-1,-1,-1,-1,-1,-1,-1,-1,-1,0,0,3225842244526,13.2525,3.2655,47.7401,-1,-1,169,7194,2376
stress-factory-farm-mobs-storm,738,28.1411,-1,44.1984,-1.0000,-1.0000,-1.0000,-1.0000,-1.0000,-1.0000,-1.0000,-1.0000,-1.0000,-1,-1,-1,-1,-1,-1,-1,-1,-1,0,0,3225842854565,13.6030,4.6316,67.2711,-1,-1,169,7195,2377
stress-factory-farm-mobs-storm,739,23.7682,-1,28.2604,-1.0000,-1.0000,-1.0000,-1.0000,-1.0000,-1.0000,-1.0000,-1.0000,-1.0000,-1,-1,-1,-1,-1,-1,-1,-1,-1,0,0,3225843663505,38.8789,3.3298,39.9234,-1,-1,169,7195,2377
stress-factory-farm-mobs-storm,788,23.7170,-1,20.1582,-1.0000,-1.0000,-1.0000,-1.0000,-1.0000,-1.0000,-1.0000,-1.0000,-1.0000,-1,-1,-1,-1,-1,-1,-1,-1,-1,0,0,3225851729697,5.4009,3.5928,7.2752,-1,-1,169,7190,2372
stress-factory-farm-mobs-storm,789,25.4526,-1,23.8792,-1.0000,-1.0000,-1.0000,-1.0000,-1.0000,-1.0000,-1.0000,-1.0000,-1.0000,-1,-1,-1,-1,-1,-1,-1,-1,-1,0,0,3225851856542,6.3130,4.3532,9.7250,-1,-1,169,7190,2372
stress-factory-farm-mobs-storm,790,24.3422,-1,24.9485,-1.0000,-1.0000,-1.0000,-1.0000,-1.0000,-1.0000,-1.0000,-1.0000,-1.0000,-1,-1,-1,-1,-1,-1,-1,-1,-1,0,0,3225852017033,9.9503,3.7166,10.4828,-1,-1,169,7190,2372
stress-factory-farm-mobs-storm,791,26.6347,-1,25.4725,-1.0000,-1.0000,-1.0000,-1.0000,-1.0000,-1.0000,-1.0000,-1.0000,-1.0000,-1,-1,-1,-1,-1,-1,-1,-1,-1,0,0,3225852221477,5.1573,3.2286,18.5487,-1,-1,169,7190,2372
stress-factory-farm-mobs-storm,792,24.9667,-1,25.1924,-1.0000,-1.0000,-1.0000,-1.0000,-1.0000,-1.0000,-1.0000,-1.0000,-1.0000,-1,-1,-1,-1,-1,-1,-1,-1,-1,0,0,3225852458641,7.5734,4.3584,17.8679,-1,-1,169,7190,2372
stress-factory-farm-mobs-storm,793,24.5946,-1,24.8927,-1.0000,-1.0000,-1.0000,-1.0000,-1.0000,-1.0000,-1.0000,-1.0000,-1.0000,-1,-1,-1,-1,-1,-1,-1,-1,-1,0,0,3225852713151,12.9369,3.4713,11.3954,-1,-1,169,7190,2372
stress-factory-farm-mobs-storm,794,23.6785,-1,24.5102,-1.0000,-1.0000,-1.0000,-1.0000,-1.0000,-1.0000,-1.0000,-1.0000,-1.0000,-1,-1,-1,-1,-1,-1,-1,-1,-1,0,0,3225852956592,6.2844,3.2903,20.3385,-1,-1,169,7190,2372
stress-factory-farm-mobs-storm,868,22.8008,-1,12.7578,-1.0000,-1.0000,-1.0000,-1.0000,-1.0000,-1.0000,-1.0000,-1.0000,-1.0000,-1,-1,-1,-1,-1,-1,-1,-1,-1,0,0,3225863849090,6.3793,3.3379,6.5970,-1,-1,169,7182,2364
stress-factory-farm-mobs-storm,869,29.9014,-1,22.4174,-1.0000,-1.0000,-1.0000,-1.0000,-1.0000,-1.0000,-1.0000,-1.0000,-1.0000,-1,-1,-1,-1,-1,-1,-1,-1,-1,0,0,3225863978958,6.0915,4.5017,6.3671,-1,-1,169,7183,2365
stress-factory-farm-mobs-storm,870,32.0895,-1,29.4525,-1.0000,-1.0000,-1.0000,-1.0000,-1.0000,-1.0000,-1.0000,-1.0000,-1.0000,-1,-1,-1,-1,-1,-1,-1,-1,-1,0,0,3225864103656,9.8037,3.6277,3.6243,-1,-1,169,7183,2365
stress-factory-farm-mobs-storm,871,34.6033,-1,-1.0000,-1.0000,-1.0000,-1.0000,-1.0000,-1.0000,-1.0000,-1.0000,-1.0000,-1.0000,-1,-1,-1,-1,-1,-1,-1,-1,-1,0,0,3225864238047,5.2678,3.3057,17.5225,-1,-1,169,7183,2365
stress-factory-farm-mobs-storm,872,35.8920,-1,33.1732,-1.0000,-1.0000,-1.0000,-1.0000,-1.0000,-1.0000,-1.0000,-1.0000,-1.0000,-1,-1,-1,-1,-1,-1,-1,-1,-1,0,0,3225864466063,6.5619,3.2261,23.3295,-1,-1,169,7184,2366
stress-factory-farm-mobs-storm,873,29.2941,-1,-1.0000,-1.0000,-1.0000,-1.0000,-1.0000,-1.0000,-1.0000,-1.0000,-1.0000,-1.0000,-1,-1,-1,-1,-1,-1,-1,-1,-1,0,0,3225864765085,10.8210,3.4952,21.2727,-1,-1,169,7184,2366
stress-factory-farm-mobs-storm,874,28.3340,-1,29.5570,-1.0000,-1.0000,-1.0000,-1.0000,-1.0000,-1.0000,-1.0000,-1.0000,-1.0000,-1,-1,-1,-1,-1,-1,-1,-1,-1,0,0,3225865086208,34.5338,3.2605,0.0096,-1,-1,169,7184,2366
stress-factory-farm-mobs-storm,875,23.3793,-1,26.6834,-1.0000,-1.0000,-1.0000,-1.0000,-1.0000,-1.0000,-1.0000,-1.0000,-1.0000,-1,-1,-1,-1,-1,-1,-1,-1,-1,0,0,3225865431945,6.6969,3.8336,29.2081,-1,-1,169,7183,2365
stress-factory-farm-mobs-storm,947,61.4013,-1,15.5300,-1.0000,-1.0000,-1.0000,-1.0000,-1.0000,-1.0000,-1.0000,-1.0000,-1.0000,-1,-1,-1,-1,-1,-1,-1,-1,-1,0,0,3225876257226,6.8851,3.2928,8.9027,-1,-1,169,7182,2363
stress-factory-farm-mobs-storm,948,81.4654,-1,60.4114,-1.0000,-1.0000,-1.0000,-1.0000,-1.0000,-1.0000,-1.0000,-1.0000,-1.0000,-1,-1,-1,-1,-1,-1,-1,-1,-1,0,0,3225876415166,4.8106,3.5567,7.1903,-1,-1,169,7182,2363
stress-factory-farm-mobs-storm,949,60.4025,-1,81.6146,-1.0000,-1.0000,-1.0000,-1.0000,-1.0000,-1.0000,-1.0000,-1.0000,-1.0000,-1,-1,-1,-1,-1,-1,-1,-1,-1,0,0,3225876535281,9.6098,3.3927,5.8888,-1,-1,169,7174,2355
stress-factory-farm-mobs-storm,950,33.1157,-1,-1.0000,-1.0000,-1.0000,-1.0000,-1.0000,-1.0000,-1.0000,-1.0000,-1.0000,-1.0000,-1,-1,-1,-1,-1,-1,-1,-1,-1,0,0,3225876690379,5.2474,4.0056,56.1783,-1,-1,169,7174,2355
stress-factory-farm-mobs-storm,977,26.1536,-1,17.6637,-1.0000,-1.0000,-1.0000,-1.0000,-1.0000,-1.0000,-1.0000,-1.0000,-1.0000,-1,-1,-1,-1,-1,-1,-1,-1,-1,0,0,3225882156490,5.6253,3.9066,12.6932,-1,-1,169,7174,2355
stress-factory-farm-mobs-storm,978,25.8646,-1,25.1505,-1.0000,-1.0000,-1.0000,-1.0000,-1.0000,-1.0000,-1.0000,-1.0000,-1.0000,-1,-1,-1,-1,-1,-1,-1,-1,-1,0,0,3225882339741,7.5445,3.5116,9.9415,-1,-1,169,7174,2355
stress-factory-farm-mobs-storm,1092,22.9826,-1,12.9741,-1.0000,-1.0000,-1.0000,-1.0000,-1.0000,-1.0000,-1.0000,-1.0000,-1.0000,-1,-1,-1,-1,-1,-1,-1,-1,-1,0,0,3225898575434,9.6877,3.3476,3.4167,-1,-1,169,7165,2345
stress-factory-farm-mobs-storm,1093,53.1152,-1,22.6811,-1.0000,-1.0000,-1.0000,-1.0000,-1.0000,-1.0000,-1.0000,-1.0000,-1.0000,-1,-1,-1,-1,-1,-1,-1,-1,-1,0,0,3225898706566,4.7498,3.3583,8.5735,-1,-1,169,7166,2346
stress-factory-farm-mobs-storm,1094,80.0851,-1,52.3546,-1.0000,-1.0000,-1.0000,-1.0000,-1.0000,-1.0000,-1.0000,-1.0000,-1.0000,-1,-1,-1,-1,-1,-1,-1,-1,-1,0,0,3225898839889,6.3776,3.8696,6.9389,-1,-1,169,7166,2346
stress-factory-farm-mobs-storm,1095,80.4246,-1,81.0737,-1.0000,-1.0000,-1.0000,-1.0000,-1.0000,-1.0000,-1.0000,-1.0000,-1.0000,-1,-1,-1,-1,-1,-1,-1,-1,-1,0,0,3225898973182,5.5447,3.2992,17.4260,-1,-1,169,7167,2347
stress-factory-farm-mobs-storm,1096,26.3975,-1,-1.0000,-1.0000,-1.0000,-1.0000,-1.0000,-1.0000,-1.0000,-1.0000,-1.0000,-1.0000,-1,-1,-1,-1,-1,-1,-1,-1,-1,0,0,3225899203003,11.0802,5.2759,42.0409,-1,-1,169,7167,2347
stress-factory-farm-mobs-storm,1123,27.9469,-1,18.1740,-1.0000,-1.0000,-1.0000,-1.0000,-1.0000,-1.0000,-1.0000,-1.0000,-1.0000,-1,-1,-1,-1,-1,-1,-1,-1,-1,0,0,3225904692191,5.2102,3.2899,13.5878,-1,-1,169,7160,2340
stress-factory-farm-mobs-storm,1124,81.7008,-1,27.1237,-1.0000,-1.0000,-1.0000,-1.0000,-1.0000,-1.0000,-1.0000,-1.0000,-1.0000,-1,-1,-1,-1,-1,-1,-1,-1,-1,0,0,3225904880272,5.9071,3.5038,12.9088,-1,-1,169,7160,2340
stress-factory-farm-mobs-storm,1125,81.3862,-1,81.4387,-1.0000,-1.0000,-1.0000,-1.0000,-1.0000,-1.0000,-1.0000,-1.0000,-1.0000,-1,-1,-1,-1,-1,-1,-1,-1,-1,0,0,3225905068549,12.2307,3.3692,5.4315,-1,-1,169,7160,2340
stress-factory-farm-mobs-storm,1126,80.1055,-1,80.6625,-1.0000,-1.0000,-1.0000,-1.0000,-1.0000,-1.0000,-1.0000,-1.0000,-1.0000,-1,-1,-1,-1,-1,-1,-1,-1,-1,0,0,3225905245282,6.5660,3.7643,21.3719,-1,-1,169,7160,2340
stress-factory-farm-mobs-storm,1127,82.5870,-1,81.2772,-1.0000,-1.0000,-1.0000,-1.0000,-1.0000,-1.0000,-1.0000,-1.0000,-1.0000,-1,-1,-1,-1,-1,-1,-1,-1,-1,0,0,3225905524759,10.7093,3.2424,70.9953,-1,-1,169,7159,2339
stress-factory-farm-mobs-storm,1128,71.2186,-1,81.2421,-1.0000,-1.0000,-1.0000,-1.0000,-1.0000,-1.0000,-1.0000,-1.0000,-1.0000,-1,-1,-1,-1,-1,-1,-1,-1,-1,0,0,3225906342013,20.6979,4.0579,60.6514,-1,-1,169,7158,2338
stress-factory-farm-mobs-storm,1157,22.6568,-1,18.0060,-1.0000,-1.0000,-1.0000,-1.0000,-1.0000,-1.0000,-1.0000,-1.0000,-1.0000,-1,-1,-1,-1,-1,-1,-1,-1,-1,0,0,3225912775715,5.9521,3.8545,10.1928,-1,-1,169,7151,2331
stress-factory-farm-mobs-storm,1158,61.8637,-1,22.3030,-1.0000,-1.0000,-1.0000,-1.0000,-1.0000,-1.0000,-1.0000,-1.0000,-1.0000,-1,-1,-1,-1,-1,-1,-1,-1,-1,0,0,3225912937271,5.7558,3.7889,12.2917,-1,-1,169,7151,2331
stress-factory-farm-mobs-storm,1159,81.2596,-1,62.0946,-1.0000,-1.0000,-1.0000,-1.0000,-1.0000,-1.0000,-1.0000,-1.0000,-1.0000,-1,-1,-1,-1,-1,-1,-1,-1,-1,0,0,3225913117861,9.4025,3.2199,8.2939,-1,-1,169,7151,2331
stress-factory-farm-mobs-storm,1160,70.8803,-1,80.5151,-1.0000,-1.0000,-1.0000,-1.0000,-1.0000,-1.0000,-1.0000,-1.0000,-1.0000,-1,-1,-1,-1,-1,-1,-1,-1,-1,0,0,3225913294933,6.6348,3.5219,16.0242,-1,-1,169,7152,2332
stress-factory-farm-mobs-storm,1161,30.6002,-1,70.5160,-1.0000,-1.0000,-1.0000,-1.0000,-1.0000,-1.0000,-1.0000,-1.0000,-1.0000,-1,-1,-1,-1,-1,-1,-1,-1,-1,0,0,3225913521703,21.5590,3.2004,40.2644,-1,-1,169,7153,2333
stress-factory-farm-mobs-storm,1218,28.0514,-1,17.7152,-1.0000,-1.0000,-1.0000,-1.0000,-1.0000,-1.0000,-1.0000,-1.0000,-1.0000,-1,-1,-1,-1,-1,-1,-1,-1,-1,0,0,3225923359045,6.6523,3.7902,5.5774,-1,-1,169,7143,2323
stress-factory-farm-mobs-storm,1219,32.3048,-1,27.5599,-1.0000,-1.0000,-1.0000,-1.0000,-1.0000,-1.0000,-1.0000,-1.0000,-1.0000,-1,-1,-1,-1,-1,-1,-1,-1,-1,0,0,3225923481448,4.9872,3.3900,7.7658,-1,-1,169,7144,2324
stress-factory-farm-mobs-storm,1220,32.8171,-1,31.8956,-1.0000,-1.0000,-1.0000,-1.0000,-1.0000,-1.0000,-1.0000,-1.0000,-1.0000,-1,-1,-1,-1,-1,-1,-1,-1,-1,0,0,3225923609070,9.6220,3.2685,8.1581,-1,-1,169,7144,2324
stress-factory-farm-mobs-storm,1221,32.2404,-1,32.0276,-1.0000,-1.0000,-1.0000,-1.0000,-1.0000,-1.0000,-1.0000,-1.0000,-1.0000,-1,-1,-1,-1,-1,-1,-1,-1,-1,0,0,3225923786976,6.1012,3.3713,21.9420,-1,-1,169,7145,2325
stress-factory-farm-mobs-storm,1222,33.0087,-1,33.2465,-1.0000,-1.0000,-1.0000,-1.0000,-1.0000,-1.0000,-1.0000,-1.0000,-1.0000,-1,-1,-1,-1,-1,-1,-1,-1,-1,0,0,3225924067505,9.8976,3.2073,22.3976,-1,-1,169,7146,2326
stress-factory-farm-mobs-storm,1223,32.7803,-1,33.1553,-1.0000,-1.0000,-1.0000,-1.0000,-1.0000,-1.0000,-1.0000,-1.0000,-1.0000,-1,-1,-1,-1,-1,-1,-1,-1,-1,0,0,3225924390553,8.2594,5.1820,24.5692,-1,-1,169,7146,2326
stress-factory-farm-mobs-storm,1224,26.7349,-1,-1.0000,-1.0000,-1.0000,-1.0000,-1.0000,-1.0000,-1.0000,-1.0000,-1.0000,-1.0000,-1,-1,-1,-1,-1,-1,-1,-1,-1,0,0,3225924719078,23.4201,3.4152,8.7531,-1,-1,169,7146,2326
stress-factory-farm-mobs-storm,1225,24.9769,-1,25.8376,-1.0000,-1.0000,-1.0000,-1.0000,-1.0000,-1.0000,-1.0000,-1.0000,-1.0000,-1,-1,-1,-1,-1,-1,-1,-1,-1,0,0,3225925041143,15.1299,3.3565,17.8632,-1,-1,169,7146,2326
stress-factory-farm-mobs-storm,1250,40.0035,-1,18.1473,-1.0000,-1.0000,-1.0000,-1.0000,-1.0000,-1.0000,-1.0000,-1.0000,-1.0000,-1,-1,-1,-1,-1,-1,-1,-1,-1,0,0,3225929276662,6.5373,3.3257,11.7184,-1,-1,169,7140,2321
stress-factory-farm-mobs-storm,1251,34.3329,-1,39.1557,-1.0000,-1.0000,-1.0000,-1.0000,-1.0000,-1.0000,-1.0000,-1.0000,-1.0000,-1,-1,-1,-1,-1,-1,-1,-1,-1,0,0,3225929459332,5.1488,3.2310,13.5193,-1,-1,169,7141,2322
stress-factory-farm-mobs-storm,1252,30.6458,-1,34.9097,-1.0000,-1.0000,-1.0000,-1.0000,-1.0000,-1.0000,-1.0000,-1.0000,-1.0000,-1,-1,-1,-1,-1,-1,-1,-1,-1,0,0,3225929646115,9.2173,3.0717,8.5128,-1,-1,169,7141,2322
stress-factory-farm-mobs-storm,1253,28.0187,-1,30.4586,-1.0000,-1.0000,-1.0000,-1.0000,-1.0000,-1.0000,-1.0000,-1.0000,-1.0000,-1,-1,-1,-1,-1,-1,-1,-1,-1,0,0,3225929823532,6.3329,3.4474,33.6611,-1,-1,169,7141,2322
stress-factory-farm-mobs-storm,1254,24.6602,-1,27.3132,-1.0000,-1.0000,-1.0000,-1.0000,-1.0000,-1.0000,-1.0000,-1.0000,-1.0000,-1,-1,-1,-1,-1,-1,-1,-1,-1,0,0,3225930223588,11.5302,3.3050,22.7879,-1,-1,169,7141,2322
stress-factory-farm-mobs-storm,1255,24.1789,-1,25.2106,-1.0000,-1.0000,-1.0000,-1.0000,-1.0000,-1.0000,-1.0000,-1.0000,-1.0000,-1,-1,-1,-1,-1,-1,-1,-1,-1,0,0,3225930566888,13.0984,4.1983,17.5350,-1,-1,169,7141,2322
stress-factory-farm-mobs-storm,1316,62.7747,-1,16.2570,-1.0000,-1.0000,-1.0000,-1.0000,-1.0000,-1.0000,-1.0000,-1.0000,-1.0000,-1,-1,-1,-1,-1,-1,-1,-1,-1,0,0,3225939707995,5.4346,3.6146,10.9419,-1,-1,169,7141,2322
stress-factory-farm-mobs-storm,1317,81.7539,-1,62.4635,-1.0000,-1.0000,-1.0000,-1.0000,-1.0000,-1.0000,-1.0000,-1.0000,-1.0000,-1,-1,-1,-1,-1,-1,-1,-1,-1,0,0,3225939871823,6.6696,4.0015,5.4298,-1,-1,169,7141,2322
stress-factory-farm-mobs-storm,1318,64.1427,-1,81.1151,-1.0000,-1.0000,-1.0000,-1.0000,-1.0000,-1.0000,-1.0000,-1.0000,-1.0000,-1,-1,-1,-1,-1,-1,-1,-1,-1,0,0,3225939992937,5.2016,3.3584,10.6972,-1,-1,169,7141,2322
stress-factory-farm-mobs-storm,1347,63.0618,-1,18.1107,-1.0000,-1.0000,-1.0000,-1.0000,-1.0000,-1.0000,-1.0000,-1.0000,-1.0000,-1,-1,-1,-1,-1,-1,-1,-1,-1,0,0,3225945657865,10.3995,3.3875,7.6340,-1,-1,169,7136,2317
stress-factory-farm-mobs-storm,1348,81.0485,-1,63.3303,-1.0000,-1.0000,-1.0000,-1.0000,-1.0000,-1.0000,-1.0000,-1.0000,-1.0000,-1,-1,-1,-1,-1,-1,-1,-1,-1,0,0,3225945838303,9.0143,3.1460,8.3105,-1,-1,169,7136,2317
stress-factory-farm-mobs-storm,1349,82.4681,-1,81.1645,-1.0000,-1.0000,-1.0000,-1.0000,-1.0000,-1.0000,-1.0000,-1.0000,-1.0000,-1,-1,-1,-1,-1,-1,-1,-1,-1,0,0,3225946011661,4.7115,5.8003,15.2894,-1,-1,169,7135,2316
stress-factory-farm-mobs-storm,1350,80.8329,-1,81.5301,-1.0000,-1.0000,-1.0000,-1.0000,-1.0000,-1.0000,-1.0000,-1.0000,-1.0000,-1,-1,-1,-1,-1,-1,-1,-1,-1,0,0,3225946211867,26.3766,3.2540,36.6368,-1,-1,169,7133,2314
stress-factory-farm-mobs-storm,1351,80.4229,-1,81.6538,-1.0000,-1.0000,-1.0000,-1.0000,-1.0000,-1.0000,-1.0000,-1.0000,-1.0000,-1,-1,-1,-1,-1,-1,-1,-1,-1,0,0,3225946842292,19.1089,3.4929,61.9301,-1,-1,169,7133,2314
stress-factory-farm-mobs-storm,1352,46.8931,-1,79.2251,-1.0000,-1.0000,-1.0000,-1.0000,-1.0000,-1.0000,-1.0000,-1.0000,-1.0000,-1,-1,-1,-1,-1,-1,-1,-1,-1,0,0,3225947652839,18.1505,3.9475,64.3104,-1,-1,169,7135,2316
stress-factory-farm-mobs-storm,1381,55.5926,-1,15.0400,-1.0000,-1.0000,-1.0000,-1.0000,-1.0000,-1.0000,-1.0000,-1.0000,-1.0000,-1,-1,-1,-1,-1,-1,-1,-1,-1,0,0,3225953927371,4.9029,3.9818,13.9298,-1,-1,169,7131,2311
stress-factory-farm-mobs-storm,1382,80.4344,-1,55.3549,-1.0000,-1.0000,-1.0000,-1.0000,-1.0000,-1.0000,-1.0000,-1.0000,-1.0000,-1,-1,-1,-1,-1,-1,-1,-1,-1,0,0,3225954115817,9.5409,3.3669,9.1898,-1,-1,169,7131,2311
stress-factory-farm-mobs-storm,1383,82.5702,-1,80.9144,-1.0000,-1.0000,-1.0000,-1.0000,-1.0000,-1.0000,-1.0000,-1.0000,-1.0000,-1,-1,-1,-1,-1,-1,-1,-1,-1,0,0,3225954303254,6.7087,3.2517,8.1395,-1,-1,169,7131,2311
stress-factory-farm-mobs-storm,1384,81.8382,-1,81.5780,-1.0000,-1.0000,-1.0000,-1.0000,-1.0000,-1.0000,-1.0000,-1.0000,-1.0000,-1,-1,-1,-1,-1,-1,-1,-1,-1,0,0,3225954451834,7.2891,3.4641,48.2917,-1,-1,169,7131,2311
stress-factory-farm-mobs-storm,1385,81.7267,-1,81.2413,-1.0000,-1.0000,-1.0000,-1.0000,-1.0000,-1.0000,-1.0000,-1.0000,-1.0000,-1,-1,-1,-1,-1,-1,-1,-1,-1,0,0,3225955007762,10.8813,3.7737,69.5474,-1,-1,169,7131,2311
stress-factory-farm-mobs-storm,1386,40.5548,-1,-1.0000,-1.0000,-1.0000,-1.0000,-1.0000,-1.0000,-1.0000,-1.0000,-1.0000,-1.0000,-1,-1,-1,-1,-1,-1,-1,-1,-1,0,0,3225955812165,27.4124,3.3832,55.1392,-1,-1,169,7129,2309
stress-factory-farm-mobs-storm,1414,24.0612,-1,17.5416,-1.0000,-1.0000,-1.0000,-1.0000,-1.0000,-1.0000,-1.0000,-1.0000,-1.0000,-1,-1,-1,-1,-1,-1,-1,-1,-1,0,0,3225961983563,5.6972,3.3139,8.0508,-1,-1,169,7125,2305
stress-factory-farm-mobs-storm,1415,43.2718,-1,22.4031,-1.0000,-1.0000,-1.0000,-1.0000,-1.0000,-1.0000,-1.0000,-1.0000,-1.0000,-1,-1,-1,-1,-1,-1,-1,-1,-1,0,0,3225962121107,11.1740,3.9544,7.2407,-1,-1,169,7125,2305
stress-factory-farm-mobs-storm,1416,34.3127,-1,43.5098,-1.0000,-1.0000,-1.0000,-1.0000,-1.0000,-1.0000,-1.0000,-1.0000,-1.0000,-1,-1,-1,-1,-1,-1,-1,-1,-1,0,0,3225962305356,6.0280,3.2113,11.0186,-1,-1,169,7124,2304
stress-factory-farm-mobs-storm,1417,28.4453,-1,33.9756,-1.0000,-1.0000,-1.0000,-1.0000,-1.0000,-1.0000,-1.0000,-1.0000,-1.0000,-1,-1,-1,-1,-1,-1,-1,-1,-1,0,0,3225962475900,5.4560,4.7301,18.6163,-1,-1,169,7120,2304
stress-factory-farm-mobs-storm,1418,26.6609,-1,28.8279,-1.0000,-1.0000,-1.0000,-1.0000,-1.0000,-1.0000,-1.0000,-1.0000,-1.0000,-1,-1,-1,-1,-1,-1,-1,-1,-1,0,0,3225962716793,30.8653,4.3864,12.3502,-1,-1,169,7120,2304
stress-factory-farm-mobs-storm,1419,26.2601,-1,26.7604,-1.0000,-1.0000,-1.0000,-1.0000,-1.0000,-1.0000,-1.0000,-1.0000,-1.0000,-1,-1,-1,-1,-1,-1,-1,-1,-1,0,0,3225963149254,14.7911,6.0010,19.5222,-1,-1,169,7121,2305
stress-factory-farm-mobs-storm,1420,24.1294,-1,25.6036,-1.0000,-1.0000,-1.0000,-1.0000,-1.0000,-1.0000,-1.0000,-1.0000,-1.0000,-1,-1,-1,-1,-1,-1,-1,-1,-1,0,0,3225963492597,18.5431,3.6496,9.8684,-1,-1,169,7126,2306
stress-factory-farm-mobs-storm,1480,24.9880,-1,12.2440,-1.0000,-1.0000,-1.0000,-1.0000,-1.0000,-1.0000,-1.0000,-1.0000,-1.0000,-1,-1,-1,-1,-1,-1,-1,-1,-1,0,0,3225972361781,6.4731,3.4163,5.0137,-1,-1,169,7117,2298
stress-factory-farm-mobs-storm,1481,22.4446,-1,20.7068,-1.0000,-1.0000,-1.0000,-1.0000,-1.0000,-1.0000,-1.0000,-1.0000,-1.0000,-1,-1,-1,-1,-1,-1,-1,-1,-1,0,0,3225972476742,5.0274,4.4691,8.2417,-1,-1,169,7116,2297
stress-factory-farm-mobs-storm,1482,27.2796,-1,22.2748,-1.0000,-1.0000,-1.0000,-1.0000,-1.0000,-1.0000,-1.0000,-1.0000,-1.0000,-1,-1,-1,-1,-1,-1,-1,-1,-1,0,0,3225972609557,12.9129,3.5515,0.0163,-1,-1,169,7116,2297
stress-factory-farm-mobs-storm,1483,27.9996,-1,27.0144,-1.0000,-1.0000,-1.0000,-1.0000,-1.0000,-1.0000,-1.0000,-1.0000,-1.0000,-1,-1,-1,-1,-1,-1,-1,-1,-1,0,0,3225972739099,5.9513,3.8197,19.0167,-1,-1,169,7112,2297
stress-factory-farm-mobs-storm,1484,30.1194,-1,28.0658,-1.0000,-1.0000,-1.0000,-1.0000,-1.0000,-1.0000,-1.0000,-1.0000,-1.0000,-1,-1,-1,-1,-1,-1,-1,-1,-1,0,0,3225972988837,6.7140,3.3526,15.7196,-1,-1,169,7113,2298
stress-factory-farm-mobs-storm,1485,31.8225,-1,30.3186,-1.0000,-1.0000,-1.0000,-1.0000,-1.0000,-1.0000,-1.0000,-1.0000,-1.0000,-1,-1,-1,-1,-1,-1,-1,-1,-1,0,0,3225973213292,8.9507,3.4258,18.3172,-1,-1,169,7113,2298
stress-factory-farm-mobs-storm,1486,29.6800,-1,30.3882,-1.0000,-1.0000,-1.0000,-1.0000,-1.0000,-1.0000,-1.0000,-1.0000,-1.0000,-1,-1,-1,-1,-1,-1,-1,-1,-1,0,0,3225973486081,7.2761,3.3370,20.7115,-1,-1,169,7118,2299
stress-factory-farm-mobs-storm,1487,25.9046,-1,30.1097,-1.0000,-1.0000,-1.0000,-1.0000,-1.0000,-1.0000,-1.0000,-1.0000,-1.0000,-1,-1,-1,-1,-1,-1,-1,-1,-1,0,0,3225973766078,11.3639,3.1176,18.7446,-1,-1,169,7118,2299
stress-factory-farm-mobs-storm,1488,22.3962,-1,26.3880,-1.0000,-1.0000,-1.0000,-1.0000,-1.0000,-1.0000,-1.0000,-1.0000,-1.0000,-1,-1,-1,-1,-1,-1,-1,-1,-1,0,0,3225974067266,10.6674,8.2791,21.1606,-1,-1,169,7118,2299
stress-factory-farm-mobs-storm,1560,35.0932,-1,12.8794,-1.0000,-1.0000,-1.0000,-1.0000,-1.0000,-1.0000,-1.0000,-1.0000,-1.0000,-1,-1,-1,-1,-1,-1,-1,-1,-1,0,0,3225984820850,7.4734,3.5194,4.8331,-1,-1,169,7116,2297
stress-factory-farm-mobs-storm,1561,79.6419,-1,30.4732,-1.0000,-1.0000,-1.0000,-1.0000,-1.0000,-1.0000,-1.0000,-1.0000,-1.0000,-1,-1,-1,-1,-1,-1,-1,-1,-1,0,0,3225984944023,4.8984,4.1017,7.3116,-1,-1,169,7116,2297
stress-factory-farm-mobs-storm,1562,81.5884,-1,79.3495,-1.0000,-1.0000,-1.0000,-1.0000,-1.0000,-1.0000,-1.0000,-1.0000,-1.0000,-1,-1,-1,-1,-1,-1,-1,-1,-1,0,0,3225985066224,14.1300,3.8773,0.0168,-1,-1,169,7113,2294
stress-factory-farm-mobs-storm,1563,34.7238,-1,-1.0000,-1.0000,-1.0000,-1.0000,-1.0000,-1.0000,-1.0000,-1.0000,-1.0000,-1.0000,-1,-1,-1,-1,-1,-1,-1,-1,-1,0,0,3225985207886,6.7401,4.2064,28.3423,-1,-1,169,7113,2294
stress-factory-farm-mobs-storm,1577,36.0903,-1,17.1702,-1.0000,-1.0000,-1.0000,-1.0000,-1.0000,-1.0000,-1.0000,-1.0000,-1.0000,-1,-1,-1,-1,-1,-1,-1,-1,-1,0,0,3225988719066,5.9314,4.4240,13.9218,-1,-1,169,7113,2294
stress-factory-farm-mobs-storm,1578,27.2568,-1,35.4529,-1.0000,-1.0000,-1.0000,-1.0000,-1.0000,-1.0000,-1.0000,-1.0000,-1.0000,-1,-1,-1,-1,-1,-1,-1,-1,-1,0,0,3225988917671,6.5241,4.0710,11.2889,-1,-1,169,7113,2294
stress-factory-farm-mobs-storm,1579,24.6661,-1,28.1521,-1.0000,-1.0000,-1.0000,-1.0000,-1.0000,-1.0000,-1.0000,-1.0000,-1.0000,-1,-1,-1,-1,-1,-1,-1,-1,-1,0,0,3225989095901,10.1373,4.3103,6.7406,-1,-1,169,7113,2294
stress-factory-farm-mobs-storm,1662,30.0743,-1,19.1795,-1.0000,-1.0000,-1.0000,-1.0000,-1.0000,-1.0000,-1.0000,-1.0000,-1.0000,-1,-1,-1,-1,-1,-1,-1,-1,-1,0,0,3226001246376,7.2626,3.3445,4.4365,-1,-1,169,7107,2289
stress-factory-farm-mobs-storm,1663,65.4565,-1,30.9558,-1.0000,-1.0000,-1.0000,-1.0000,-1.0000,-1.0000,-1.0000,-1.0000,-1.0000,-1,-1,-1,-1,-1,-1,-1,-1,-1,0,0,3226001363461,5.4983,4.1942,7.9862,-1,-1,169,7107,2289
stress-factory-farm-mobs-storm,1664,79.3850,-1,63.6457,-1.0000,-1.0000,-1.0000,-1.0000,-1.0000,-1.0000,-1.0000,-1.0000,-1.0000,-1,-1,-1,-1,-1,-1,-1,-1,-1,0,0,3226001498406,4.8530,3.3686,14.3387,-1,-1,169,7101,2283
stress-factory-farm-mobs-storm,1665,31.6690,-1,80.4229,-1.0000,-1.0000,-1.0000,-1.0000,-1.0000,-1.0000,-1.0000,-1.0000,-1.0000,-1,-1,-1,-1,-1,-1,-1,-1,-1,0,0,3226001690425,9.4024,3.7159,20.6618,-1,-1,169,7100,2282
stress-factory-farm-mobs-storm,1683,27.2459,-1,17.2168,-1.0000,-1.0000,-1.0000,-1.0000,-1.0000,-1.0000,-1.0000,-1.0000,-1.0000,-1,-1,-1,-1,-1,-1,-1,-1,-1,0,0,3226005424592,5.9407,3.4029,7.2445,-1,-1,169,7100,2282
stress-factory-farm-mobs-storm,1684,33.7385,-1,-1.0000,-1.0000,-1.0000,-1.0000,-1.0000,-1.0000,-1.0000,-1.0000,-1.0000,-1.0000,-1,-1,-1,-1,-1,-1,-1,-1,-1,0,0,3226005556546,10.9000,3.2608,7.0957,-1,-1,169,7100,2282
active-factory-unload-return,1329,23.2435,-1,18.1100,-1.0000,-1.0000,-1.0000,-1.0000,-1.0000,-1.0000,-1.0000,-1.0000,-1.0000,-1,-1,-1,-1,-1,-1,-1,-1,-1,0,0,3226310844728,3.6225,1.6199,7.4811,-1,-1,58,2252,464
active-factory-unload-return,1330,45.3983,-1,22.2925,-1.0000,-1.0000,-1.0000,-1.0000,-1.0000,-1.0000,-1.0000,-1.0000,-1.0000,-1,-1,-1,-1,-1,-1,-1,-1,-1,0,0,3226310955856,3.6274,1.5786,11.1667,-1,-1,58,2252,464
active-factory-unload-return,1331,48.0843,-1,46.0232,-1.0000,-1.0000,-1.0000,-1.0000,-1.0000,-1.0000,-1.0000,-1.0000,-1.0000,-1,-1,-1,-1,-1,-1,-1,-1,-1,0,0,3226311103919,5.4329,1.8754,12.4104,-1,-1,58,2252,464
active-factory-unload-return,1332,48.3902,-1,47.9882,-1.0000,-1.0000,-1.0000,-1.0000,-1.0000,-1.0000,-1.0000,-1.0000,-1.0000,-1,-1,-1,-1,-1,-1,-1,-1,-1,0,0,3226311282477,3.7298,1.2463,19.5006,-1,-1,58,2252,464
active-factory-unload-return,1333,48.3128,-1,47.8761,-1.0000,-1.0000,-1.0000,-1.0000,-1.0000,-1.0000,-1.0000,-1.0000,-1.0000,-1,-1,-1,-1,-1,-1,-1,-1,-1,0,0,3226311514897,3.4387,1.2581,41.9527,-1,-1,58,2252,464
active-factory-unload-return,1334,48.0149,-1,48.0768,-1.0000,-1.0000,-1.0000,-1.0000,-1.0000,-1.0000,-1.0000,-1.0000,-1.0000,-1,-1,-1,-1,-1,-1,-1,-1,-1,0,0,3226311968912,5.9387,1.6117,42.1302,-1,-1,58,2252,464
active-factory-unload-return,1335,44.0203,-1,47.2333,-1.0000,-1.0000,-1.0000,-1.0000,-1.0000,-1.0000,-1.0000,-1.0000,-1.0000,-1,-1,-1,-1,-1,-1,-1,-1,-1,0,0,3226312449744,4.6388,1.7580,43.7386,-1,-1,58,2255,464
active-factory-unload-return,1336,45.2412,-1,44.7590,-1.0000,-1.0000,-1.0000,-1.0000,-1.0000,-1.0000,-1.0000,-1.0000,-1.0000,-1,-1,-1,-1,-1,-1,-1,-1,-1,0,0,3226312933650,5.3160,1.4613,43.0054,-1,-1,58,2255,464
active-factory-unload-return,2211,23.6567,-1,21.3468,-1.0000,-1.0000,-1.0000,-1.0000,-1.0000,-1.0000,-1.0000,-1.0000,-1.0000,-1,-1,-1,-1,-1,-1,-1,-1,-1,0,0,3226415508274,4.1001,1.3087,17.5198,-1,-1,62,1957,423
active-factory-unload-return,2315,42.1840,-1,15.5873,-1.0000,-1.0000,-1.0000,-1.0000,-1.0000,-1.0000,-1.0000,-1.0000,-1.0000,-1,-1,-1,-1,-1,-1,-1,-1,-1,0,0,3226428569732,6.9038,1.4456,10.3612,-1,-1,59,1843,395
active-factory-unload-return,2316,29.3303,-1,15.0426,-1.0000,-1.0000,-1.0000,-1.0000,-1.0000,-1.0000,-1.0000,-1.0000,-1.0000,-1,-1,-1,-1,-1,-1,-1,-1,-1,0,0,3226428742495,3.6027,1.3825,12.0996,-1,-1,59,1836,394
active-factory-unload-return,2392,31.6381,-1,14.3163,-1.0000,-1.0000,-1.0000,-1.0000,-1.0000,-1.0000,-1.0000,-1.0000,-1.0000,-1,-1,-1,-1,-1,-1,-1,-1,-1,0,0,3226437740877,3.2639,1.4533,7.8359,-1,-1,56,1743,357
active-factory-unload-return,2393,50.6421,-1,31.2566,-1.0000,-1.0000,-1.0000,-1.0000,-1.0000,-1.0000,-1.0000,-1.0000,-1.0000,-1,-1,-1,-1,-1,-1,-1,-1,-1,0,0,3226437852004,3.4869,1.1875,7.6160,-1,-1,56,1739,357
active-factory-unload-return,2394,48.6920,-1,50.0101,-1.0000,-1.0000,-1.0000,-1.0000,-1.0000,-1.0000,-1.0000,-1.0000,-1.0000,-1,-1,-1,-1,-1,-1,-1,-1,-1,0,0,3226437963129,3.4734,1.7173,7.6225,-1,-1,56,1731,354
active-factory-unload-return,2395,49.8085,-1,48.5617,-1.0000,-1.0000,-1.0000,-1.0000,-1.0000,-1.0000,-1.0000,-1.0000,-1.0000,-1,-1,-1,-1,-1,-1,-1,-1,-1,0,0,3226438074217,6.8664,1.7605,24.7636,-1,-1,56,1721,352
active-factory-unload-return,2432,46.4138,-1,6.6716,-1.0000,-1.0000,-1.0000,-1.0000,-1.0000,-1.0000,-1.0000,-1.0000,-1.0000,-1,-1,-1,-1,-1,-1,-1,-1,-1,0,0,3226443598487,6.7596,1.0260,4.3394,-1,-1,57,1668,348
active-factory-unload-return,2433,48.7384,-1,48.8064,-1.0000,-1.0000,-1.0000,-1.0000,-1.0000,-1.0000,-1.0000,-1.0000,-1.0000,-1,-1,-1,-1,-1,-1,-1,-1,-1,0,0,3226443709580,2.7080,1.7414,8.3975,-1,-1,57,1670,348
active-factory-unload-return,2434,49.5118,-1,48.7537,-1.0000,-1.0000,-1.0000,-1.0000,-1.0000,-1.0000,-1.0000,-1.0000,-1.0000,-1,-1,-1,-1,-1,-1,-1,-1,-1,0,0,3226443820744,4.1954,1.1530,6.9049,-1,-1,56,1667,349
active-factory-unload-return,2435,48.4099,-1,48.9559,-1.0000,-1.0000,-1.0000,-1.0000,-1.0000,-1.0000,-1.0000,-1.0000,-1.0000,-1,-1,-1,-1,-1,-1,-1,-1,-1,0,0,3226443931875,3.6874,1.2391,42.7147,-1,-1,56,1662,352
active-factory-unload-return,2436,48.7141,-1,48.8320,-1.0000,-1.0000,-1.0000,-1.0000,-1.0000,-1.0000,-1.0000,-1.0000,-1.0000,-1,-1,-1,-1,-1,-1,-1,-1,-1,0,0,3226444396024,5.5107,1.6333,43.2172,-1,-1,56,1656,350
active-factory-unload-return,2437,47.9213,-1,47.9048,-1.0000,-1.0000,-1.0000,-1.0000,-1.0000,-1.0000,-1.0000,-1.0000,-1.0000,-1,-1,-1,-1,-1,-1,-1,-1,-1,0,0,3226444883408,10.1928,1.7654,39.3089,-1,-1,56,1654,350
active-factory-unload-return,2438,47.8368,-1,47.3979,-1.0000,-1.0000,-1.0000,-1.0000,-1.0000,-1.0000,-1.0000,-1.0000,-1.0000,-1,-1,-1,-1,-1,-1,-1,-1,-1,0,0,3226445378542,5.7660,2.0900,42.6345,-1,-1,56,1651,350
active-factory-unload-return,2439,46.7300,-1,46.9181,-1.0000,-1.0000,-1.0000,-1.0000,-1.0000,-1.0000,-1.0000,-1.0000,-1.0000,-1,-1,-1,-1,-1,-1,-1,-1,-1,0,0,3226445862701,7.5661,1.3176,41.1270,-1,-1,57,1639,344
active-factory-unload-return,2440,28.8605,-1,46.6220,-1.0000,-1.0000,-1.0000,-1.0000,-1.0000,-1.0000,-1.0000,-1.0000,-1.0000,-1,-1,-1,-1,-1,-1,-1,-1,-1,0,0,3226446349794,5.8224,1.1638,42.0836,-1,-1,57,1635,348
active-factory-unload-return,2664,37.0577,-1,18.3706,-1.0000,-1.0000,-1.0000,-1.0000,-1.0000,-1.0000,-1.0000,-1.0000,-1.0000,-1,-1,-1,-1,-1,-1,-1,-1,-1,0,0,3226472858429,4.1366,1.0994,8.0690,-1,-1,58,1613,392
active-factory-unload-return,2665,44.4363,-1,36.6001,-1.0000,-1.0000,-1.0000,-1.0000,-1.0000,-1.0000,-1.0000,-1.0000,-1.0000,-1,-1,-1,-1,-1,-1,-1,-1,-1,0,0,3226472980597,3.1712,1.8918,11.9934,-1,-1,58,1607,392
active-factory-unload-return,2666,46.6299,-1,44.7734,-1.0000,-1.0000,-1.0000,-1.0000,-1.0000,-1.0000,-1.0000,-1.0000,-1.0000,-1,-1,-1,-1,-1,-1,-1,-1,-1,0,0,3226473132379,8.8489,1.3150,9.8891,-1,-1,58,1608,393
active-factory-unload-return,2667,43.0743,-1,44.9085,-1.0000,-1.0000,-1.0000,-1.0000,-1.0000,-1.0000,-1.0000,-1.0000,-1.0000,-1,-1,-1,-1,-1,-1,-1,-1,-1,0,0,3226473319865,6.6165,1.3063,30.4321,-1,-1,58,1603,391
active-factory-unload-return,2668,44.3259,-1,44.1044,-1.0000,-1.0000,-1.0000,-1.0000,-1.0000,-1.0000,-1.0000,-1.0000,-1.0000,-1,-1,-1,-1,-1,-1,-1,-1,-1,0,0,3226473690448,5.2198,1.3218,39.2036,-1,-1,58,1589,391
active-factory-unload-return,2669,41.6512,-1,42.3357,-1.0000,-1.0000,-1.0000,-1.0000,-1.0000,-1.0000,-1.0000,-1.0000,-1.0000,-1,-1,-1,-1,-1,-1,-1,-1,-1,0,0,3226474134807,7.6786,4.0525,38.9527,-1,-1,57,1579,389
active-factory-unload-return,2670,41.7026,-1,41.8115,-1.0000,-1.0000,-1.0000,-1.0000,-1.0000,-1.0000,-1.0000,-1.0000,-1.0000,-1,-1,-1,-1,-1,-1,-1,-1,-1,0,0,3226474601329,18.4368,1.2229,24.5863,-1,-1,58,1573,387
active-factory-unload-return,2671,41.5798,-1,41.3171,-1.0000,-1.0000,-1.0000,-1.0000,-1.0000,-1.0000,-1.0000,-1.0000,-1.0000,-1,-1,-1,-1,-1,-1,-1,-1,-1,0,0,3226475031830,6.8223,1.3530,37.4945,-1,-1,62,1563,384
active-factory-unload-return,2680,22.7621,-1,-1.0000,-1.0000,-1.0000,-1.0000,-1.0000,-1.0000,-1.0000,-1.0000,-1.0000,-1.0000,-1,-1,-1,-1,-1,-1,-1,-1,-1,0,0,3226477231031,3.1295,1.7190,7.9703,-1,-1,61,1532,368
active-factory-unload-return,2718,23.1212,-1,-1.0000,-1.0000,-1.0000,-1.0000,-1.0000,-1.0000,-1.0000,-1.0000,-1.0000,-1.0000,-1,-1,-1,-1,-1,-1,-1,-1,-1,0,0,3226481666802,2.5697,1.2672,12.0073,-1,-1,64,1598,388
active-factory-unload-return,2744,24.6156,-1,10.1791,-1.0000,-1.0000,-1.0000,-1.0000,-1.0000,-1.0000,-1.0000,-1.0000,-1.0000,-1,-1,-1,-1,-1,-1,-1,-1,-1,0,0,3226485491654,4.9409,1.3865,9.9539,-1,-1,73,1567,460
active-factory-unload-return,2745,24.4625,-1,-1.0000,-1.0000,-1.0000,-1.0000,-1.0000,-1.0000,-1.0000,-1.0000,-1.0000,-1.0000,-1,-1,-1,-1,-1,-1,-1,-1,-1,0,0,3226485640678,12.0817,12.3132,0.0064,-1,-1,71,1570,461
active-factory-unload-return,2821,23.3052,-1,10.3613,-1.0000,-1.0000,-1.0000,-1.0000,-1.0000,-1.0000,-1.0000,-1.0000,-1.0000,-1,-1,-1,-1,-1,-1,-1,-1,-1,12,0,3226494806360,8.2702,2.6211,1.9694,-1,-1,125,3911,1262
active-factory-unload-return,2822,23.1053,-1,19.2563,-1.0000,-1.0000,-1.0000,-1.0000,-1.0000,-1.0000,-1.0000,-1.0000,-1.0000,-1,-1,-1,-1,-1,-1,-1,-1,-1,12,0,3226494908866,6.5241,2.4962,4.5797,-1,-1,128,3930,1268
active-factory-unload-return,2823,56.1955,-1,22.9499,-1.0000,-1.0000,-1.0000,-1.0000,-1.0000,-1.0000,-1.0000,-1.0000,-1.0000,-1,-1,-1,-1,-1,-1,-1,-1,-1,12,0,3226495020018,14.7486,2.5694,0.0083,-1,-1,124,3988,1278
active-factory-unload-return,2824,60.3768,-1,55.2120,-1.0000,-1.0000,-1.0000,-1.0000,-1.0000,-1.0000,-1.0000,-1.0000,-1.0000,-1,-1,-1,-1,-1,-1,-1,-1,-1,12,0,3226495167719,9.6504,2.7205,13.6533,-1,-1,127,4022,1290
active-factory-unload-return,2825,41.4034,-1,59.2220,-1.0000,-1.0000,-1.0000,-1.0000,-1.0000,-1.0000,-1.0000,-1.0000,-1.0000,-1,-1,-1,-1,-1,-1,-1,-1,-1,12,0,3226495400816,8.2300,2.7196,14.8663,-1,-1,134,4074,1318
active-factory-unload-return,2856,29.3592,-1,18.1330,-1.0000,-1.0000,-1.0000,-1.0000,-1.0000,-1.0000,-1.0000,-1.0000,-1.0000,-1,-1,-1,-1,-1,-1,-1,-1,-1,12,0,3226500787247,7.7871,3.1599,11.3289,-1,-1,158,5401,1921
active-factory-unload-return,2857,23.2264,-1,29.2762,-1.0000,-1.0000,-1.0000,-1.0000,-1.0000,-1.0000,-1.0000,-1.0000,-1.0000,-1,-1,-1,-1,-1,-1,-1,-1,-1,12,0,3226500978462,7.7269,2.2802,5.8628,-1,-1,163,5562,1970
active-factory-unload-return,2893,23.3743,-1,-1.0000,-1.0000,-1.0000,-1.0000,-1.0000,-1.0000,-1.0000,-1.0000,-1.0000,-1.0000,-1,-1,-1,-1,-1,-1,-1,-1,-1,0,0,3226506703081,6.1624,3.6932,10.7066,-1,-1,165,6107,2167
active-factory-unload-return,2983,25.5101,-1,-1.0000,-1.0000,-1.0000,-1.0000,-1.0000,-1.0000,-1.0000,-1.0000,-1.0000,-1.0000,-1,-1,-1,-1,-1,-1,-1,-1,-1,0,0,3226519961318,7.0617,5.1582,5.9639,-1,-1,160,6188,2145
active-factory-unload-return,2984,24.9902,-1,13.0319,-1.0000,-1.0000,-1.0000,-1.0000,-1.0000,-1.0000,-1.0000,-1.0000,-1.0000,-1,-1,-1,-1,-1,-1,-1,-1,-1,0,0,3226520091670,12.8960,2.9309,0.9287,-1,-1,160,6188,2145
active-factory-unload-return,3053,34.9640,-1,-1.0000,-1.0000,-1.0000,-1.0000,-1.0000,-1.0000,-1.0000,-1.0000,-1.0000,-1.0000,-1,-1,-1,-1,-1,-1,-1,-1,-1,0,0,3226529922669,6.4160,4.7174,6.8255,-1,-1,158,6273,2144
active-factory-unload-return,3054,24.0818,-1,13.0665,-1.0000,-1.0000,-1.0000,-1.0000,-1.0000,-1.0000,-1.0000,-1.0000,-1.0000,-1,-1,-1,-1,-1,-1,-1,-1,-1,0,0,3226530055185,13.7296,3.1184,0.0121,-1,-1,158,6275,2144
active-factory-unload-return,3116,28.8051,-1,-1.0000,-1.0000,-1.0000,-1.0000,-1.0000,-1.0000,-1.0000,-1.0000,-1.0000,-1.0000,-1,-1,-1,-1,-1,-1,-1,-1,-1,0,0,3226539194746,5.9001,4.9853,11.6270,-1,-1,164,6360,2144
active-factory-unload-return,3132,31.9146,-1,11.3851,-1.0000,-1.0000,-1.0000,-1.0000,-1.0000,-1.0000,-1.0000,-1.0000,-1.0000,-1,-1,-1,-1,-1,-1,-1,-1,-1,0,0,3226541754968,6.9260,3.4502,8.5570,-1,-1,164,6376,2144
active-factory-unload-return,3133,58.7938,-1,26.8739,-1.0000,-1.0000,-1.0000,-1.0000,-1.0000,-1.0000,-1.0000,-1.0000,-1.0000,-1,-1,-1,-1,-1,-1,-1,-1,-1,0,0,3226541909857,6.3096,3.8077,5.8775,-1,-1,164,6376,2144
active-factory-unload-return,3134,77.7288,-1,58.5495,-1.0000,-1.0000,-1.0000,-1.0000,-1.0000,-1.0000,-1.0000,-1.0000,-1.0000,-1,-1,-1,-1,-1,-1,-1,-1,-1,0,0,3226542031820,13.9592,3.3758,0.0114,-1,-1,164,6378,2144
active-factory-unload-return,3135,50.0332,-1,78.6644,-1.0000,-1.0000,-1.0000,-1.0000,-1.0000,-1.0000,-1.0000,-1.0000,-1.0000,-1,-1,-1,-1,-1,-1,-1,-1,-1,0,0,3226542171727,7.0306,8.2661,24.8889,-1,-1,164,6378,2144
active-factory-unload-return,3163,67.1878,-1,19.7788,-1.0000,-1.0000,-1.0000,-1.0000,-1.0000,-1.0000,-1.0000,-1.0000,-1.0000,-1,-1,-1,-1,-1,-1,-1,-1,-1,0,0,3226547833063,7.3432,4.3331,10.0664,-1,-1,164,6420,2144
active-factory-unload-return,3164,80.4391,-1,68.2537,-1.0000,-1.0000,-1.0000,-1.0000,-1.0000,-1.0000,-1.0000,-1.0000,-1.0000,-1,-1,-1,-1,-1,-1,-1,-1,-1,0,0,3226548007278,7.2432,4.1933,10.2611,-1,-1,164,6420,2144
active-factory-unload-return,3165,79.7703,-1,78.9274,-1.0000,-1.0000,-1.0000,-1.0000,-1.0000,-1.0000,-1.0000,-1.0000,-1.0000,-1,-1,-1,-1,-1,-1,-1,-1,-1,0,0,3226548182446,13.8782,3.9455,6.2824,-1,-1,164,6423,2144
active-factory-unload-return,3166,75.9321,-1,79.0733,-1.0000,-1.0000,-1.0000,-1.0000,-1.0000,-1.0000,-1.0000,-1.0000,-1.0000,-1,-1,-1,-1,-1,-1,-1,-1,-1,0,0,3226548384178,9.0287,4.1934,58.1465,-1,-1,164,6425,2144
active-factory-unload-return,3167,75.0247,-1,76.2819,-1.0000,-1.0000,-1.0000,-1.0000,-1.0000,-1.0000,-1.0000,-1.0000,-1.0000,-1,-1,-1,-1,-1,-1,-1,-1,-1,0,0,3226549056056,17.2862,3.5398,63.1390,-1,-1,164,6431,2145
active-factory-unload-return,3168,48.2297,-1,75.1862,-1.0000,-1.0000,-1.0000,-1.0000,-1.0000,-1.0000,-1.0000,-1.0000,-1.0000,-1,-1,-1,-1,-1,-1,-1,-1,-1,0,0,3226549860429,12.0195,3.6609,67.7542,-1,-1,164,6433,2145
active-factory-unload-return,3196,69.5888,-1,18.7351,-1.0000,-1.0000,-1.0000,-1.0000,-1.0000,-1.0000,-1.0000,-1.0000,-1.0000,-1,-1,-1,-1,-1,-1,-1,-1,-1,0,0,3226556097442,9.5219,3.6056,7.7156,-1,-1,162,6476,2144
active-factory-unload-return,3197,79.3986,-1,69.5094,-1.0000,-1.0000,-1.0000,-1.0000,-1.0000,-1.0000,-1.0000,-1.0000,-1.0000,-1,-1,-1,-1,-1,-1,-1,-1,-1,0,0,3226556269936,7.3238,3.6155,10.8862,-1,-1,162,6476,2144
active-factory-unload-return,3198,79.2998,-1,78.2664,-1.0000,-1.0000,-1.0000,-1.0000,-1.0000,-1.0000,-1.0000,-1.0000,-1.0000,-1,-1,-1,-1,-1,-1,-1,-1,-1,0,0,3226556452146,6.8291,3.8617,11.1935,-1,-1,162,6478,2144
active-factory-unload-return,3199,76.6183,-1,78.5037,-1.0000,-1.0000,-1.0000,-1.0000,-1.0000,-1.0000,-1.0000,-1.0000,-1.0000,-1,-1,-1,-1,-1,-1,-1,-1,-1,0,0,3226556632470,10.8292,3.7636,58.7515,-1,-1,162,6478,2144
active-factory-unload-return,3200,74.5011,-1,76.6177,-1.0000,-1.0000,-1.0000,-1.0000,-1.0000,-1.0000,-1.0000,-1.0000,-1.0000,-1,-1,-1,-1,-1,-1,-1,-1,-1,0,0,3226557328539,13.0060,3.0157,66.3653,-1,-1,162,6478,2144
active-factory-unload-return,3201,34.1401,-1,73.8240,-1.0000,-1.0000,-1.0000,-1.0000,-1.0000,-1.0000,-1.0000,-1.0000,-1.0000,-1,-1,-1,-1,-1,-1,-1,-1,-1,0,0,3226558122418,34.3269,3.4694,44.9498,-1,-1,162,6480,2144
active-factory-unload-return,3224,22.4022,-1,17.3335,-1.0000,-1.0000,-1.0000,-1.0000,-1.0000,-1.0000,-1.0000,-1.0000,-1.0000,-1,-1,-1,-1,-1,-1,-1,-1,-1,0,0,3226563226446,6.0993,3.5911,10.8097,-1,-1,162,6506,2146
active-factory-unload-return,3230,51.1543,-1,17.3384,-1.0000,-1.0000,-1.0000,-1.0000,-1.0000,-1.0000,-1.0000,-1.0000,-1.0000,-1,-1,-1,-1,-1,-1,-1,-1,-1,0,0,3226564321653,12.0497,4.2846,5.9276,-1,-1,162,6512,2146
active-factory-unload-return,3231,80.1029,-1,51.9859,-1.0000,-1.0000,-1.0000,-1.0000,-1.0000,-1.0000,-1.0000,-1.0000,-1.0000,-1,-1,-1,-1,-1,-1,-1,-1,-1,0,0,3226564501518,5.9322,3.6650,11.7382,-1,-1,162,6516,2146
active-factory-unload-return,3232,78.6075,-1,80.0704,-1.0000,-1.0000,-1.0000,-1.0000,-1.0000,-1.0000,-1.0000,-1.0000,-1.0000,-1,-1,-1,-1,-1,-1,-1,-1,-1,0,0,3226564678326,11.2163,3.7848,7.2256,-1,-1,162,6518,2146
active-factory-unload-return,3233,57.7057,-1,78.6836,-1.0000,-1.0000,-1.0000,-1.0000,-1.0000,-1.0000,-1.0000,-1.0000,-1.0000,-1,-1,-1,-1,-1,-1,-1,-1,-1,0,0,3226564862862,8.9118,3.6449,42.1893,-1,-1,162,6522,2146
active-factory-unload-return,3234,30.0631,-1,57.4298,-1.0000,-1.0000,-1.0000,-1.0000,-1.0000,-1.0000,-1.0000,-1.0000,-1.0000,-1,-1,-1,-1,-1,-1,-1,-1,-1,0,0,3226565373991,14.7020,3.9715,65.4013,-1,-1,162,6524,2146
active-factory-unload-return,3235,23.9607,-1,29.4705,-1.0000,-1.0000,-1.0000,-1.0000,-1.0000,-1.0000,-1.0000,-1.0000,-1.0000,-1,-1,-1,-1,-1,-1,-1,-1,-1,0,0,3226566175180,43.3267,2.9723,35.2465,-1,-1,163,6527,2146
active-factory-unload-return,3241,22.3192,-1,-1.0000,-1.0000,-1.0000,-1.0000,-1.0000,-1.0000,-1.0000,-1.0000,-1.0000,-1.0000,-1,-1,-1,-1,-1,-1,-1,-1,-1,0,0,3226568500692,7.2663,5.1753,10.9903,-1,-1,162,6529,2144
active-factory-unload-return,3382,24.5930,-1,13.5107,-1.0000,-1.0000,-1.0000,-1.0000,-1.0000,-1.0000,-1.0000,-1.0000,-1.0000,-1,-1,-1,-1,-1,-1,-1,-1,-1,0,0,3226588873328,9.5907,5.1988,3.9257,-1,-1,162,6723,2145
active-factory-unload-return,3383,25.6802,-1,21.6346,-1.0000,-1.0000,-1.0000,-1.0000,-1.0000,-1.0000,-1.0000,-1.0000,-1.0000,-1,-1,-1,-1,-1,-1,-1,-1,-1,0,0,3226589008613,7.4799,4.7617,4.7211,-1,-1,162,6723,2145
active-factory-unload-return,3384,25.6988,-1,24.8494,-1.0000,-1.0000,-1.0000,-1.0000,-1.0000,-1.0000,-1.0000,-1.0000,-1.0000,-1,-1,-1,-1,-1,-1,-1,-1,-1,0,0,3226589130759,13.8535,3.6008,0.0098,-1,-1,162,6725,2145
active-factory-unload-return,3385,30.0723,-1,26.7727,-1.0000,-1.0000,-1.0000,-1.0000,-1.0000,-1.0000,-1.0000,-1.0000,-1.0000,-1,-1,-1,-1,-1,-1,-1,-1,-1,0,0,3226589269542,9.6061,4.7580,14.9915,-1,-1,162,6727,2145
active-factory-unload-return,3386,27.1009,-1,-1.0000,-1.0000,-1.0000,-1.0000,-1.0000,-1.0000,-1.0000,-1.0000,-1.0000,-1.0000,-1,-1,-1,-1,-1,-1,-1,-1,-1,0,0,3226589515613,11.4904,5.0392,14.1712,-1,-1,162,6730,2146
active-factory-unload-return,3387,26.9260,-1,27.6741,-1.0000,-1.0000,-1.0000,-1.0000,-1.0000,-1.0000,-1.0000,-1.0000,-1.0000,-1,-1,-1,-1,-1,-1,-1,-1,-1,0,0,3226589772369,15.4089,4.1345,10.2714,-1,-1,162,6731,2145
active-factory-unload-return,3388,27.4482,-1,27.7453,-1.0000,-1.0000,-1.0000,-1.0000,-1.0000,-1.0000,-1.0000,-1.0000,-1.0000,-1,-1,-1,-1,-1,-1,-1,-1,-1,0,0,3226590029314,14.5415,13.2335,15.5312,-1,-1,162,6734,2146
active-factory-unload-return,3389,25.5374,-1,27.2364,-1.0000,-1.0000,-1.0000,-1.0000,-1.0000,-1.0000,-1.0000,-1.0000,-1.0000,-1,-1,-1,-1,-1,-1,-1,-1,-1,0,0,3226590330215,21.8286,4.9621,5.2469,-1,-1,162,6734,2146
active-factory-unload-return,3434,22.7780,-1,-1.0000,-1.0000,-1.0000,-1.0000,-1.0000,-1.0000,-1.0000,-1.0000,-1.0000,-1.0000,-1,-1,-1,-1,-1,-1,-1,-1,-1,0,0,3226597738293,5.6792,3.8423,11.1514,-1,-1,162,6782,2146
active-factory-unload-return,3444,36.1100,-1,14.8951,-1.0000,-1.0000,-1.0000,-1.0000,-1.0000,-1.0000,-1.0000,-1.0000,-1.0000,-1,-1,-1,-1,-1,-1,-1,-1,-1,0,0,3226599249602,8.5581,5.4820,6.9220,-1,-1,162,6803,2147
active-factory-unload-return,3445,68.2601,-1,33.0542,-1.0000,-1.0000,-1.0000,-1.0000,-1.0000,-1.0000,-1.0000,-1.0000,-1.0000,-1,-1,-1,-1,-1,-1,-1,-1,-1,0,0,3226599404491,9.3550,5.6470,2.3521,-1,-1,162,6802,2146
active-factory-unload-return,3446,82.0086,-1,67.8548,-1.0000,-1.0000,-1.0000,-1.0000,-1.0000,-1.0000,-1.0000,-1.0000,-1.0000,-1,-1,-1,-1,-1,-1,-1,-1,-1,0,0,3226599521712,17.8330,4.5572,0.0096,-1,-1,162,6804,2146
active-factory-unload-return,3447,81.8890,-1,81.6141,-1.0000,-1.0000,-1.0000,-1.0000,-1.0000,-1.0000,-1.0000,-1.0000,-1.0000,-1,-1,-1,-1,-1,-1,-1,-1,-1,0,0,3226599700238,7.3154,4.2733,28.7923,-1,-1,162,6804,2146
active-factory-unload-return,3448,79.3013,-1,81.0632,-1.0000,-1.0000,-1.0000,-1.0000,-1.0000,-1.0000,-1.0000,-1.0000,-1.0000,-1,-1,-1,-1,-1,-1,-1,-1,-1,0,0,3226600061381,19.3977,3.3184,48.8470,-1,-1,163,6806,2147
active-factory-unload-return,3449,56.7214,-1,78.9919,-1.0000,-1.0000,-1.0000,-1.0000,-1.0000,-1.0000,-1.0000,-1.0000,-1.0000,-1,-1,-1,-1,-1,-1,-1,-1,-1,0,0,3226600743979,15.1893,3.5211,66.8200,-1,-1,163,6804,2145
active-factory-unload-return,3450,34.7067,-1,-1.0000,-1.0000,-1.0000,-1.0000,-1.0000,-1.0000,-1.0000,-1.0000,-1.0000,-1.0000,-1,-1,-1,-1,-1,-1,-1,-1,-1,0,0,3226601564280,46.3036,3.6992,35.5338,-1,-1,164,6802,2145
active-factory-unload-return,3494,22.7450,-1,19.8431,-1.0000,-1.0000,-1.0000,-1.0000,-1.0000,-1.0000,-1.0000,-1.0000,-1.0000,-1,-1,-1,-1,-1,-1,-1,-1,-1,0,0,3226609507767,6.6750,3.7204,4.1946,-1,-1,166,6861,2148
active-factory-unload-return,3495,23.1314,-1,22.6181,-1.0000,-1.0000,-1.0000,-1.0000,-1.0000,-1.0000,-1.0000,-1.0000,-1.0000,-1,-1,-1,-1,-1,-1,-1,-1,-1,0,0,3226609616560,10.7702,4.0119,5.8128,-1,-1,167,6864,2148
active-factory-unload-return,3497,24.0398,-1,22.8035,-1.0000,-1.0000,-1.0000,-1.0000,-1.0000,-1.0000,-1.0000,-1.0000,-1.0000,-1,-1,-1,-1,-1,-1,-1,-1,-1,0,0,3226609979599,6.9541,4.2023,15.7794,-1,-1,167,6863,2143
active-factory-unload-return,3499,22.2485,-1,22.2851,-1.0000,-1.0000,-1.0000,-1.0000,-1.0000,-1.0000,-1.0000,-1.0000,-1.0000,-1,-1,-1,-1,-1,-1,-1,-1,-1,0,0,3226610438351,9.3827,3.3496,12.2283,-1,-1,167,6865,2143
active-factory-unload-return,3500,23.6287,-1,-1.0000,-1.0000,-1.0000,-1.0000,-1.0000,-1.0000,-1.0000,-1.0000,-1.0000,-1.0000,-1,-1,-1,-1,-1,-1,-1,-1,-1,0,0,3226610654563,10.3023,4.4127,13.7265,-1,-1,167,6865,2143
active-factory-unload-return,3501,24.6958,-1,21.0481,-1.0000,-1.0000,-1.0000,-1.0000,-1.0000,-1.0000,-1.0000,-1.0000,-1.0000,-1,-1,-1,-1,-1,-1,-1,-1,-1,0,0,3226610894957,8.4706,3.5296,13.5565,-1,-1,167,6866,2143
active-factory-unload-return,3551,22.2450,-1,20.9039,-1.0000,-1.0000,-1.0000,-1.0000,-1.0000,-1.0000,-1.0000,-1.0000,-1.0000,-1,-1,-1,-1,-1,-1,-1,-1,-1,0,0,3226618550134,11.7579,3.9436,9.2567,-1,-1,165,6898,2144
active-factory-unload-return,3553,32.0383,-1,-1.0000,-1.0000,-1.0000,-1.0000,-1.0000,-1.0000,-1.0000,-1.0000,-1.0000,-1.0000,-1,-1,-1,-1,-1,-1,-1,-1,-1,0,0,3226618975220,18.6791,5.5685,2.2067,-1,-1,165,6900,2144
active-factory-unload-return,3596,32.8930,-1,11.4852,-1.0000,-1.0000,-1.0000,-1.0000,-1.0000,-1.0000,-1.0000,-1.0000,-1.0000,-1,-1,-1,-1,-1,-1,-1,-1,-1,0,0,3226625672395,8.0756,3.9241,8.0561,-1,-1,167,6939,2147
active-factory-unload-return,3597,78.4944,-1,29.9840,-1.0000,-1.0000,-1.0000,-1.0000,-1.0000,-1.0000,-1.0000,-1.0000,-1.0000,-1,-1,-1,-1,-1,-1,-1,-1,-1,0,0,3226625833772,7.1813,4.3899,4.5923,-1,-1,167,6939,2147
active-factory-unload-return,3598,83.3145,-1,78.6565,-1.0000,-1.0000,-1.0000,-1.0000,-1.0000,-1.0000,-1.0000,-1.0000,-1.0000,-1,-1,-1,-1,-1,-1,-1,-1,-1,0,0,3226625951617,9.8046,4.6020,1.5587,-1,-1,167,6941,2147
active-factory-unload-return,3599,41.6080,-1,82.4489,-1.0000,-1.0000,-1.0000,-1.0000,-1.0000,-1.0000,-1.0000,-1.0000,-1.0000,-1,-1,-1,-1,-1,-1,-1,-1,-1,0,0,3226626065368,14.7015,3.9934,18.1880,-1,-1,167,6942,2146
active-factory-unload-return,3626,23.2120,-1,17.9446,-1.0000,-1.0000,-1.0000,-1.0000,-1.0000,-1.0000,-1.0000,-1.0000,-1.0000,-1,-1,-1,-1,-1,-1,-1,-1,-1,0,0,3226631707471,7.5119,3.8904,11.9849,-1,-1,166,6955,2146
active-factory-unload-return,3638,54.0368,-1,12.2260,-1.0000,-1.0000,-1.0000,-1.0000,-1.0000,-1.0000,-1.0000,-1.0000,-1.0000,-1,-1,-1,-1,-1,-1,-1,-1,-1,0,0,3226633844758,7.6981,4.0706,4.8870,-1,-1,166,6961,2146
active-factory-unload-return,3639,81.6234,-1,48.5023,-1.0000,-1.0000,-1.0000,-1.0000,-1.0000,-1.0000,-1.0000,-1.0000,-1.0000,-1,-1,-1,-1,-1,-1,-1,-1,-1,0,0,3226633970729,6.5349,4.5854,5.0306,-1,-1,166,6961,2146
active-factory-unload-return,3640,83.1037,-1,82.9399,-1.0000,-1.0000,-1.0000,-1.0000,-1.0000,-1.0000,-1.0000,-1.0000,-1.0000,-1,-1,-1,-1,-1,-1,-1,-1,-1,0,0,3226634086483,14.6548,3.8428,0.0149,-1,-1,166,6961,2146
active-factory-unload-return,3641,83.1760,-1,82.7297,-1.0000,-1.0000,-1.0000,-1.0000,-1.0000,-1.0000,-1.0000,-1.0000,-1.0000,-1,-1,-1,-1,-1,-1,-1,-1,-1,0,0,3226634233352,5.6741,3.4594,48.3552,-1,-1,166,6960,2145
active-factory-unload-return,3642,83.1278,-1,82.3173,-1.0000,-1.0000,-1.0000,-1.0000,-1.0000,-1.0000,-1.0000,-1.0000,-1.0000,-1,-1,-1,-1,-1,-1,-1,-1,-1,0,0,3226634773712,12.9431,4.3238,68.6731,-1,-1,166,6961,2146
active-factory-unload-return,3643,41.0406,-1,-1.0000,-1.0000,-1.0000,-1.0000,-1.0000,-1.0000,-1.0000,-1.0000,-1.0000,-1.0000,-1,-1,-1,-1,-1,-1,-1,-1,-1,0,0,3226635589979,21.3832,3.8503,61.7056,-1,-1,166,6961,2146
active-factory-unload-return,3672,24.5241,-1,-1.0000,-1.0000,-1.0000,-1.0000,-1.0000,-1.0000,-1.0000,-1.0000,-1.0000,-1.0000,-1,-1,-1,-1,-1,-1,-1,-1,-1,0,0,3226641855355,7.1569,4.0268,10.5288,-1,-1,166,6976,2148
active-factory-unload-return,3673,26.6036,-1,17.4510,-1.0000,-1.0000,-1.0000,-1.0000,-1.0000,-1.0000,-1.0000,-1.0000,-1.0000,-1,-1,-1,-1,-1,-1,-1,-1,-1,0,0,3226642032276,10.1313,3.6269,5.3344,-1,-1,166,6976,2148
active-factory-unload-return,4117,28.2240,-1,13.5629,-1.0000,-1.0000,-1.0000,-1.0000,-1.0000,-1.0000,-1.0000,-1.0000,-1.0000,-1,-1,-1,-1,-1,-1,-1,-1,-1,0,0,3226705476015,6.9303,4.6115,6.8651,-1,-1,166,6946,2122
active-factory-unload-return,4118,81.8082,-1,28.1198,-1.0000,-1.0000,-1.0000,-1.0000,-1.0000,-1.0000,-1.0000,-1.0000,-1.0000,-1,-1,-1,-1,-1,-1,-1,-1,-1,0,0,3226705614093,9.7597,3.8780,3.8980,-1,-1,166,6946,2122
active-factory-unload-return,4119,81.1859,-1,81.3711,-1.0000,-1.0000,-1.0000,-1.0000,-1.0000,-1.0000,-1.0000,-1.0000,-1.0000,-1,-1,-1,-1,-1,-1,-1,-1,-1,0,0,3226705750764,6.9443,3.7439,7.2186,-1,-1,166,6947,2123
active-factory-unload-return,4120,32.6062,-1,81.5273,-1.0000,-1.0000,-1.0000,-1.0000,-1.0000,-1.0000,-1.0000,-1.0000,-1.0000,-1,-1,-1,-1,-1,-1,-1,-1,-1,0,0,3226705892498,5.8960,3.6055,22.3174,-1,-1,166,6948,2124
active-factory-unload-return,4153,38.2118,-1,12.6484,-1.0000,-1.0000,-1.0000,-1.0000,-1.0000,-1.0000,-1.0000,-1.0000,-1.0000,-1,-1,-1,-1,-1,-1,-1,-1,-1,0,0,3226711791358,6.4074,3.5466,5.3537,-1,-1,166,6947,2123
active-factory-unload-return,4154,83.6596,-1,37.3908,-1.0000,-1.0000,-1.0000,-1.0000,-1.0000,-1.0000,-1.0000,-1.0000,-1.0000,-1,-1,-1,-1,-1,-1,-1,-1,-1,0,0,3226711909104,5.3669,3.6587,8.0360,-1,-1,166,6947,2123
active-factory-unload-return,4155,82.6395,-1,83.0702,-1.0000,-1.0000,-1.0000,-1.0000,-1.0000,-1.0000,-1.0000,-1.0000,-1.0000,-1,-1,-1,-1,-1,-1,-1,-1,-1,0,0,3226712043243,9.9063,3.2397,3.7475,-1,-1,166,6947,2123
active-factory-unload-return,4156,83.6803,-1,83.1158,-1.0000,-1.0000,-1.0000,-1.0000,-1.0000,-1.0000,-1.0000,-1.0000,-1.0000,-1,-1,-1,-1,-1,-1,-1,-1,-1,0,0,3226712179877,4.6431,3.2868,33.5597,-1,-1,166,6946,2122
active-factory-unload-return,4157,82.7047,-1,82.4916,-1.0000,-1.0000,-1.0000,-1.0000,-1.0000,-1.0000,-1.0000,-1.0000,-1.0000,-1,-1,-1,-1,-1,-1,-1,-1,-1,0,0,3226712562003,12.6934,3.5350,70.9541,-1,-1,166,6946,2122
active-factory-unload-return,4158,53.2235,-1,82.4796,-1.0000,-1.0000,-1.0000,-1.0000,-1.0000,-1.0000,-1.0000,-1.0000,-1.0000,-1,-1,-1,-1,-1,-1,-1,-1,-1,0,0,3226713398601,13.4462,3.3516,69.1813,-1,-1,166,6946,2122
active-factory-unload-return,4163,26.0593,-1,-1.0000,-1.0000,-1.0000,-1.0000,-1.0000,-1.0000,-1.0000,-1.0000,-1.0000,-1.0000,-1,-1,-1,-1,-1,-1,-1,-1,-1,0,0,3226716583082,13.7872,4.4405,3.9537,-1,-1,166,6947,2123
active-factory-unload-return,4186,50.8086,-1,18.2556,-1.0000,-1.0000,-1.0000,-1.0000,-1.0000,-1.0000,-1.0000,-1.0000,-1.0000,-1,-1,-1,-1,-1,-1,-1,-1,-1,0,0,3226719770619,6.5446,3.4244,10.8110,-1,-1,166,6945,2121
active-factory-unload-return,4187,81.9713,-1,48.5481,-1.0000,-1.0000,-1.0000,-1.0000,-1.0000,-1.0000,-1.0000,-1.0000,-1.0000,-1,-1,-1,-1,-1,-1,-1,-1,-1,0,0,3226719944275,5.2417,3.4025,13.2051,-1,-1,166,6944,2120
active-factory-unload-return,4188,82.2561,-1,82.5713,-1.0000,-1.0000,-1.0000,-1.0000,-1.0000,-1.0000,-1.0000,-1.0000,-1.0000,-1,-1,-1,-1,-1,-1,-1,-1,-1,0,0,3226720128861,14.7787,3.5214,2.9034,-1,-1,166,6945,2121
active-factory-unload-return,4189,46.6571,-1,82.6655,-1.0000,-1.0000,-1.0000,-1.0000,-1.0000,-1.0000,-1.0000,-1.0000,-1.0000,-1,-1,-1,-1,-1,-1,-1,-1,-1,0,0,3226720305790,6.8600,4.6318,43.9613,-1,-1,166,6946,2122
active-factory-unload-return,4190,42.3278,-1,-1.0000,-1.0000,-1.0000,-1.0000,-1.0000,-1.0000,-1.0000,-1.0000,-1.0000,-1.0000,-1,-1,-1,-1,-1,-1,-1,-1,-1,0,0,3226720814213,35.8869,3.4115,46.0362,-1,-1,166,6946,2122
active-factory-unload-return,4273,29.3269,-1,14.7251,-1.0000,-1.0000,-1.0000,-1.0000,-1.0000,-1.0000,-1.0000,-1.0000,-1.0000,-1,-1,-1,-1,-1,-1,-1,-1,-1,0,0,3226734220248,4.8053,3.6969,7.1405,-1,-1,166,6943,2119
active-factory-unload-return,4274,73.2806,-1,28.8156,-1.0000,-1.0000,-1.0000,-1.0000,-1.0000,-1.0000,-1.0000,-1.0000,-1.0000,-1,-1,-1,-1,-1,-1,-1,-1,-1,0,0,3226734339824,6.1813,3.3454,7.0569,-1,-1,166,6943,2119
active-factory-unload-return,4275,82.9761,-1,74.4174,-1.0000,-1.0000,-1.0000,-1.0000,-1.0000,-1.0000,-1.0000,-1.0000,-1.0000,-1,-1,-1,-1,-1,-1,-1,-1,-1,0,0,3226734472331,5.8943,3.2827,9.9020,-1,-1,166,6943,2119
active-factory-unload-return,4276,48.0455,-1,82.5777,-1.0000,-1.0000,-1.0000,-1.0000,-1.0000,-1.0000,-1.0000,-1.0000,-1.0000,-1,-1,-1,-1,-1,-1,-1,-1,-1,0,0,3226734630405,10.4355,4.0283,18.8801,-1,-1,166,6943,2119
active-factory-unload-return,4308,34.0520,-1,20.1357,-1.0000,-1.0000,-1.0000,-1.0000,-1.0000,-1.0000,-1.0000,-1.0000,-1.0000,-1,-1,-1,-1,-1,-1,-1,-1,-1,0,0,3226740606226,9.8134,3.3653,1.3237,-1,-1,166,6943,2119
active-factory-unload-return,4309,34.8501,-1,32.8579,-1.0000,-1.0000,-1.0000,-1.0000,-1.0000,-1.0000,-1.0000,-1.0000,-1.0000,-1,-1,-1,-1,-1,-1,-1,-1,-1,0,0,3226740717708,5.1328,3.5062,9.1488,-1,-1,166,6943,2119
active-factory-unload-return,4310,35.3327,-1,34.7648,-1.0000,-1.0000,-1.0000,-1.0000,-1.0000,-1.0000,-1.0000,-1.0000,-1.0000,-1,-1,-1,-1,-1,-1,-1,-1,-1,0,0,3226740860583,6.5775,3.4344,13.7453,-1,-1,166,6944,2120
active-factory-unload-return,4311,34.1542,-1,35.0433,-1.0000,-1.0000,-1.0000,-1.0000,-1.0000,-1.0000,-1.0000,-1.0000,-1.0000,-1,-1,-1,-1,-1,-1,-1,-1,-1,0,0,3226741063922,9.5974,3.3907,24.4462,-1,-1,166,6944,2120
active-factory-unload-return,4312,32.6013,-1,34.1304,-1.0000,-1.0000,-1.0000,-1.0000,-1.0000,-1.0000,-1.0000,-1.0000,-1.0000,-1,-1,-1,-1,-1,-1,-1,-1,-1,0,0,3226741404449,7.0637,3.2291,27.7777,-1,-1,166,6944,2120
active-factory-unload-return,4313,27.1207,-1,32.5934,-1.0000,-1.0000,-1.0000,-1.0000,-1.0000,-1.0000,-1.0000,-1.0000,-1.0000,-1,-1,-1,-1,-1,-1,-1,-1,-1,0,0,3226741752949,10.8734,3.3141,24.4491,-1,-1,166,6944,2120
active-factory-unload-return,4314,23.8009,-1,27.4926,-1.0000,-1.0000,-1.0000,-1.0000,-1.0000,-1.0000,-1.0000,-1.0000,-1.0000,-1,-1,-1,-1,-1,-1,-1,-1,-1,0,0,3226742106289,9.9103,3.4427,24.2307,-1,-1,166,6944,2120
active-factory-unload-return,4425,34.5678,-1,13.3612,-1.0000,-1.0000,-1.0000,-1.0000,-1.0000,-1.0000,-1.0000,-1.0000,-1.0000,-1,-1,-1,-1,-1,-1,-1,-1,-1,0,0,3226758813171,6.8916,3.4847,5.3388,-1,-1,165,6942,2118
active-factory-unload-return,4426,81.9638,-1,33.4205,-1.0000,-1.0000,-1.0000,-1.0000,-1.0000,-1.0000,-1.0000,-1.0000,-1.0000,-1,-1,-1,-1,-1,-1,-1,-1,-1,0,0,3226758935589,4.7808,3.4718,7.6527,-1,-1,165,6942,2118
active-factory-unload-return,4427,81.9594,-1,81.7167,-1.0000,-1.0000,-1.0000,-1.0000,-1.0000,-1.0000,-1.0000,-1.0000,-1.0000,-1,-1,-1,-1,-1,-1,-1,-1,-1,0,0,3226759060014,8.6373,3.2580,4.5881,-1,-1,165,6942,2118
active-factory-unload-return,4428,27.1958,-1,81.4308,-1.0000,-1.0000,-1.0000,-1.0000,-1.0000,-1.0000,-1.0000,-1.0000,-1.0000,-1,-1,-1,-1,-1,-1,-1,-1,-1,0,0,3226759192379,5.7855,3.4728,28.7741,-1,-1,165,6941,2117
stress-full-output,6,26.4687,-1,18.8657,-1.0000,-1.0000,-1.0000,-1.0000,-1.0000,-1.0000,-1.0000,-1.0000,-1.0000,-1,-1,-1,-1,-1,-1,-1,-1,-1,0,0,3226785641197,12.5570,3.7705,0.0602,-1,-1,165,6942,2118
stress-full-output,7,27.6714,-1,26.1187,-1.0000,-1.0000,-1.0000,-1.0000,-1.0000,-1.0000,-1.0000,-1.0000,-1.0000,-1,-1,-1,-1,-1,-1,-1,-1,-1,0,0,3226785767481,6.1316,3.8564,11.9736,-1,-1,165,6942,2118
stress-full-output,8,27.5915,-1,27.1140,-1.0000,-1.0000,-1.0000,-1.0000,-1.0000,-1.0000,-1.0000,-1.0000,-1.0000,-1,-1,-1,-1,-1,-1,-1,-1,-1,0,0,3226785948595,5.0605,3.7656,13.6889,-1,-1,165,6942,2118
stress-full-output,9,26.8506,-1,27.8958,-1.0000,-1.0000,-1.0000,-1.0000,-1.0000,-1.0000,-1.0000,-1.0000,-1.0000,-1,-1,-1,-1,-1,-1,-1,-1,-1,0,0,3226786136212,9.5933,3.3345,16.8399,-1,-1,165,6943,2119
stress-full-output,10,27.9264,-1,27.2916,-1.0000,-1.0000,-1.0000,-1.0000,-1.0000,-1.0000,-1.0000,-1.0000,-1.0000,-1,-1,-1,-1,-1,-1,-1,-1,-1,0,0,3226786400955,7.2277,5.6520,20.4403,-1,-1,165,6943,2119
stress-full-output,11,27.6140,-1,27.3866,-1.0000,-1.0000,-1.0000,-1.0000,-1.0000,-1.0000,-1.0000,-1.0000,-1.0000,-1,-1,-1,-1,-1,-1,-1,-1,-1,0,0,3226786677833,23.2706,4.5815,4.2783,-1,-1,165,6943,2119
stress-full-output,12,23.5765,-1,26.9901,-1.0000,-1.0000,-1.0000,-1.0000,-1.0000,-1.0000,-1.0000,-1.0000,-1.0000,-1,-1,-1,-1,-1,-1,-1,-1,-1,0,0,3226786953575,8.9246,4.0744,17.9170,-1,-1,165,6943,2119
stress-full-output,139,24.7688,-1,19.4122,-1.0000,-1.0000,-1.0000,-1.0000,-1.0000,-1.0000,-1.0000,-1.0000,-1.0000,-1,-1,-1,-1,-1,-1,-1,-1,-1,0,0,3226806069723,15.8628,4.7266,0.0126,-1,-1,165,6935,2110
stress-full-output,140,27.4717,-1,24.6994,-1.0000,-1.0000,-1.0000,-1.0000,-1.0000,-1.0000,-1.0000,-1.0000,-1.0000,-1,-1,-1,-1,-1,-1,-1,-1,-1,0,0,3226806228662,6.5529,3.9477,12.1553,-1,-1,165,6935,2110
stress-full-output,141,28.1248,-1,26.9696,-1.0000,-1.0000,-1.0000,-1.0000,-1.0000,-1.0000,-1.0000,-1.0000,-1.0000,-1,-1,-1,-1,-1,-1,-1,-1,-1,0,0,3226806415813,6.7729,3.8163,13.4726,-1,-1,165,6936,2111
stress-full-output,142,28.0942,-1,28.2834,-1.0000,-1.0000,-1.0000,-1.0000,-1.0000,-1.0000,-1.0000,-1.0000,-1.0000,-1,-1,-1,-1,-1,-1,-1,-1,-1,0,0,3226806618391,12.9108,3.6905,11.8426,-1,-1,165,6936,2111
stress-full-output,143,28.1898,-1,28.1129,-1.0000,-1.0000,-1.0000,-1.0000,-1.0000,-1.0000,-1.0000,-1.0000,-1.0000,-1,-1,-1,-1,-1,-1,-1,-1,-1,0,0,3226806866047,6.6675,4.1048,20.7921,-1,-1,165,6936,2111
stress-full-output,144,28.3892,-1,28.0596,-1.0000,-1.0000,-1.0000,-1.0000,-1.0000,-1.0000,-1.0000,-1.0000,-1.0000,-1,-1,-1,-1,-1,-1,-1,-1,-1,0,0,3226807140758,13.3541,3.9811,14.7592,-1,-1,165,6936,2111
stress-full-output,145,24.9006,-1,28.2296,-1.0000,-1.0000,-1.0000,-1.0000,-1.0000,-1.0000,-1.0000,-1.0000,-1.0000,-1,-1,-1,-1,-1,-1,-1,-1,-1,0,0,3226807422028,6.8603,4.7836,21.2197,-1,-1,165,6936,2111
stress-full-output,444,42.8503,-1,13.4328,-1.0000,-1.0000,-1.0000,-1.0000,-1.0000,-1.0000,-1.0000,-1.0000,-1.0000,-1,-1,-1,-1,-1,-1,-1,-1,-1,0,0,3226851017507,8.5212,4.6813,3.7082,-1,-1,169,6933,2108
stress-full-output,445,81.9542,-1,42.0936,-1.0000,-1.0000,-1.0000,-1.0000,-1.0000,-1.0000,-1.0000,-1.0000,-1.0000,-1,-1,-1,-1,-1,-1,-1,-1,-1,0,0,3226851139895,5.5289,3.4063,7.5435,-1,-1,169,6933,2108
stress-full-output,446,81.5923,-1,81.4733,-1.0000,-1.0000,-1.0000,-1.0000,-1.0000,-1.0000,-1.0000,-1.0000,-1.0000,-1,-1,-1,-1,-1,-1,-1,-1,-1,0,0,3226851270727,5.9097,3.2856,7.9875,-1,-1,169,6933,2108
stress-full-output,479,39.9385,-1,12.5343,-1.0000,-1.0000,-1.0000,-1.0000,-1.0000,-1.0000,-1.0000,-1.0000,-1.0000,-1,-1,-1,-1,-1,-1,-1,-1,-1,0,0,3226857164426,5.5114,3.3648,7.8711,-1,-1,169,6933,2108
stress-full-output,480,82.5183,-1,38.8319,-1.0000,-1.0000,-1.0000,-1.0000,-1.0000,-1.0000,-1.0000,-1.0000,-1.0000,-1,-1,-1,-1,-1,-1,-1,-1,-1,0,0,3226857298313,6.1801,3.7515,5.1194,-1,-1,169,6933,2108
stress-full-output,481,83.1140,-1,82.6406,-1.0000,-1.0000,-1.0000,-1.0000,-1.0000,-1.0000,-1.0000,-1.0000,-1.0000,-1,-1,-1,-1,-1,-1,-1,-1,-1,0,0,3226857411416,5.4523,2.5874,6.0910,-1,-1,169,6932,2107
stress-full-output,482,62.6881,-1,82.1076,-1.0000,-1.0000,-1.0000,-1.0000,-1.0000,-1.0000,-1.0000,-1.0000,-1.0000,-1,-1,-1,-1,-1,-1,-1,-1,-1,0,0,3226857526949,12.1625,3.6102,27.7651,-1,-1,169,6932,2107
stress-full-output,483,32.3415,-1,63.1910,-1.0000,-1.0000,-1.0000,-1.0000,-1.0000,-1.0000,-1.0000,-1.0000,-1.0000,-1,-1,-1,-1,-1,-1,-1,-1,-1,0,0,3226857926343,9.2814,4.0811,73.2252,-1,-1,169,6931,2106
stress-full-output,484,25.5703,-1,-1.0000,-1.0000,-1.0000,-1.0000,-1.0000,-1.0000,-1.0000,-1.0000,-1.0000,-1.0000,-1,-1,-1,-1,-1,-1,-1,-1,-1,0,0,3226858751516,17.4781,3.2645,65.6422,-1,-1,169,6931,2106
stress-full-output,485,23.4628,-1,24.0082,-1.0000,-1.0000,-1.0000,-1.0000,-1.0000,-1.0000,-1.0000,-1.0000,-1.0000,-1,-1,-1,-1,-1,-1,-1,-1,-1,0,0,3226859582900,41.3059,3.1182,21.3352,-1,-1,169,6933,2108
stress-full-output,536,22.8325,-1,21.7257,-1.0000,-1.0000,-1.0000,-1.0000,-1.0000,-1.0000,-1.0000,-1.0000,-1.0000,-1,-1,-1,-1,-1,-1,-1,-1,-1,0,0,3226867938840,6.7550,3.2037,12.0337,-1,-1,169,6934,2109
stress-full-output,537,23.9780,-1,22.9983,-1.0000,-1.0000,-1.0000,-1.0000,-1.0000,-1.0000,-1.0000,-1.0000,-1.0000,-1,-1,-1,-1,-1,-1,-1,-1,-1,0,0,3226868126820,13.2591,3.2440,6.6871,-1,-1,169,6934,2109
stress-full-output,538,22.6445,-1,23.0892,-1.0000,-1.0000,-1.0000,-1.0000,-1.0000,-1.0000,-1.0000,-1.0000,-1.0000,-1,-1,-1,-1,-1,-1,-1,-1,-1,0,0,3226868326412,6.4967,3.3693,15.0991,-1,-1,169,6932,2107
stress-full-output,539,23.2253,-1,23.0044,-1.0000,-1.0000,-1.0000,-1.0000,-1.0000,-1.0000,-1.0000,-1.0000,-1.0000,-1,-1,-1,-1,-1,-1,-1,-1,-1,0,0,3226868542481,12.5190,3.5334,10.3014,-1,-1,169,6931,2106
stress-full-output,540,23.6116,-1,22.9824,-1.0000,-1.0000,-1.0000,-1.0000,-1.0000,-1.0000,-1.0000,-1.0000,-1.0000,-1,-1,-1,-1,-1,-1,-1,-1,-1,0,0,3226868770805,5.9732,3.5323,17.9938,-1,-1,169,6931,2106
stress-power-shortage,22,25.7228,-1,18.6204,-1.0000,-1.0000,-1.0000,-1.0000,-1.0000,-1.0000,-1.0000,-1.0000,-1.0000,-1,-1,-1,-1,-1,-1,-1,-1,-1,0,0,3226902335869,9.3386,3.4721,3.0009,-1,-1,141,6903,2097
stress-power-shortage,36,27.8036,-1,15.1634,-1.0000,-1.0000,-1.0000,-1.0000,-1.0000,-1.0000,-1.0000,-1.0000,-1.0000,-1,-1,-1,-1,-1,-1,-1,-1,-1,0,0,3226904305844,6.3219,3.6601,4.9561,-1,-1,141,6903,2097
stress-power-shortage,37,67.2706,-1,26.8795,-1.0000,-1.0000,-1.0000,-1.0000,-1.0000,-1.0000,-1.0000,-1.0000,-1.0000,-1,-1,-1,-1,-1,-1,-1,-1,-1,0,0,3226904418740,4.6218,3.3559,4.9927,-1,-1,141,6903,2097
stress-power-shortage,38,68.7716,-1,67.7069,-1.0000,-1.0000,-1.0000,-1.0000,-1.0000,-1.0000,-1.0000,-1.0000,-1.0000,-1,-1,-1,-1,-1,-1,-1,-1,-1,0,0,3226904514986,4.9890,3.8045,10.5198,-1,-1,141,6903,2097
stress-power-shortage,39,66.5870,-1,67.7637,-1.0000,-1.0000,-1.0000,-1.0000,-1.0000,-1.0000,-1.0000,-1.0000,-1.0000,-1,-1,-1,-1,-1,-1,-1,-1,-1,0,0,3226904670184,8.6889,5.0778,19.1232,-1,-1,141,6903,2097
stress-power-shortage,40,66.8643,-1,67.8246,-1.0000,-1.0000,-1.0000,-1.0000,-1.0000,-1.0000,-1.0000,-1.0000,-1.0000,-1,-1,-1,-1,-1,-1,-1,-1,-1,0,0,3226904948465,13.3662,2.9575,53.8549,-1,-1,141,6903,2097
stress-power-shortage,41,64.0186,-1,65.8363,-1.0000,-1.0000,-1.0000,-1.0000,-1.0000,-1.0000,-1.0000,-1.0000,-1.0000,-1,-1,-1,-1,-1,-1,-1,-1,-1,0,0,3226905620945,14.9579,3.3631,53.8046,-1,-1,141,6903,2097
stress-power-shortage,42,58.8842,-1,64.3965,-1.0000,-1.0000,-1.0000,-1.0000,-1.0000,-1.0000,-1.0000,-1.0000,-1.0000,-1,-1,-1,-1,-1,-1,-1,-1,-1,0,0,3226906308673,11.6437,3.7937,54.9304,-1,-1,141,6903,2097
stress-power-shortage,95,26.0906,-1,20.3323,-1.0000,-1.0000,-1.0000,-1.0000,-1.0000,-1.0000,-1.0000,-1.0000,-1.0000,-1,-1,-1,-1,-1,-1,-1,-1,-1,0,0,3226914769653,6.3743,3.2744,2.9570,-1,-1,141,6903,2097
stress-power-shortage,96,29.1011,-1,26.1942,-1.0000,-1.0000,-1.0000,-1.0000,-1.0000,-1.0000,-1.0000,-1.0000,-1.0000,-1,-1,-1,-1,-1,-1,-1,-1,-1,0,0,3226914863084,5.0679,3.0967,10.8031,-1,-1,141,6903,2097
stress-power-shortage,97,28.4134,-1,28.9280,-1.0000,-1.0000,-1.0000,-1.0000,-1.0000,-1.0000,-1.0000,-1.0000,-1.0000,-1,-1,-1,-1,-1,-1,-1,-1,-1,0,0,3226915021859,11.4441,3.0798,9.5490,-1,-1,141,6903,2097
stress-power-shortage,98,30.2946,-1,28.9587,-1.0000,-1.0000,-1.0000,-1.0000,-1.0000,-1.0000,-1.0000,-1.0000,-1.0000,-1,-1,-1,-1,-1,-1,-1,-1,-1,0,0,3226915231891,5.2020,3.1472,20.8787,-1,-1,141,6903,2097
stress-power-shortage,99,28.6824,-1,28.9116,-1.0000,-1.0000,-1.0000,-1.0000,-1.0000,-1.0000,-1.0000,-1.0000,-1.0000,-1,-1,-1,-1,-1,-1,-1,-1,-1,0,0,3226915492806,8.3908,2.9740,20.6994,-1,-1,141,6903,2097
stress-power-shortage,100,31.2583,-1,-1.0000,-1.0000,-1.0000,-1.0000,-1.0000,-1.0000,-1.0000,-1.0000,-1.0000,-1.0000,-1,-1,-1,-1,-1,-1,-1,-1,-1,0,0,3226915783813,10.5870,3.3459,17.8180,-1,-1,141,6903,2097
stress-power-shortage,101,24.1340,-1,26.5953,-1.0000,-1.0000,-1.0000,-1.0000,-1.0000,-1.0000,-1.0000,-1.0000,-1.0000,-1,-1,-1,-1,-1,-1,-1,-1,-1,0,0,3226916067946,9.8477,3.2151,20.4368,-1,-1,141,6903,2097
stress-power-shortage,362,30.6612,-1,10.9916,-1.0000,-1.0000,-1.0000,-1.0000,-1.0000,-1.0000,-1.0000,-1.0000,-1.0000,-1,-1,-1,-1,-1,-1,-1,-1,-1,0,0,3226949296830,6.8364,3.3485,3.6565,-1,-1,141,6895,2088
stress-power-shortage,363,54.6929,-1,26.5393,-1.0000,-1.0000,-1.0000,-1.0000,-1.0000,-1.0000,-1.0000,-1.0000,-1.0000,-1,-1,-1,-1,-1,-1,-1,-1,-1,0,0,3226949401865,7.1916,3.1178,4.2287,-1,-1,141,6895,2088
stress-power-shortage,364,69.6218,-1,55.0364,-1.0000,-1.0000,-1.0000,-1.0000,-1.0000,-1.0000,-1.0000,-1.0000,-1.0000,-1,-1,-1,-1,-1,-1,-1,-1,-1,0,0,3226949516166,13.6323,3.4284,0.0181,-1,-1,141,6895,2088
stress-power-shortage,365,56.3366,-1,67.8712,-1.0000,-1.0000,-1.0000,-1.0000,-1.0000,-1.0000,-1.0000,-1.0000,-1.0000,-1,-1,-1,-1,-1,-1,-1,-1,-1,0,0,3226949652871,5.9082,4.7773,24.7508,-1,-1,141,6895,2088
stress-power-shortage,398,48.3047,-1,15.1839,-1.0000,-1.0000,-1.0000,-1.0000,-1.0000,-1.0000,-1.0000,-1.0000,-1.0000,-1,-1,-1,-1,-1,-1,-1,-1,-1,0,0,3226955572568,13.5592,3.2544,1.4748,-1,-1,141,6891,2085
stress-power-shortage,399,68.3839,-1,48.2345,-1.0000,-1.0000,-1.0000,-1.0000,-1.0000,-1.0000,-1.0000,-1.0000,-1.0000,-1,-1,-1,-1,-1,-1,-1,-1,-1,0,0,3226955723006,6.0322,3.0004,12.2836,-1,-1,141,6891,2085
stress-power-shortage,400,68.0409,-1,67.8769,-1.0000,-1.0000,-1.0000,-1.0000,-1.0000,-1.0000,-1.0000,-1.0000,-1.0000,-1,-1,-1,-1,-1,-1,-1,-1,-1,0,0,3226955906223,5.9872,3.0059,9.1352,-1,-1,141,6891,2085
stress-power-shortage,401,66.1958,-1,67.6762,-1.0000,-1.0000,-1.0000,-1.0000,-1.0000,-1.0000,-1.0000,-1.0000,-1.0000,-1,-1,-1,-1,-1,-1,-1,-1,-1,0,0,3226956057566,12.5803,3.1534,35.7118,-1,-1,141,6891,2085
stress-power-shortage,402,68.9337,-1,67.0633,-1.0000,-1.0000,-1.0000,-1.0000,-1.0000,-1.0000,-1.0000,-1.0000,-1.0000,-1,-1,-1,-1,-1,-1,-1,-1,-1,0,0,3226956540584,13.3858,3.1269,54.9875,-1,-1,141,6891,2085
stress-power-shortage,403,67.3214,-1,67.4755,-1.0000,-1.0000,-1.0000,-1.0000,-1.0000,-1.0000,-1.0000,-1.0000,-1.0000,-1,-1,-1,-1,-1,-1,-1,-1,-1,0,0,3226957224423,13.0698,2.8823,54.9640,-1,-1,141,6891,2085
stress-power-shortage,404,28.3350,-1,66.9376,-1.0000,-1.0000,-1.0000,-1.0000,-1.0000,-1.0000,-1.0000,-1.0000,-1.0000,-1,-1,-1,-1,-1,-1,-1,-1,-1,0,0,3226957904907,20.9815,3.2616,45.1990,-1,-1,141,6891,2085
stress-power-shortage,436,54.4657,-1,15.3088,-1.0000,-1.0000,-1.0000,-1.0000,-1.0000,-1.0000,-1.0000,-1.0000,-1.0000,-1,-1,-1,-1,-1,-1,-1,-1,-1,0,0,3226963625316,8.8928,3.0531,5.7643,-1,-1,141,6893,2087
stress-power-shortage,437,67.1820,-1,53.8831,-1.0000,-1.0000,-1.0000,-1.0000,-1.0000,-1.0000,-1.0000,-1.0000,-1.0000,-1,-1,-1,-1,-1,-1,-1,-1,-1,0,0,3226963771998,6.2010,3.2675,10.5148,-1,-1,141,6893,2087
stress-power-shortage,438,68.4466,-1,67.9204,-1.0000,-1.0000,-1.0000,-1.0000,-1.0000,-1.0000,-1.0000,-1.0000,-1.0000,-1,-1,-1,-1,-1,-1,-1,-1,-1,0,0,3226963939249,4.6312,3.2424,10.2474,-1,-1,141,6893,2087
stress-power-shortage,439,67.6692,-1,67.1987,-1.0000,-1.0000,-1.0000,-1.0000,-1.0000,-1.0000,-1.0000,-1.0000,-1.0000,-1,-1,-1,-1,-1,-1,-1,-1,-1,0,0,3226964088133,8.2253,3.2925,46.2320,-1,-1,141,6893,2087
stress-power-shortage,440,67.3991,-1,67.1398,-1.0000,-1.0000,-1.0000,-1.0000,-1.0000,-1.0000,-1.0000,-1.0000,-1.0000,-1,-1,-1,-1,-1,-1,-1,-1,-1,0,0,3226964632804,10.0826,3.9042,57.0874,-1,-1,141,6893,2087
stress-power-shortage,441,66.4031,-1,67.1252,-1.0000,-1.0000,-1.0000,-1.0000,-1.0000,-1.0000,-1.0000,-1.0000,-1.0000,-1,-1,-1,-1,-1,-1,-1,-1,-1,0,0,3226965304637,13.4961,3.4556,54.9371,-1,-1,141,6893,2087
stress-power-shortage,442,44.4077,-1,67.3876,-1.0000,-1.0000,-1.0000,-1.0000,-1.0000,-1.0000,-1.0000,-1.0000,-1.0000,-1,-1,-1,-1,-1,-1,-1,-1,-1,0,0,3226965989083,10.7853,3.0784,56.8892,-1,-1,141,6893,2087
stress-power-shortage,443,28.2500,-1,-1.0000,-1.0000,-1.0000,-1.0000,-1.0000,-1.0000,-1.0000,-1.0000,-1.0000,-1.0000,-1,-1,-1,-1,-1,-1,-1,-1,-1,0,0,3226966666010,33.1074,3.3289,34.2390,-1,-1,141,6893,2087
stress-power-shortage,472,36.4092,-1,14.9898,-1.0000,-1.0000,-1.0000,-1.0000,-1.0000,-1.0000,-1.0000,-1.0000,-1.0000,-1,-1,-1,-1,-1,-1,-1,-1,-1,0,0,3226971848469,6.9971,3.1536,7.7058,-1,-1,141,6890,2084
stress-power-shortage,473,67.7653,-1,35.8172,-1.0000,-1.0000,-1.0000,-1.0000,-1.0000,-1.0000,-1.0000,-1.0000,-1.0000,-1,-1,-1,-1,-1,-1,-1,-1,-1,0,0,3226971995613,4.5225,3.3421,10.2504,-1,-1,141,6890,2084
stress-power-shortage,474,67.5277,-1,67.7376,-1.0000,-1.0000,-1.0000,-1.0000,-1.0000,-1.0000,-1.0000,-1.0000,-1.0000,-1,-1,-1,-1,-1,-1,-1,-1,-1,0,0,3226972143439,9.4697,2.4316,5.9639,-1,-1,141,6890,2084
stress-power-shortage,475,64.2238,-1,67.1081,-1.0000,-1.0000,-1.0000,-1.0000,-1.0000,-1.0000,-1.0000,-1.0000,-1.0000,-1,-1,-1,-1,-1,-1,-1,-1,-1,0,0,3226972297886,5.7497,2.9464,30.6531,-1,-1,141,6890,2084
stress-power-shortage,476,28.7784,-1,64.3748,-1.0000,-1.0000,-1.0000,-1.0000,-1.0000,-1.0000,-1.0000,-1.0000,-1.0000,-1,-1,-1,-1,-1,-1,-1,-1,-1,0,0,3226972662011,11.5210,3.5904,56.2334,-1,-1,141,6890,2084
streaming,10,24.4134,-1,8.6566,-1.0000,-1.0000,-1.0000,-1.0000,-1.0000,-1.0000,-1.0000,-1.0000,-1.0000,-1,-1,-1,-1,-1,-1,-1,-1,-1,0,0,3227009631757,16.2815,4.3974,0.0137,-1,-1,145,6982,2228
streaming,33,70.4872,-1,8.1651,-1.0000,-1.0000,-1.0000,-1.0000,-1.0000,-1.0000,-1.0000,-1.0000,-1.0000,-1,-1,-1,-1,-1,-1,-1,-1,-1,0,0,3227012892391,8.0655,3.9016,0.8145,-1,-1,142,7009,2241
streaming,34,65.3290,-1,65.0527,-1.0000,-1.0000,-1.0000,-1.0000,-1.0000,-1.0000,-1.0000,-1.0000,-1.0000,-1,-1,-1,-1,-1,-1,-1,-1,-1,0,0,3227012981317,6.9919,4.3514,4.8535,-1,-1,142,7009,2242
streaming,35,68.0280,-1,65.4193,-1.0000,-1.0000,-1.0000,-1.0000,-1.0000,-1.0000,-1.0000,-1.0000,-1.0000,-1,-1,-1,-1,-1,-1,-1,-1,-1,0,0,3227013099829,14.1502,3.3125,0.0148,-1,-1,142,7006,2241
streaming,36,67.8223,-1,65.4295,-1.0000,-1.0000,-1.0000,-1.0000,-1.0000,-1.0000,-1.0000,-1.0000,-1.0000,-1,-1,-1,-1,-1,-1,-1,-1,-1,0,0,3227013241714,7.4159,4.3543,63.0530,-1,-1,142,6996,2228
streaming,37,68.8496,-1,67.5164,-1.0000,-1.0000,-1.0000,-1.0000,-1.0000,-1.0000,-1.0000,-1.0000,-1.0000,-1,-1,-1,-1,-1,-1,-1,-1,-1,0,0,3227013946481,20.0291,2.8008,45.2898,-1,-1,142,7002,2224
streaming,38,65.9243,-1,67.4281,-1.0000,-1.0000,-1.0000,-1.0000,-1.0000,-1.0000,-1.0000,-1.0000,-1.0000,-1,-1,-1,-1,-1,-1,-1,-1,-1,0,0,3227014599778,21.0797,5.0425,46.9534,-1,-1,142,6960,2206
streaming,39,28.1375,-1,64.5407,-1.0000,-1.0000,-1.0000,-1.0000,-1.0000,-1.0000,-1.0000,-1.0000,-1.0000,-1,-1,-1,-1,-1,-1,-1,-1,-1,0,0,3227015280288,50.1045,3.7041,17.6695,-1,-1,142,6960,2209
streaming,73,31.4215,-1,-1.0000,-1.0000,-1.0000,-1.0000,-1.0000,-1.0000,-1.0000,-1.0000,-1.0000,-1.0000,-1,-1,-1,-1,-1,-1,-1,-1,-1,0,0,3227021300311,9.1298,3.5850,2.1134,-1,-1,138,6755,2111
streaming,74,32.0335,-1,19.1793,-1.0000,-1.0000,-1.0000,-1.0000,-1.0000,-1.0000,-1.0000,-1.0000,-1.0000,-1,-1,-1,-1,-1,-1,-1,-1,-1,0,0,3227021412881,7.1340,3.8058,10.0495,-1,-1,138,6754,2108
streaming,84,47.8852,-1,16.0625,-1.0000,-1.0000,-1.0000,-1.0000,-1.0000,-1.0000,-1.0000,-1.0000,-1.0000,-1,-1,-1,-1,-1,-1,-1,-1,-1,0,0,3227023152548,7.9230,4.3267,4.8306,-1,-1,139,6720,2094
streaming,85,62.6279,-1,46.9770,-1.0000,-1.0000,-1.0000,-1.0000,-1.0000,-1.0000,-1.0000,-1.0000,-1.0000,-1,-1,-1,-1,-1,-1,-1,-1,-1,0,0,3227023280154,9.2551,3.8516,0.7816,-1,-1,139,6723,2094
streaming,86,62.6126,-1,61.3427,-1.0000,-1.0000,-1.0000,-1.0000,-1.0000,-1.0000,-1.0000,-1.0000,-1.0000,-1,-1,-1,-1,-1,-1,-1,-1,-1,0,0,3227023380622,6.4918,3.3412,12.2123,-1,-1,136,6717,2091
streaming,87,62.7561,-1,61.3601,-1.0000,-1.0000,-1.0000,-1.0000,-1.0000,-1.0000,-1.0000,-1.0000,-1.0000,-1,-1,-1,-1,-1,-1,-1,-1,-1,0,0,3227023567716,10.4384,10.1528,37.4500,-1,-1,137,6710,2082
streaming,88,62.2406,-1,61.6517,-1.0000,-1.0000,-1.0000,-1.0000,-1.0000,-1.0000,-1.0000,-1.0000,-1.0000,-1,-1,-1,-1,-1,-1,-1,-1,-1,0,0,3227024046784,42.2741,5.3844,20.3216,-1,-1,137,6701,2076
streaming,89,62.6351,-1,61.7050,-1.0000,-1.0000,-1.0000,-1.0000,-1.0000,-1.0000,-1.0000,-1.0000,-1.0000,-1,-1,-1,-1,-1,-1,-1,-1,-1,0,0,3227024673073,34.8971,3.6307,27.6729,-1,-1,137,6709,2069
streaming,90,38.1793,-1,61.5887,-1.0000,-1.0000,-1.0000,-1.0000,-1.0000,-1.0000,-1.0000,-1.0000,-1.0000,-1,-1,-1,-1,-1,-1,-1,-1,-1,0,0,3227025299045,20.4016,6.1448,42.3363,-1,-1,135,6707,2063
streaming,91,29.3809,-1,-1.0000,-1.0000,-1.0000,-1.0000,-1.0000,-1.0000,-1.0000,-1.0000,-1.0000,-1.0000,-1,-1,-1,-1,-1,-1,-1,-1,-1,0,0,3227025926796,36.3167,3.8524,25.8734,-1,-1,134,6672,2050
streaming,138,67.9106,-1,9.0335,-1.0000,-1.0000,-1.0000,-1.0000,-1.0000,-1.0000,-1.0000,-1.0000,-1.0000,-1,-1,-1,-1,-1,-1,-1,-1,-1,0,0,3227033268206,8.3061,3.2762,10.4557,-1,-1,136,6499,1950
streaming,139,67.7196,-1,64.6582,-1.0000,-1.0000,-1.0000,-1.0000,-1.0000,-1.0000,-1.0000,-1.0000,-1.0000,-1,-1,-1,-1,-1,-1,-1,-1,-1,0,0,3227033455895,7.2879,3.7529,7.0889,-1,-1,136,6497,1948
streaming,140,65.7665,-1,65.1515,-1.0000,-1.0000,-1.0000,-1.0000,-1.0000,-1.0000,-1.0000,-1.0000,-1.0000,-1,-1,-1,-1,-1,-1,-1,-1,-1,0,0,3227033599786,12.5001,3.7605,0.0088,-1,-1,136,6494,1937
streaming,141,66.8340,-1,65.1571,-1.0000,-1.0000,-1.0000,-1.0000,-1.0000,-1.0000,-1.0000,-1.0000,-1.0000,-1,-1,-1,-1,-1,-1,-1,-1,-1,0,0,3227033725014,6.9385,3.4674,61.0027,-1,-1,132,6389,1895
streaming,142,66.1696,-1,65.3844,-1.0000,-1.0000,-1.0000,-1.0000,-1.0000,-1.0000,-1.0000,-1.0000,-1.0000,-1,-1,-1,-1,-1,-1,-1,-1,-1,0,0,3227034404499,13.2557,2.8023,54.4188,-1,-1,133,6379,1884
streaming,143,66.0426,-1,65.1331,-1.0000,-1.0000,-1.0000,-1.0000,-1.0000,-1.0000,-1.0000,-1.0000,-1.0000,-1,-1,-1,-1,-1,-1,-1,-1,-1,0,0,3227035081387,19.5579,3.7260,46.1936,-1,-1,131,6366,1868
streaming,144,37.1822,-1,-1.0000,-1.0000,-1.0000,-1.0000,-1.0000,-1.0000,-1.0000,-1.0000,-1.0000,-1.0000,-1,-1,-1,-1,-1,-1,-1,-1,-1,0,0,3227035739046,12.1404,3.3077,54.6933,-1,-1,129,6362,1860
streaming,190,51.0309,-1,17.2160,-1.0000,-1.0000,-1.0000,-1.0000,-1.0000,-1.0000,-1.0000,-1.0000,-1.0000,-1,-1,-1,-1,-1,-1,-1,-1,-1,0,0,3227043654406,14.7719,2.8684,0.0093,-1,-1,120,5393,1552
streaming,191,64.8246,-1,50.5595,-1.0000,-1.0000,-1.0000,-1.0000,-1.0000,-1.0000,-1.0000,-1.0000,-1.0000,-1,-1,-1,-1,-1,-1,-1,-1,-1,0,0,3227043802357,7.2281,3.3796,11.0791,-1,-1,120,5392,1549
streaming,192,63.5915,-1,63.3457,-1.0000,-1.0000,-1.0000,-1.0000,-1.0000,-1.0000,-1.0000,-1.0000,-1.0000,-1,-1,-1,-1,-1,-1,-1,-1,-1,0,0,3227043985493,7.4248,2.7302,10.8685,-1,-1,121,5390,1546
streaming,193,51.5946,-1,62.5833,-1.0000,-1.0000,-1.0000,-1.0000,-1.0000,-1.0000,-1.0000,-1.0000,-1.0000,-1,-1,-1,-1,-1,-1,-1,-1,-1,0,0,3227044168543,14.1741,3.0743,36.8621,-1,-1,120,5390,1543
streaming,194,41.8519,-1,-1.0000,-1.0000,-1.0000,-1.0000,-1.0000,-1.0000,-1.0000,-1.0000,-1.0000,-1.0000,-1,-1,-1,-1,-1,-1,-1,-1,-1,0,0,3227044679083,43.2711,3.1850,21.5027,-1,-1,115,5123,1456
streaming,195,25.2906,-1,24.2447,-1.0000,-1.0000,-1.0000,-1.0000,-1.0000,-1.0000,-1.0000,-1.0000,-1.0000,-1,-1,-1,-1,-1,-1,-1,-1,-1,0,0,3227045327119,19.1626,2.9028,44.4175,-1,-1,115,5122,1453
streaming,310,53.7432,-1,18.7945,-1.0000,-1.0000,-1.0000,-1.0000,-1.0000,-1.0000,-1.0000,-1.0000,-1.0000,-1,-1,-1,-1,-1,-1,-1,-1,-1,0,0,3227060200359,5.5131,2.5825,8.1716,-1,-1,99,3913,1087
streaming,311,63.0073,-1,51.7023,-1.0000,-1.0000,-1.0000,-1.0000,-1.0000,-1.0000,-1.0000,-1.0000,-1.0000,-1,-1,-1,-1,-1,-1,-1,-1,-1,0,0,3227060337257,7.7341,2.6760,5.6255,-1,-1,99,3911,1085
streaming,312,61.8689,-1,61.5962,-1.0000,-1.0000,-1.0000,-1.0000,-1.0000,-1.0000,-1.0000,-1.0000,-1.0000,-1,-1,-1,-1,-1,-1,-1,-1,-1,0,0,3227060470965,6.4984,2.1266,11.5907,-1,-1,98,3680,1008
streaming,362,46.1921,-1,14.9535,-1.0000,-1.0000,-1.0000,-1.0000,-1.0000,-1.0000,-1.0000,-1.0000,-1.0000,-1,-1,-1,-1,-1,-1,-1,-1,-1,0,0,3227068196080,4.5512,1.7936,9.1450,-1,-1,96,3230,834
streaming,363,62.2962,-1,45.3107,-1.0000,-1.0000,-1.0000,-1.0000,-1.0000,-1.0000,-1.0000,-1.0000,-1.0000,-1,-1,-1,-1,-1,-1,-1,-1,-1,0,0,3227068333102,5.7879,1.5317,3.0823,-1,-1,96,3233,834
streaming,364,62.4097,-1,62.4028,-1.0000,-1.0000,-1.0000,-1.0000,-1.0000,-1.0000,-1.0000,-1.0000,-1.0000,-1,-1,-1,-1,-1,-1,-1,-1,-1,0,0,3227068421897,4.4274,2.6040,12.0398,-1,-1,96,3037,771
streaming,365,62.2033,-1,61.3530,-1.0000,-1.0000,-1.0000,-1.0000,-1.0000,-1.0000,-1.0000,-1.0000,-1.0000,-1,-1,-1,-1,-1,-1,-1,-1,-1,0,0,3227068586670,12.1734,2.0253,34.0084,-1,-1,96,3039,766
streaming,366,61.7117,-1,60.3279,-1.0000,-1.0000,-1.0000,-1.0000,-1.0000,-1.0000,-1.0000,-1.0000,-1.0000,-1,-1,-1,-1,-1,-1,-1,-1,-1,0,0,3227069048605,14.6826,1.7839,47.6061,-1,-1,96,3036,759
streaming,367,61.3228,-1,60.0980,-1.0000,-1.0000,-1.0000,-1.0000,-1.0000,-1.0000,-1.0000,-1.0000,-1.0000,-1,-1,-1,-1,-1,-1,-1,-1,-1,0,0,3227069671588,13.0248,1.6690,49.3704,-1,-1,93,3041,757
streaming,368,61.1321,-1,60.1426,-1.0000,-1.0000,-1.0000,-1.0000,-1.0000,-1.0000,-1.0000,-1.0000,-1.0000,-1,-1,-1,-1,-1,-1,-1,-1,-1,0,0,3227070295666,17.5348,1.9192,44.6580,-1,-1,92,3049,756
streaming,419,39.9264,-1,8.8719,-1.0000,-1.0000,-1.0000,-1.0000,-1.0000,-1.0000,-1.0000,-1.0000,-1.0000,-1,-1,-1,-1,-1,-1,-1,-1,-1,0,0,3227078466221,6.9056,1.8261,2.5238,-1,-1,81,2496,566
streaming,420,63.3386,-1,39.2328,-1.0000,-1.0000,-1.0000,-1.0000,-1.0000,-1.0000,-1.0000,-1.0000,-1.0000,-1,-1,-1,-1,-1,-1,-1,-1,-1,0,0,3227078560593,6.7559,1.4506,2.7853,-1,-1,81,2496,566
streaming,421,61.1351,-1,61.3985,-1.0000,-1.0000,-1.0000,-1.0000,-1.0000,-1.0000,-1.0000,-1.0000,-1.0000,-1,-1,-1,-1,-1,-1,-1,-1,-1,0,0,3227078656102,3.9300,1.4034,6.2168,-1,-1,81,2497,565
streaming,422,62.1863,-1,60.4772,-1.0000,-1.0000,-1.0000,-1.0000,-1.0000,-1.0000,-1.0000,-1.0000,-1.0000,-1,-1,-1,-1,-1,-1,-1,-1,-1,0,0,3227078757665,4.7302,1.5560,35.1903,-1,-1,79,2413,533
streaming,423,59.8086,-1,60.1948,-1.0000,-1.0000,-1.0000,-1.0000,-1.0000,-1.0000,-1.0000,-1.0000,-1.0000,-1,-1,-1,-1,-1,-1,-1,-1,-1,0,0,3227079156974,8.3890,1.3357,54.9534,-1,-1,79,2417,535
streaming,424,62.3161,-1,60.3791,-1.0000,-1.0000,-1.0000,-1.0000,-1.0000,-1.0000,-1.0000,-1.0000,-1.0000,-1,-1,-1,-1,-1,-1,-1,-1,-1,0,0,3227079790574,18.9425,1.6930,42.1431,-1,-1,79,2425,537
streaming,425,60.6040,-1,59.9798,-1.0000,-1.0000,-1.0000,-1.0000,-1.0000,-1.0000,-1.0000,-1.0000,-1.0000,-1,-1,-1,-1,-1,-1,-1,-1,-1,0,0,3227080401725,11.1476,1.8506,51.0409,-1,-1,79,2430,538
streaming,477,54.0174,-1,9.5964,-1.0000,-1.0000,-1.0000,-1.0000,-1.0000,-1.0000,-1.0000,-1.0000,-1.0000,-1,-1,-1,-1,-1,-1,-1,-1,-1,0,0,3227088709497,4.7216,1.4256,8.2357,-1,-1,75,2282,538
streaming,478,60.9838,-1,52.6218,-1.0000,-1.0000,-1.0000,-1.0000,-1.0000,-1.0000,-1.0000,-1.0000,-1.0000,-1,-1,-1,-1,-1,-1,-1,-1,-1,0,0,3227088839129,6.1081,1.6917,4.8402,-1,-1,75,2282,538
streaming,479,59.0187,-1,60.0184,-1.0000,-1.0000,-1.0000,-1.0000,-1.0000,-1.0000,-1.0000,-1.0000,-1.0000,-1,-1,-1,-1,-1,-1,-1,-1,-1,0,0,3227088948727,4.0564,1.4267,5.3472,-1,-1,75,2282,538
streaming,480,62.2060,-1,58.5879,-1.0000,-1.0000,-1.0000,-1.0000,-1.0000,-1.0000,-1.0000,-1.0000,-1.0000,-1,-1,-1,-1,-1,-1,-1,-1,-1,0,0,3227089042870,10.0853,2.5354,43.9381,-1,-1,75,2286,540
streaming,481,60.7355,-1,60.5140,-1.0000,-1.0000,-1.0000,-1.0000,-1.0000,-1.0000,-1.0000,-1.0000,-1.0000,-1,-1,-1,-1,-1,-1,-1,-1,-1,0,0,3227089583294,36.8576,1.8242,24.0845,-1,-1,75,2287,538
streaming,482,60.1406,-1,59.4719,-1.0000,-1.0000,-1.0000,-1.0000,-1.0000,-1.0000,-1.0000,-1.0000,-1.0000,-1,-1,-1,-1,-1,-1,-1,-1,-1,0,0,3227090192952,18.1118,1.9164,40.8909,-1,-1,75,2285,536
streaming,483,52.0952,-1,58.7835,-1.0000,-1.0000,-1.0000,-1.0000,-1.0000,-1.0000,-1.0000,-1.0000,-1.0000,-1,-1,-1,-1,-1,-1,-1,-1,-1,0,0,3227090783124,12.4432,1.7536,49.7512,-1,-1,75,2285,536
streaming,519,33.2800,-1,19.4348,-1.0000,-1.0000,-1.0000,-1.0000,-1.0000,-1.0000,-1.0000,-1.0000,-1.0000,-1,-1,-1,-1,-1,-1,-1,-1,-1,0,0,3227096820317,7.1795,1.7932,6.6215,-1,-1,75,2308,526
streaming,520,31.4678,-1,-1.0000,-1.0000,-1.0000,-1.0000,-1.0000,-1.0000,-1.0000,-1.0000,-1.0000,-1.0000,-1,-1,-1,-1,-1,-1,-1,-1,-1,0,0,3227096958440,5.5625,1.5314,8.0804,-1,-1,75,2310,526
streaming,521,27.3094,-1,26.3355,-1.0000,-1.0000,-1.0000,-1.0000,-1.0000,-1.0000,-1.0000,-1.0000,-1.0000,-1,-1,-1,-1,-1,-1,-1,-1,-1,0,0,3227097094952,14.0144,1.9334,5.4764,-1,-1,75,2307,523
streaming,616,24.1554,-1,16.6592,-1.0000,-1.0000,-1.0000,-1.0000,-1.0000,-1.0000,-1.0000,-1.0000,-1.0000,-1,-1,-1,-1,-1,-1,-1,-1,-1,0,0,3227109353044,2.8619,1.3962,8.2431,-1,-1,73,2372,483
streaming,617,26.1189,-1,22.3846,-1.0000,-1.0000,-1.0000,-1.0000,-1.0000,-1.0000,-1.0000,-1.0000,-1.0000,-1,-1,-1,-1,-1,-1,-1,-1,-1,0,0,3227109464196,2.7951,2.0843,8.3061,-1,-1,73,2374,483
streaming,618,26.9768,-1,25.1863,-1.0000,-1.0000,-1.0000,-1.0000,-1.0000,-1.0000,-1.0000,-1.0000,-1.0000,-1,-1,-1,-1,-1,-1,-1,-1,-1,0,0,3227109575306,11.0354,1.4416,2.1097,-1,-1,73,2374,483
streaming,619,26.7111,-1,26.6685,-1.0000,-1.0000,-1.0000,-1.0000,-1.0000,-1.0000,-1.0000,-1.0000,-1.0000,-1,-1,-1,-1,-1,-1,-1,-1,-1,0,0,3227109706851,2.3625,1.4177,21.7852,-1,-1,73,2373,482
streaming,620,25.1204,-1,25.9830,-1.0000,-1.0000,-1.0000,-1.0000,-1.0000,-1.0000,-1.0000,-1.0000,-1.0000,-1,-1,-1,-1,-1,-1,-1,-1,-1,0,0,3227109948444,2.8322,1.3280,23.2752,-1,-1,73,2378,485
streaming,621,27.6300,-1,26.2095,-1.0000,-1.0000,-1.0000,-1.0000,-1.0000,-1.0000,-1.0000,-1.0000,-1.0000,-1,-1,-1,-1,-1,-1,-1,-1,-1,0,0,3227110209631,7.5506,2.0575,19.4159,-1,-1,73,2384,486
streaming,622,25.1595,-1,26.2584,-1.0000,-1.0000,-1.0000,-1.0000,-1.0000,-1.0000,-1.0000,-1.0000,-1.0000,-1,-1,-1,-1,-1,-1,-1,-1,-1,0,0,3227110479407,3.4388,1.2763,23.2599,-1,-1,73,2390,490
streaming,825,31.2868,-1,-1.0000,-1.0000,-1.0000,-1.0000,-1.0000,-1.0000,-1.0000,-1.0000,-1.0000,-1.0000,-1,-1,-1,-1,-1,-1,-1,-1,-1,0,0,3227135214815,2.3363,1.8049,15.3436,-1,-1,65,2304,478
