workload,frame,frame_ms,gc_bytes,gpu_ms,RR.UI,RR.Streaming,RR.IndustryTick,RR.MachineViews,RR.WeatherViews,RR.TorchRefresh,RR.PassiveTick,RR.HostileTick,RR.SurvivalTick,alloc_RR.UI,alloc_RR.Streaming,alloc_RR.IndustryTick,alloc_RR.MachineViews,alloc_RR.WeatherViews,alloc_RR.TorchRefresh,alloc_RR.PassiveTick,alloc_RR.HostileTick,alloc_RR.SurvivalTick,machine_views_created,crate_views_created,timing_timestamp,cpu_main_ms,cpu_render_ms,present_wait_ms,draw_calls,batches,set_pass,srp_draw_calls,shadow_casters
terrain-day,593,24.4945,-1,4.7229,-1.0000,-1.0000,-1.0000,-1.0000,-1.0000,-1.0000,-1.0000,-1.0000,-1.0000,-1,-1,-1,-1,-1,-1,-1,-1,-1,0,0,3274485409248,3.9808,1.2811,7.1260,-1,-1,45,1714,362
terrain-day,594,29.6323,-1,29.1553,-1.0000,-1.0000,-1.0000,-1.0000,-1.0000,-1.0000,-1.0000,-1.0000,-1.0000,-1,-1,-1,-1,-1,-1,-1,-1,-1,0,0,3274485520455,2.4068,0.7779,8.6834,-1,-1,45,1714,362
terrain-day,595,29.5510,-1,29.0266,-1.0000,-1.0000,-1.0000,-1.0000,-1.0000,-1.0000,-1.0000,-1.0000,-1.0000,-1,-1,-1,-1,-1,-1,-1,-1,-1,0,0,3274485631467,1.7797,0.9205,9.3192,-1,-1,45,1714,362
terrain-day,596,28.3259,-1,29.2101,-1.0000,-1.0000,-1.0000,-1.0000,-1.0000,-1.0000,-1.0000,-1.0000,-1.0000,-1,-1,-1,-1,-1,-1,-1,-1,-1,0,0,3274485742569,2.0474,1.0353,22.4403,-1,-1,45,1714,362
terrain-day,597,29.7549,-1,28.8353,-1.0000,-1.0000,-1.0000,-1.0000,-1.0000,-1.0000,-1.0000,-1.0000,-1.0000,-1,-1,-1,-1,-1,-1,-1,-1,-1,0,0,3274485987551,2.9504,0.9384,26.6689,-1,-1,45,1714,362
terrain-day,598,29.3470,-1,28.3013,-1.0000,-1.0000,-1.0000,-1.0000,-1.0000,-1.0000,-1.0000,-1.0000,-1.0000,-1,-1,-1,-1,-1,-1,-1,-1,-1,0,0,3274486283870,2.2222,0.8447,27.3181,-1,-1,45,1714,362
terrain-day,599,28.7144,-1,28.5591,-1.0000,-1.0000,-1.0000,-1.0000,-1.0000,-1.0000,-1.0000,-1.0000,-1.0000,-1,-1,-1,-1,-1,-1,-1,-1,-1,0,0,3274486579371,3.3139,0.9386,25.0020,-1,-1,45,1714,362
inventory-idle,39,34.2315,-1,20.8015,-1.0000,-1.0000,-1.0000,-1.0000,-1.0000,-1.0000,-1.0000,-1.0000,-1.0000,-1,-1,-1,-1,-1,-1,-1,-1,-1,0,0,3274506996502,3.1451,1.3141,7.9535,-1,-1,69,1720,368
inventory-idle,40,30.3821,-1,32.3868,-1.0000,-1.0000,-1.0000,-1.0000,-1.0000,-1.0000,-1.0000,-1.0000,-1.0000,-1,-1,-1,-1,-1,-1,-1,-1,-1,0,0,3274507107605,2.6764,0.9868,8.4261,-1,-1,69,1720,368
inventory-idle,41,33.8193,-1,32.8154,-1.0000,-1.0000,-1.0000,-1.0000,-1.0000,-1.0000,-1.0000,-1.0000,-1.0000,-1,-1,-1,-1,-1,-1,-1,-1,-1,0,0,3274507218722,2.2597,1.0104,15.7603,-1,-1,69,1720,368
inventory-idle,42,33.6455,-1,32.7017,-1.0000,-1.0000,-1.0000,-1.0000,-1.0000,-1.0000,-1.0000,-1.0000,-1.0000,-1,-1,-1,-1,-1,-1,-1,-1,-1,0,0,3274507399039,3.3525,1.7342,30.8679,-1,-1,69,1720,368
inventory-idle,43,35.2427,-1,32.5345,-1.0000,-1.0000,-1.0000,-1.0000,-1.0000,-1.0000,-1.0000,-1.0000,-1.0000,-1,-1,-1,-1,-1,-1,-1,-1,-1,0,0,3274507741366,2.3594,1.7677,28.0111,-1,-1,69,1720,368
inventory-idle,44,34.4211,-1,34.9176,-1.0000,-1.0000,-1.0000,-1.0000,-1.0000,-1.0000,-1.0000,-1.0000,-1.0000,-1,-1,-1,-1,-1,-1,-1,-1,-1,0,0,3274508045207,3.6831,1.0558,30.1218,-1,-1,69,1720,368
factory-192,197,30.0276,-1,12.1055,-1.0000,-1.0000,-1.0000,-1.0000,-1.0000,-1.0000,-1.0000,-1.0000,-1.0000,-1,-1,-1,-1,-1,-1,-1,-1,-1,0,0,3274800320293,3.1752,1.2369,7.9216,-1,-1,61,2558,492
factory-192,198,50.6878,-1,32.5814,-1.0000,-1.0000,-1.0000,-1.0000,-1.0000,-1.0000,-1.0000,-1.0000,-1.0000,-1,-1,-1,-1,-1,-1,-1,-1,-1,0,0,3274800431385,3.4669,1.2636,7.6367,-1,-1,61,2558,492
factory-192,199,48.5836,-1,48.5640,-1.0000,-1.0000,-1.0000,-1.0000,-1.0000,-1.0000,-1.0000,-1.0000,-1.0000,-1,-1,-1,-1,-1,-1,-1,-1,-1,0,0,3274800542575,2.5917,1.4599,8.4987,-1,-1,61,2558,492
factory-192,200,47.6493,-1,48.2724,-1.0000,-1.0000,-1.0000,-1.0000,-1.0000,-1.0000,-1.0000,-1.0000,-1.0000,-1,-1,-1,-1,-1,-1,-1,-1,-1,0,0,3274800653615,4.3918,1.2870,25.6266,-1,-1,61,2558,492
factory-192,201,47.7937,-1,47.7599,-1.0000,-1.0000,-1.0000,-1.0000,-1.0000,-1.0000,-1.0000,-1.0000,-1.0000,-1,-1,-1,-1,-1,-1,-1,-1,-1,0,0,3274800953931,3.8002,1.2971,46.8729,-1,-1,61,2558,492
factory-192,202,48.1942,-1,48.0115,-1.0000,-1.0000,-1.0000,-1.0000,-1.0000,-1.0000,-1.0000,-1.0000,-1.0000,-1,-1,-1,-1,-1,-1,-1,-1,-1,0,0,3274801460793,3.8211,1.1948,44.7506,-1,-1,61,2558,492
factory-192,203,48.2173,-1,47.6790,-1.0000,-1.0000,-1.0000,-1.0000,-1.0000,-1.0000,-1.0000,-1.0000,-1.0000,-1,-1,-1,-1,-1,-1,-1,-1,-1,0,0,3274801946633,3.9535,1.3608,43.6811,-1,-1,61,2558,492
factory-192,204,31.3623,-1,47.6508,-1.0000,-1.0000,-1.0000,-1.0000,-1.0000,-1.0000,-1.0000,-1.0000,-1.0000,-1,-1,-1,-1,-1,-1,-1,-1,-1,0,0,3274802423129,3.9132,1.3389,43.8695,-1,-1,61,2558,492
factory-192,252,37.2046,-1,5.8335,-1.0000,-1.0000,-1.0000,-1.0000,-1.0000,-1.0000,-1.0000,-1.0000,-1.0000,-1,-1,-1,-1,-1,-1,-1,-1,-1,0,0,3274809026624,4.1943,1.8791,6.9035,-1,-1,61,2558,492
factory-192,253,49.2421,-1,41.3532,-1.0000,-1.0000,-1.0000,-1.0000,-1.0000,-1.0000,-1.0000,-1.0000,-1.0000,-1,-1,-1,-1,-1,-1,-1,-1,-1,0,0,3274809137685,3.5804,1.1724,7.5183,-1,-1,61,2558,492
factory-192,254,49.5382,-1,48.6185,-1.0000,-1.0000,-1.0000,-1.0000,-1.0000,-1.0000,-1.0000,-1.0000,-1.0000,-1,-1,-1,-1,-1,-1,-1,-1,-1,0,0,3274809248840,2.4102,1.3661,8.6863,-1,-1,61,2558,492
factory-192,255,49.0225,-1,48.5501,-1.0000,-1.0000,-1.0000,-1.0000,-1.0000,-1.0000,-1.0000,-1.0000,-1.0000,-1,-1,-1,-1,-1,-1,-1,-1,-1,0,0,3274809359924,4.6978,1.3377,32.4940,-1,-1,61,2558,492
factory-192,256,47.8192,-1,48.4920,-1.0000,-1.0000,-1.0000,-1.0000,-1.0000,-1.0000,-1.0000,-1.0000,-1.0000,-1,-1,-1,-1,-1,-1,-1,-1,-1,0,0,3274809731961,4.0468,1.5428,45.1832,-1,-1,61,2558,492
factory-192,257,47.7837,-1,47.6728,-1.0000,-1.0000,-1.0000,-1.0000,-1.0000,-1.0000,-1.0000,-1.0000,-1.0000,-1,-1,-1,-1,-1,-1,-1,-1,-1,0,0,3274810224379,3.4003,1.2647,46.1262,-1,-1,61,2558,492
factory-192,258,28.3433,-1,47.5533,-1.0000,-1.0000,-1.0000,-1.0000,-1.0000,-1.0000,-1.0000,-1.0000,-1.0000,-1,-1,-1,-1,-1,-1,-1,-1,-1,0,0,3274810719752,3.6702,1.2528,45.3567,-1,-1,61,2558,492
factory-192,319,28.4967,-1,15.3989,-1.0000,-1.0000,-1.0000,-1.0000,-1.0000,-1.0000,-1.0000,-1.0000,-1.0000,-1,-1,-1,-1,-1,-1,-1,-1,-1,0,0,3274818719060,2.8215,1.4932,8.2844,-1,-1,61,2558,492
factory-192,320,48.5375,-1,27.6641,-1.0000,-1.0000,-1.0000,-1.0000,-1.0000,-1.0000,-1.0000,-1.0000,-1.0000,-1,-1,-1,-1,-1,-1,-1,-1,-1,0,0,3274818830263,4.2822,1.1711,6.8055,-1,-1,61,2558,492
factory-192,321,48.9788,-1,48.6723,-1.0000,-1.0000,-1.0000,-1.0000,-1.0000,-1.0000,-1.0000,-1.0000,-1.0000,-1,-1,-1,-1,-1,-1,-1,-1,-1,0,0,3274818941257,2.7200,1.1053,9.9188,-1,-1,61,2558,492
factory-192,322,49.8958,-1,48.8246,-1.0000,-1.0000,-1.0000,-1.0000,-1.0000,-1.0000,-1.0000,-1.0000,-1.0000,-1,-1,-1,-1,-1,-1,-1,-1,-1,0,0,3274819067736,2.5168,4.4364,25.9930,-1,-1,61,2558,492
factory-192,323,47.6940,-1,48.3674,-1.0000,-1.0000,-1.0000,-1.0000,-1.0000,-1.0000,-1.0000,-1.0000,-1.0000,-1,-1,-1,-1,-1,-1,-1,-1,-1,0,0,3274819353049,13.5713,4.3047,34.9383,-1,-1,61,2558,492
factory-192,324,47.6017,-1,47.9194,-1.0000,-1.0000,-1.0000,-1.0000,-1.0000,-1.0000,-1.0000,-1.0000,-1.0000,-1,-1,-1,-1,-1,-1,-1,-1,-1,0,0,3274819838548,12.3294,2.5182,36.5947,-1,-1,61,2558,492
factory-192,325,48.4024,-1,47.4972,-1.0000,-1.0000,-1.0000,-1.0000,-1.0000,-1.0000,-1.0000,-1.0000,-1.0000,-1,-1,-1,-1,-1,-1,-1,-1,-1,0,0,3274820328134,9.6545,4.5038,40.2103,-1,-1,61,2558,492
factory-192,326,48.8831,-1,47.8257,-1.0000,-1.0000,-1.0000,-1.0000,-1.0000,-1.0000,-1.0000,-1.0000,-1.0000,-1,-1,-1,-1,-1,-1,-1,-1,-1,0,0,3274820827100,12.1501,2.8207,35.5020,-1,-1,61,2558,492
factory-192,390,48.7080,-1,12.6095,-1.0000,-1.0000,-1.0000,-1.0000,-1.0000,-1.0000,-1.0000,-1.0000,-1.0000,-1,-1,-1,-1,-1,-1,-1,-1,-1,0,0,3274829516816,2.4677,1.2851,6.5178,-1,-1,61,2558,492
factory-192,391,48.0290,-1,47.6692,-1.0000,-1.0000,-1.0000,-1.0000,-1.0000,-1.0000,-1.0000,-1.0000,-1.0000,-1,-1,-1,-1,-1,-1,-1,-1,-1,0,0,3274829606783,2.3834,2.9069,10.3233,-1,-1,61,2558,492
factory-192,392,48.6247,-1,47.9278,-1.0000,-1.0000,-1.0000,-1.0000,-1.0000,-1.0000,-1.0000,-1.0000,-1.0000,-1,-1,-1,-1,-1,-1,-1,-1,-1,0,0,3274829734041,6.6899,1.6786,4.3859,-1,-1,61,2558,492
factory-192,393,50.9786,-1,48.0837,-1.0000,-1.0000,-1.0000,-1.0000,-1.0000,-1.0000,-1.0000,-1.0000,-1.0000,-1,-1,-1,-1,-1,-1,-1,-1,-1,0,0,3274829845068,5.8966,1.6861,42.8264,-1,-1,61,2558,492
factory-192,394,48.6216,-1,49.0844,-1.0000,-1.0000,-1.0000,-1.0000,-1.0000,-1.0000,-1.0000,-1.0000,-1.0000,-1,-1,-1,-1,-1,-1,-1,-1,-1,0,0,3274830332479,5.2757,1.4781,42.7070,-1,-1,61,2558,492
factory-192,395,48.7748,-1,47.7688,-1.0000,-1.0000,-1.0000,-1.0000,-1.0000,-1.0000,-1.0000,-1.0000,-1.0000,-1,-1,-1,-1,-1,-1,-1,-1,-1,0,0,3274830812452,3.3312,1.3330,45.2766,-1,-1,61,2558,492
factory-192,396,38.6314,-1,47.8144,-1.0000,-1.0000,-1.0000,-1.0000,-1.0000,-1.0000,-1.0000,-1.0000,-1.0000,-1,-1,-1,-1,-1,-1,-1,-1,-1,0,0,3274831298660,3.8229,1.8232,47.1454,-1,-1,61,2558,492
factory-192,523,48.5856,-1,23.8874,-1.0000,-1.0000,-1.0000,-1.0000,-1.0000,-1.0000,-1.0000,-1.0000,-1.0000,-1,-1,-1,-1,-1,-1,-1,-1,-1,0,0,3274847599884,2.6364,1.2173,8.4618,-1,-1,61,2557,491
factory-192,524,49.6085,-1,48.8310,-1.0000,-1.0000,-1.0000,-1.0000,-1.0000,-1.0000,-1.0000,-1.0000,-1.0000,-1,-1,-1,-1,-1,-1,-1,-1,-1,0,0,3274847710960,2.4120,1.2955,8.6886,-1,-1,61,2557,491
factory-192,525,48.2716,-1,48.4536,-1.0000,-1.0000,-1.0000,-1.0000,-1.0000,-1.0000,-1.0000,-1.0000,-1.0000,-1,-1,-1,-1,-1,-1,-1,-1,-1,0,0,3274847822060,3.0897,3.0517,17.1207,-1,-1,61,2557,491
factory-192,526,48.7297,-1,48.7137,-1.0000,-1.0000,-1.0000,-1.0000,-1.0000,-1.0000,-1.0000,-1.0000,-1.0000,-1,-1,-1,-1,-1,-1,-1,-1,-1,0,0,3274848024350,12.2413,1.2772,36.2379,-1,-1,61,2557,491
factory-192,527,48.9880,-1,48.1772,-1.0000,-1.0000,-1.0000,-1.0000,-1.0000,-1.0000,-1.0000,-1.0000,-1.0000,-1,-1,-1,-1,-1,-1,-1,-1,-1,0,0,3274848509370,3.9143,1.2019,45.6863,-1,-1,61,2557,491
factory-192,528,48.4700,-1,48.3761,-1.0000,-1.0000,-1.0000,-1.0000,-1.0000,-1.0000,-1.0000,-1.0000,-1.0000,-1,-1,-1,-1,-1,-1,-1,-1,-1,0,0,3274849005486,3.7878,2.7585,44.4768,-1,-1,61,2557,491
factory-192,529,46.9047,-1,48.4352,-1.0000,-1.0000,-1.0000,-1.0000,-1.0000,-1.0000,-1.0000,-1.0000,-1.0000,-1,-1,-1,-1,-1,-1,-1,-1,-1,0,0,3274849488300,8.5300,2.4748,40.1765,-1,-1,61,2557,491
factory-192,589,39.4482,-1,17.7300,-1.0000,-1.0000,-1.0000,-1.0000,-1.0000,-1.0000,-1.0000,-1.0000,-1.0000,-1,-1,-1,-1,-1,-1,-1,-1,-1,0,0,3274857584108,3.0743,1.2217,8.0132,-1,-1,61,2556,490
factory-192,590,49.0598,-1,38.0150,-1.0000,-1.0000,-1.0000,-1.0000,-1.0000,-1.0000,-1.0000,-1.0000,-1.0000,-1,-1,-1,-1,-1,-1,-1,-1,-1,0,0,3274857695110,3.2313,1.2449,7.8679,-1,-1,61,2556,490
factory-192,591,49.2801,-1,48.5379,-1.0000,-1.0000,-1.0000,-1.0000,-1.0000,-1.0000,-1.0000,-1.0000,-1.0000,-1,-1,-1,-1,-1,-1,-1,-1,-1,0,0,3274857806204,2.7821,1.3667,10.9022,-1,-1,61,2556,490
factory-192,592,49.4203,-1,48.7816,-1.0000,-1.0000,-1.0000,-1.0000,-1.0000,-1.0000,-1.0000,-1.0000,-1.0000,-1,-1,-1,-1,-1,-1,-1,-1,-1,0,0,3274857943139,3.8081,1.0562,35.6330,-1,-1,61,2556,490
factory-192,593,48.2714,-1,48.9408,-1.0000,-1.0000,-1.0000,-1.0000,-1.0000,-1.0000,-1.0000,-1.0000,-1.0000,-1,-1,-1,-1,-1,-1,-1,-1,-1,0,0,3274858337654,3.6656,1.7217,45.3977,-1,-1,61,2556,490
factory-192,594,49.0461,-1,48.0502,-1.0000,-1.0000,-1.0000,-1.0000,-1.0000,-1.0000,-1.0000,-1.0000,-1.0000,-1,-1,-1,-1,-1,-1,-1,-1,-1,0,0,3274858828484,11.7650,1.1154,37.4651,-1,-1,61,2556,490
factory-192,595,48.5512,-1,48.4037,-1.0000,-1.0000,-1.0000,-1.0000,-1.0000,-1.0000,-1.0000,-1.0000,-1.0000,-1,-1,-1,-1,-1,-1,-1,-1,-1,0,0,3274859321058,2.3756,1.3293,47.0312,-1,-1,61,2556,490
factory-192,596,48.8616,-1,48.1894,-1.0000,-1.0000,-1.0000,-1.0000,-1.0000,-1.0000,-1.0000,-1.0000,-1.0000,-1,-1,-1,-1,-1,-1,-1,-1,-1,0,0,3274859815258,3.5867,1.4707,44.6722,-1,-1,61,2556,490
stress-factory-farm-mobs-clear,81,25.5298,-1,13.1195,-1.0000,-1.0000,-1.0000,-1.0000,-1.0000,-1.0000,-1.0000,-1.0000,-1.0000,-1,-1,-1,-1,-1,-1,-1,-1,-1,0,0,3276273273770,4.5320,3.9685,7.1515,-1,-1,171,7253,2437
stress-factory-farm-mobs-clear,82,27.6334,-1,22.9786,-1.0000,-1.0000,-1.0000,-1.0000,-1.0000,-1.0000,-1.0000,-1.0000,-1.0000,-1,-1,-1,-1,-1,-1,-1,-1,-1,0,0,3276273390714,5.1833,4.6680,7.3702,-1,-1,171,7253,2437
stress-factory-farm-mobs-clear,83,30.3229,-1,27.4232,-1.0000,-1.0000,-1.0000,-1.0000,-1.0000,-1.0000,-1.0000,-1.0000,-1.0000,-1,-1,-1,-1,-1,-1,-1,-1,-1,0,0,3276273516375,12.7784,3.2508,0.6232,-1,-1,171,7253,2437
stress-factory-farm-mobs-clear,84,28.6594,-1,29.0015,-1.0000,-1.0000,-1.0000,-1.0000,-1.0000,-1.0000,-1.0000,-1.0000,-1.0000,-1,-1,-1,-1,-1,-1,-1,-1,-1,0,0,3276273650526,6.2313,3.5008,19.2943,-1,-1,171,7253,2437
stress-factory-farm-mobs-clear,85,28.3067,-1,28.6003,-1.0000,-1.0000,-1.0000,-1.0000,-1.0000,-1.0000,-1.0000,-1.0000,-1.0000,-1,-1,-1,-1,-1,-1,-1,-1,-1,0,0,3276273905842,4.8991,3.1393,22.7230,-1,-1,171,7253,2437
stress-factory-farm-mobs-clear,86,28.4434,-1,28.5407,-1.0000,-1.0000,-1.0000,-1.0000,-1.0000,-1.0000,-1.0000,-1.0000,-1.0000,-1,-1,-1,-1,-1,-1,-1,-1,-1,0,0,3276274182181,12.6538,3.7814,17.6565,-1,-1,171,7253,2437
stress-factory-farm-mobs-clear,87,27.2477,-1,28.2747,-1.0000,-1.0000,-1.0000,-1.0000,-1.0000,-1.0000,-1.0000,-1.0000,-1.0000,-1,-1,-1,-1,-1,-1,-1,-1,-1,0,0,3276274485400,11.0353,3.6193,17.6127,-1,-1,171,7253,2437
stress-factory-farm-mobs-clear,88,23.8685,-1,27.4516,-1.0000,-1.0000,-1.0000,-1.0000,-1.0000,-1.0000,-1.0000,-1.0000,-1.0000,-1,-1,-1,-1,-1,-1,-1,-1,-1,0,0,3276274772000,5.5113,3.5149,22.7837,-1,-1,171,7253,2437
stress-factory-farm-mobs-clear,115,24.8262,-1,18.1865,-1.0000,-1.0000,-1.0000,-1.0000,-1.0000,-1.0000,-1.0000,-1.0000,-1.0000,-1,-1,-1,-1,-1,-1,-1,-1,-1,0,0,3276279113092,4.5640,3.1308,13.7305,-1,-1,171,7248,2433
stress-factory-farm-mobs-clear,116,43.5663,-1,24.0812,-1.0000,-1.0000,-1.0000,-1.0000,-1.0000,-1.0000,-1.0000,-1.0000,-1.0000,-1,-1,-1,-1,-1,-1,-1,-1,-1,0,0,3276279296097,5.7635,4.0202,11.7323,-1,-1,171,7248,2433
stress-factory-farm-mobs-clear,117,32.0840,-1,44.0353,-1.0000,-1.0000,-1.0000,-1.0000,-1.0000,-1.0000,-1.0000,-1.0000,-1.0000,-1,-1,-1,-1,-1,-1,-1,-1,-1,0,0,3276279471178,11.0147,3.2793,8.1747,-1,-1,171,7248,2433
stress-factory-farm-mobs-clear,118,28.1434,-1,31.8766,-1.0000,-1.0000,-1.0000,-1.0000,-1.0000,-1.0000,-1.0000,-1.0000,-1.0000,-1,-1,-1,-1,-1,-1,-1,-1,-1,0,0,3276279663161,5.0576,6.4340,19.7737,-1,-1,171,7248,2433
stress-factory-farm-mobs-clear,119,25.5366,-1,27.9747,-1.0000,-1.0000,-1.0000,-1.0000,-1.0000,-1.0000,-1.0000,-1.0000,-1.0000,-1,-1,-1,-1,-1,-1,-1,-1,-1,0,0,3276279911649,12.1316,3.3996,31.3865,-1,-1,171,7244,2433
stress-factory-farm-mobs-clear,120,25.6764,-1,25.9379,-1.0000,-1.0000,-1.0000,-1.0000,-1.0000,-1.0000,-1.0000,-1.0000,-1.0000,-1,-1,-1,-1,-1,-1,-1,-1,-1,0,0,3276280347142,14.8945,3.5033,17.1747,-1,-1,171,7244,2433
stress-factory-farm-mobs-clear,121,23.3137,-1,-1.0000,-1.0000,-1.0000,-1.0000,-1.0000,-1.0000,-1.0000,-1.0000,-1.0000,-1.0000,-1,-1,-1,-1,-1,-1,-1,-1,-1,0,0,3276280667958,11.8721,3.4620,16.2561,-1,-1,171,7244,2434
stress-factory-farm-mobs-clear,122,23.3612,-1,23.1281,-1.0000,-1.0000,-1.0000,-1.0000,-1.0000,-1.0000,-1.0000,-1.0000,-1.0000,-1,-1,-1,-1,-1,-1,-1,-1,-1,0,0,3276280949383,5.1018,3.5690,20.4213,-1,-1,171,7249,2435
stress-factory-farm-mobs-clear,182,22.3643,-1,12.4106,-1.0000,-1.0000,-1.0000,-1.0000,-1.0000,-1.0000,-1.0000,-1.0000,-1.0000,-1,-1,-1,-1,-1,-1,-1,-1,-1,0,0,3276289676285,6.5720,4.5366,9.3894,-1,-1,171,7248,2433
stress-factory-farm-mobs-clear,183,28.5605,-1,22.3027,-1.0000,-1.0000,-1.0000,-1.0000,-1.0000,-1.0000,-1.0000,-1.0000,-1.0000,-1,-1,-1,-1,-1,-1,-1,-1,-1,0,0,3276289835977,5.2153,4.1361,5.0799,-1,-1,170,7248,2432
stress-factory-farm-mobs-clear,184,30.6522,-1,29.0309,-1.0000,-1.0000,-1.0000,-1.0000,-1.0000,-1.0000,-1.0000,-1.0000,-1.0000,-1,-1,-1,-1,-1,-1,-1,-1,-1,0,0,3276289939075,5.8040,4.2551,7.1503,-1,-1,170,7248,2432
stress-factory-farm-mobs-clear,185,28.8619,-1,29.8422,-1.0000,-1.0000,-1.0000,-1.0000,-1.0000,-1.0000,-1.0000,-1.0000,-1.0000,-1,-1,-1,-1,-1,-1,-1,-1,-1,0,0,3276290068729,13.1282,4.0647,9.2249,-1,-1,170,7246,2432
stress-factory-farm-mobs-clear,186,29.8604,-1,29.0099,-1.0000,-1.0000,-1.0000,-1.0000,-1.0000,-1.0000,-1.0000,-1.0000,-1.0000,-1,-1,-1,-1,-1,-1,-1,-1,-1,0,0,3276290292389,5.6869,4.5623,22.8598,-1,-1,170,7244,2432
stress-factory-farm-mobs-clear,187,28.6531,-1,29.7260,-1.0000,-1.0000,-1.0000,-1.0000,-1.0000,-1.0000,-1.0000,-1.0000,-1.0000,-1,-1,-1,-1,-1,-1,-1,-1,-1,0,0,3276290578002,13.3102,4.3785,17.3251,-1,-1,170,7245,2433
stress-factory-farm-mobs-clear,188,28.0455,-1,27.6890,-1.0000,-1.0000,-1.0000,-1.0000,-1.0000,-1.0000,-1.0000,-1.0000,-1.0000,-1,-1,-1,-1,-1,-1,-1,-1,-1,0,0,3276290884505,5.2607,4.3349,23.5860,-1,-1,170,7249,2433
stress-factory-farm-mobs-clear,207,23.2470,-1,22.4297,-1.0000,-1.0000,-1.0000,-1.0000,-1.0000,-1.0000,-1.0000,-1.0000,-1.0000,-1,-1,-1,-1,-1,-1,-1,-1,-1,0,0,3276293789759,4.5032,3.4496,6.8154,-1,-1,170,7248,2431
stress-factory-farm-mobs-clear,356,23.8576,-1,17.2503,-1.0000,-1.0000,-1.0000,-1.0000,-1.0000,-1.0000,-1.0000,-1.0000,-1.0000,-1,-1,-1,-1,-1,-1,-1,-1,-1,0,0,3276314183925,5.0844,3.3943,8.6828,-1,-1,170,7242,2422
stress-factory-farm-mobs-clear,357,26.5454,-1,23.2899,-1.0000,-1.0000,-1.0000,-1.0000,-1.0000,-1.0000,-1.0000,-1.0000,-1.0000,-1,-1,-1,-1,-1,-1,-1,-1,-1,0,0,3276314321652,4.4100,3.1720,9.4863,-1,-1,170,7242,2422
stress-factory-farm-mobs-clear,358,25.5231,-1,26.9947,-1.0000,-1.0000,-1.0000,-1.0000,-1.0000,-1.0000,-1.0000,-1.0000,-1.0000,-1,-1,-1,-1,-1,-1,-1,-1,-1,0,0,3276314460731,10.5884,3.7742,7.1443,-1,-1,170,7242,2422
stress-factory-farm-mobs-clear,359,26.6403,-1,25.7270,-1.0000,-1.0000,-1.0000,-1.0000,-1.0000,-1.0000,-1.0000,-1.0000,-1.0000,-1,-1,-1,-1,-1,-1,-1,-1,-1,0,0,3276314638159,4.4353,3.1157,19.4136,-1,-1,170,7242,2422
stress-factory-farm-mobs-clear,360,27.8018,-1,26.1939,-1.0000,-1.0000,-1.0000,-1.0000,-1.0000,-1.0000,-1.0000,-1.0000,-1.0000,-1,-1,-1,-1,-1,-1,-1,-1,-1,0,0,3276314876742,4.5554,3.5402,21.9799,-1,-1,170,7242,2422
stress-factory-farm-mobs-clear,361,25.2172,-1,27.4452,-1.0000,-1.0000,-1.0000,-1.0000,-1.0000,-1.0000,-1.0000,-1.0000,-1.0000,-1,-1,-1,-1,-1,-1,-1,-1,-1,0,0,3276315142194,14.7199,3.4986,10.7938,-1,-1,170,7238,2422
stress-factory-farm-mobs-clear,362,24.9525,-1,25.2621,-1.0000,-1.0000,-1.0000,-1.0000,-1.0000,-1.0000,-1.0000,-1.0000,-1.0000,-1,-1,-1,-1,-1,-1,-1,-1,-1,0,0,3276315397418,6.6148,3.2669,20.0166,-1,-1,170,7239,2423
stress-factory-farm-mobs-clear,363,24.8293,-1,25.1643,-1.0000,-1.0000,-1.0000,-1.0000,-1.0000,-1.0000,-1.0000,-1.0000,-1.0000,-1,-1,-1,-1,-1,-1,-1,-1,-1,0,0,3276315663823,13.4112,3.4473,14.3818,-1,-1,170,7239,2423
stress-factory-farm-mobs-clear,364,22.3190,-1,25.1635,-1.0000,-1.0000,-1.0000,-1.0000,-1.0000,-1.0000,-1.0000,-1.0000,-1.0000,-1,-1,-1,-1,-1,-1,-1,-1,-1,0,0,3276315941841,4.9174,3.0197,20.2894,-1,-1,170,7244,2424
stress-factory-farm-mobs-clear,406,29.4606,-1,17.9730,-1.0000,-1.0000,-1.0000,-1.0000,-1.0000,-1.0000,-1.0000,-1.0000,-1.0000,-1,-1,-1,-1,-1,-1,-1,-1,-1,0,0,3276322423964,4.5663,4.7305,8.3148,-1,-1,170,7237,2417
stress-factory-farm-mobs-clear,407,58.4669,-1,29.6120,-1.0000,-1.0000,-1.0000,-1.0000,-1.0000,-1.0000,-1.0000,-1.0000,-1.0000,-1,-1,-1,-1,-1,-1,-1,-1,-1,0,0,3276322552885,10.8256,3.7944,2.7206,-1,-1,170,7237,2417
stress-factory-farm-mobs-clear,408,82.1125,-1,58.6217,-1.0000,-1.0000,-1.0000,-1.0000,-1.0000,-1.0000,-1.0000,-1.0000,-1.0000,-1,-1,-1,-1,-1,-1,-1,-1,-1,0,0,3276322688473,5.0830,3.2505,14.6101,-1,-1,170,7236,2416
stress-factory-farm-mobs-clear,409,39.5218,-1,81.5460,-1.0000,-1.0000,-1.0000,-1.0000,-1.0000,-1.0000,-1.0000,-1.0000,-1.0000,-1,-1,-1,-1,-1,-1,-1,-1,-1,0,0,3276322885470,4.7688,3.3050,24.6838,-1,-1,170,7236,2416
stress-factory-farm-mobs-clear,440,32.0265,-1,11.6122,-1.0000,-1.0000,-1.0000,-1.0000,-1.0000,-1.0000,-1.0000,-1.0000,-1.0000,-1,-1,-1,-1,-1,-1,-1,-1,-1,0,0,3276328512154,12.1300,3.1369,0.0076,-1,-1,170,7229,2409
stress-factory-farm-mobs-clear,441,80.7402,-1,31.1542,-1.0000,-1.0000,-1.0000,-1.0000,-1.0000,-1.0000,-1.0000,-1.0000,-1.0000,-1,-1,-1,-1,-1,-1,-1,-1,-1,0,0,3276328633656,4.8618,3.6530,8.2733,-1,-1,170,7229,2409
stress-factory-farm-mobs-clear,442,82.3363,-1,81.1820,-1.0000,-1.0000,-1.0000,-1.0000,-1.0000,-1.0000,-1.0000,-1.0000,-1.0000,-1,-1,-1,-1,-1,-1,-1,-1,-1,0,0,3276328765059,4.3917,3.2358,7.8726,-1,-1,170,7229,2409
stress-factory-farm-mobs-clear,443,81.7290,-1,81.3445,-1.0000,-1.0000,-1.0000,-1.0000,-1.0000,-1.0000,-1.0000,-1.0000,-1.0000,-1,-1,-1,-1,-1,-1,-1,-1,-1,0,0,3276328887809,4.7577,3.4649,27.2606,-1,-1,170,7229,2409
stress-factory-farm-mobs-clear,444,79.0747,-1,81.3901,-1.0000,-1.0000,-1.0000,-1.0000,-1.0000,-1.0000,-1.0000,-1.0000,-1.0000,-1,-1,-1,-1,-1,-1,-1,-1,-1,0,0,3276329208099,12.0598,3.3656,68.6777,-1,-1,170,7226,2410
stress-factory-farm-mobs-clear,445,69.6978,-1,78.8782,-1.0000,-1.0000,-1.0000,-1.0000,-1.0000,-1.0000,-1.0000,-1.0000,-1.0000,-1,-1,-1,-1,-1,-1,-1,-1,-1,0,0,3276330015597,23.8016,3.8317,58.5074,-1,-1,170,7231,2411
stress-factory-farm-mobs-clear,446,28.5696,-1,-1.0000,-1.0000,-1.0000,-1.0000,-1.0000,-1.0000,-1.0000,-1.0000,-1.0000,-1.0000,-1,-1,-1,-1,-1,-1,-1,-1,-1,0,0,3276330838905,18.7335,4.0218,62.9974,-1,-1,170,7232,2412
stress-factory-farm-mobs-clear,490,22.6980,-1,10.6476,-1.0000,-1.0000,-1.0000,-1.0000,-1.0000,-1.0000,-1.0000,-1.0000,-1.0000,-1,-1,-1,-1,-1,-1,-1,-1,-1,0,0,3276338698246,4.5516,3.2085,9.1779,-1,-1,170,7220,2401
stress-factory-farm-mobs-clear,491,25.2430,-1,18.4566,-1.0000,-1.0000,-1.0000,-1.0000,-1.0000,-1.0000,-1.0000,-1.0000,-1.0000,-1,-1,-1,-1,-1,-1,-1,-1,-1,0,0,3276338835600,4.3100,4.9371,8.0007,-1,-1,170,7220,2401
stress-factory-farm-mobs-clear,492,30.2441,-1,24.6648,-1.0000,-1.0000,-1.0000,-1.0000,-1.0000,-1.0000,-1.0000,-1.0000,-1.0000,-1,-1,-1,-1,-1,-1,-1,-1,-1,0,0,3276338958784,11.4910,3.5969,0.0110,-1,-1,170,7220,2401
stress-factory-farm-mobs-clear,493,32.8369,-1,30.1693,-1.0000,-1.0000,-1.0000,-1.0000,-1.0000,-1.0000,-1.0000,-1.0000,-1.0000,-1,-1,-1,-1,-1,-1,-1,-1,-1,0,0,3276339074000,7.4197,3.9815,15.2692,-1,-1,170,7220,2401
stress-factory-farm-mobs-clear,494,34.7705,-1,-1.0000,-1.0000,-1.0000,-1.0000,-1.0000,-1.0000,-1.0000,-1.0000,-1.0000,-1.0000,-1,-1,-1,-1,-1,-1,-1,-1,-1,0,0,3276339300967,6.4700,3.8168,18.7600,-1,-1,170,7220,2401
stress-factory-farm-mobs-clear,495,32.3749,-1,34.0145,-1.0000,-1.0000,-1.0000,-1.0000,-1.0000,-1.0000,-1.0000,-1.0000,-1.0000,-1,-1,-1,-1,-1,-1,-1,-1,-1,0,0,3276339553384,15.0303,3.8794,15.2006,-1,-1,170,7220,2401
stress-factory-farm-mobs-clear,496,29.9720,-1,28.9956,-1.0000,-1.0000,-1.0000,-1.0000,-1.0000,-1.0000,-1.0000,-1.0000,-1.0000,-1,-1,-1,-1,-1,-1,-1,-1,-1,0,0,3276339855805,4.7750,3.2735,28.0650,-1,-1,170,7220,2401
stress-factory-farm-mobs-clear,497,22.9526,-1,28.9096,-1.0000,-1.0000,-1.0000,-1.0000,-1.0000,-1.0000,-1.0000,-1.0000,-1.0000,-1,-1,-1,-1,-1,-1,-1,-1,-1,0,0,3276340184382,34.7007,3.5115,0.0177,-1,-1,170,7217,2402
stress-factory-farm-mobs-clear,585,30.9734,-1,14.7602,-1.0000,-1.0000,-1.0000,-1.0000,-1.0000,-1.0000,-1.0000,-1.0000,-1.0000,-1,-1,-1,-1,-1,-1,-1,-1,-1,0,0,3276353161370,5.1141,3.8971,10.6191,-1,-1,170,7204,2385
stress-factory-farm-mobs-clear,586,79.5782,-1,30.6020,-1.0000,-1.0000,-1.0000,-1.0000,-1.0000,-1.0000,-1.0000,-1.0000,-1.0000,-1,-1,-1,-1,-1,-1,-1,-1,-1,0,0,3276353318772,4.6074,3.5814,6.3845,-1,-1,170,7204,2385
stress-factory-farm-mobs-clear,587,81.6334,-1,79.2824,-1.0000,-1.0000,-1.0000,-1.0000,-1.0000,-1.0000,-1.0000,-1.0000,-1.0000,-1,-1,-1,-1,-1,-1,-1,-1,-1,0,0,3276353428806,5.1849,3.3722,10.5729,-1,-1,170,7204,2385
stress-factory-farm-mobs-clear,874,23.5560,-1,22.2377,-1.0000,-1.0000,-1.0000,-1.0000,-1.0000,-1.0000,-1.0000,-1.0000,-1.0000,-1,-1,-1,-1,-1,-1,-1,-1,-1,0,0,3276394249662,5.3040,3.1678,6.8848,-1,-1,170,7179,2359
stress-factory-farm-mobs-clear,875,25.0830,-1,23.7591,-1.0000,-1.0000,-1.0000,-1.0000,-1.0000,-1.0000,-1.0000,-1.0000,-1.0000,-1,-1,-1,-1,-1,-1,-1,-1,-1,0,0,3276394371649,4.3792,3.6564,14.0259,-1,-1,170,7179,2359
stress-factory-farm-mobs-clear,876,24.0610,-1,24.5386,-1.0000,-1.0000,-1.0000,-1.0000,-1.0000,-1.0000,-1.0000,-1.0000,-1.0000,-1,-1,-1,-1,-1,-1,-1,-1,-1,0,0,3276394555801,10.7318,3.6470,10.7726,-1,-1,170,7179,2359
stress-factory-farm-mobs-clear,877,24.7549,-1,24.4690,-1.0000,-1.0000,-1.0000,-1.0000,-1.0000,-1.0000,-1.0000,-1.0000,-1.0000,-1,-1,-1,-1,-1,-1,-1,-1,-1,0,0,3276394770951,4.6014,3.8408,18.9438,-1,-1,170,7178,2358
stress-factory-farm-mobs-clear,878,24.4351,-1,24.3159,-1.0000,-1.0000,-1.0000,-1.0000,-1.0000,-1.0000,-1.0000,-1.0000,-1.0000,-1,-1,-1,-1,-1,-1,-1,-1,-1,0,0,3276395006539,12.3875,4.5601,12.6876,-1,-1,170,7178,2358
stress-factory-farm-mobs-clear,879,25.7283,-1,24.3520,-1.0000,-1.0000,-1.0000,-1.0000,-1.0000,-1.0000,-1.0000,-1.0000,-1.0000,-1,-1,-1,-1,-1,-1,-1,-1,-1,0,0,3276395257416,5.2372,4.7271,18.8055,-1,-1,170,7176,2360
stress-factory-farm-mobs-clear,880,22.9282,-1,25.5985,-1.0000,-1.0000,-1.0000,-1.0000,-1.0000,-1.0000,-1.0000,-1.0000,-1.0000,-1,-1,-1,-1,-1,-1,-1,-1,-1,0,0,3276395497962,13.4243,4.2666,11.3202,-1,-1,170,7177,2361
stress-factory-farm-mobs-clear,910,22.9432,-1,18.0385,-1.0000,-1.0000,-1.0000,-1.0000,-1.0000,-1.0000,-1.0000,-1.0000,-1.0000,-1,-1,-1,-1,-1,-1,-1,-1,-1,0,0,3276400131436,5.2158,4.1334,13.2186,-1,-1,170,7178,2358
stress-factory-farm-mobs-clear,911,78.0245,-1,22.7139,-1.0000,-1.0000,-1.0000,-1.0000,-1.0000,-1.0000,-1.0000,-1.0000,-1.0000,-1,-1,-1,-1,-1,-1,-1,-1,-1,0,0,3276400315848,5.0230,3.8791,12.6317,-1,-1,170,7174,2358
stress-factory-farm-mobs-clear,912,81.0098,-1,77.7569,-1.0000,-1.0000,-1.0000,-1.0000,-1.0000,-1.0000,-1.0000,-1.0000,-1.0000,-1,-1,-1,-1,-1,-1,-1,-1,-1,0,0,3276400492506,13.9303,4.4888,4.3614,-1,-1,170,7177,2361
stress-factory-farm-mobs-clear,913,57.3231,-1,80.7037,-1.0000,-1.0000,-1.0000,-1.0000,-1.0000,-1.0000,-1.0000,-1.0000,-1.0000,-1,-1,-1,-1,-1,-1,-1,-1,-1,0,0,3276400675553,5.0567,3.8570,17.8762,-1,-1,170,7182,2362
stress-factory-farm-mobs-clear,914,27.4977,-1,56.9979,-1.0000,-1.0000,-1.0000,-1.0000,-1.0000,-1.0000,-1.0000,-1.0000,-1.0000,-1,-1,-1,-1,-1,-1,-1,-1,-1,0,0,3276400904984,4.6626,3.2381,73.3655,-1,-1,170,7182,2362
stress-factory-farm-mobs-clear,939,23.0091,-1,19.7222,-1.0000,-1.0000,-1.0000,-1.0000,-1.0000,-1.0000,-1.0000,-1.0000,-1.0000,-1,-1,-1,-1,-1,-1,-1,-1,-1,0,0,3276406401745,4.3416,3.4098,12.3551,-1,-1,170,7175,2355
stress-factory-farm-mobs-clear,1672,66.9318,-1,16.0205,-1.0000,-1.0000,-1.0000,-1.0000,-1.0000,-1.0000,-1.0000,-1.0000,-1.0000,-1,-1,-1,-1,-1,-1,-1,-1,-1,0,0,3276506701744,5.7597,4.0965,10.0803,-1,-1,170,7115,2297
stress-factory-farm-mobs-clear,1673,81.3410,-1,66.7366,-1.0000,-1.0000,-1.0000,-1.0000,-1.0000,-1.0000,-1.0000,-1.0000,-1.0000,-1,-1,-1,-1,-1,-1,-1,-1,-1,0,0,3276506860212,5.1509,4.5337,7.6552,-1,-1,170,7115,2297
stress-factory-farm-mobs-clear,1674,55.1081,-1,81.0675,-1.0000,-1.0000,-1.0000,-1.0000,-1.0000,-1.0000,-1.0000,-1.0000,-1.0000,-1,-1,-1,-1,-1,-1,-1,-1,-1,0,0,3276506988407,12.3686,3.5893,3.9000,-1,-1,170,7114,2296
stress-factory-farm-mobs-clear,1690,25.4953,-1,-1.0000,-1.0000,-1.0000,-1.0000,-1.0000,-1.0000,-1.0000,-1.0000,-1.0000,-1.0000,-1,-1,-1,-1,-1,-1,-1,-1,-1,0,0,3276510615787,4.6495,3.5980,8.1930,-1,-1,170,7110,2296
stress-factory-farm-mobs-clear,1691,30.0374,-1,19.4319,-1.0000,-1.0000,-1.0000,-1.0000,-1.0000,-1.0000,-1.0000,-1.0000,-1.0000,-1,-1,-1,-1,-1,-1,-1,-1,-1,0,0,3276510744269,5.8211,3.3824,11.6066,-1,-1,170,7110,2296
stress-factory-farm-mobs-clear,1692,29.6572,-1,-1.0000,-1.0000,-1.0000,-1.0000,-1.0000,-1.0000,-1.0000,-1.0000,-1.0000,-1.0000,-1,-1,-1,-1,-1,-1,-1,-1,-1,0,0,3276510918654,4.9692,4.2886,11.6957,-1,-1,170,7114,2296
stress-factory-farm-mobs-clear,1702,23.8648,-1,14.0649,-1.0000,-1.0000,-1.0000,-1.0000,-1.0000,-1.0000,-1.0000,-1.0000,-1.0000,-1,-1,-1,-1,-1,-1,-1,-1,-1,0,0,3276512759072,4.9775,3.4342,8.7110,-1,-1,170,7112,2294
stress-factory-farm-mobs-clear,1703,26.4157,-1,21.3806,-1.0000,-1.0000,-1.0000,-1.0000,-1.0000,-1.0000,-1.0000,-1.0000,-1.0000,-1,-1,-1,-1,-1,-1,-1,-1,-1,0,0,3276512896062,4.4188,4.9148,9.2254,-1,-1,170,7112,2294
stress-factory-farm-mobs-clear,1704,27.9423,-1,25.3512,-1.0000,-1.0000,-1.0000,-1.0000,-1.0000,-1.0000,-1.0000,-1.0000,-1.0000,-1,-1,-1,-1,-1,-1,-1,-1,-1,0,0,3276513032609,13.6140,3.8994,0.6920,-1,-1,170,7112,2294
stress-factory-farm-mobs-clear,1705,27.0654,-1,27.4908,-1.0000,-1.0000,-1.0000,-1.0000,-1.0000,-1.0000,-1.0000,-1.0000,-1.0000,-1,-1,-1,-1,-1,-1,-1,-1,-1,0,0,3276513175841,5.5468,3.1561,18.3087,-1,-1,170,7112,2294
stress-factory-farm-mobs-clear,1706,27.9761,-1,27.4998,-1.0000,-1.0000,-1.0000,-1.0000,-1.0000,-1.0000,-1.0000,-1.0000,-1.0000,-1,-1,-1,-1,-1,-1,-1,-1,-1,0,0,3276513414453,4.6594,3.7051,21.7424,-1,-1,170,7111,2293
stress-factory-farm-mobs-clear,1707,26.7361,-1,28.3648,-1.0000,-1.0000,-1.0000,-1.0000,-1.0000,-1.0000,-1.0000,-1.0000,-1.0000,-1,-1,-1,-1,-1,-1,-1,-1,-1,0,0,3276513678598,10.8629,4.1945,17.0882,-1,-1,170,7111,2293
stress-factory-farm-mobs-clear,1708,27.0744,-1,26.5283,-1.0000,-1.0000,-1.0000,-1.0000,-1.0000,-1.0000,-1.0000,-1.0000,-1.0000,-1,-1,-1,-1,-1,-1,-1,-1,-1,0,0,3276513958286,17.9068,3.7052,9.1126,-1,-1,170,7110,2292
stress-factory-farm-mobs-clear,1709,27.5945,-1,26.5564,-1.0000,-1.0000,-1.0000,-1.0000,-1.0000,-1.0000,-1.0000,-1.0000,-1.0000,-1,-1,-1,-1,-1,-1,-1,-1,-1,0,0,3276514228680,5.3944,3.8407,22.5707,-1,-1,170,7110,2292
stress-factory-farm-mobs-clear,1783,27.7439,-1,19.0945,-1.0000,-1.0000,-1.0000,-1.0000,-1.0000,-1.0000,-1.0000,-1.0000,-1.0000,-1,-1,-1,-1,-1,-1,-1,-1,-1,0,0,3276525255367,4.5088,3.6139,9.4255,-1,-1,170,7105,2287
stress-factory-farm-mobs-clear,1784,30.2994,-1,27.4772,-1.0000,-1.0000,-1.0000,-1.0000,-1.0000,-1.0000,-1.0000,-1.0000,-1.0000,-1,-1,-1,-1,-1,-1,-1,-1,-1,0,0,3276525394828,4.4145,3.4348,8.2930,-1,-1,170,7102,2288
stress-factory-farm-mobs-clear,1785,28.4543,-1,29.1827,-1.0000,-1.0000,-1.0000,-1.0000,-1.0000,-1.0000,-1.0000,-1.0000,-1.0000,-1,-1,-1,-1,-1,-1,-1,-1,-1,0,0,3276525521997,14.2360,3.3543,4.0509,-1,-1,170,7102,2288
stress-factory-farm-mobs-clear,1786,28.3581,-1,28.2660,-1.0000,-1.0000,-1.0000,-1.0000,-1.0000,-1.0000,-1.0000,-1.0000,-1.0000,-1,-1,-1,-1,-1,-1,-1,-1,-1,0,0,3276525704978,4.8886,3.0667,22.8468,-1,-1,170,7104,2288
stress-factory-farm-mobs-clear,1787,27.8353,-1,28.4099,-1.0000,-1.0000,-1.0000,-1.0000,-1.0000,-1.0000,-1.0000,-1.0000,-1.0000,-1,-1,-1,-1,-1,-1,-1,-1,-1,0,0,3276525982447,11.2345,4.1029,19.0527,-1,-1,170,7106,2288
stress-factory-farm-mobs-clear,1788,28.0463,-1,28.2030,-1.0000,-1.0000,-1.0000,-1.0000,-1.0000,-1.0000,-1.0000,-1.0000,-1.0000,-1,-1,-1,-1,-1,-1,-1,-1,-1,0,0,3276526285436,5.2703,3.4032,23.1726,-1,-1,170,7105,2287
stress-factory-farm-mobs-clear,1789,24.2361,-1,27.7361,-1.0000,-1.0000,-1.0000,-1.0000,-1.0000,-1.0000,-1.0000,-1.0000,-1.0000,-1,-1,-1,-1,-1,-1,-1,-1,-1,0,0,3276526569981,10.1998,3.5234,18.1482,-1,-1,170,7104,2286
stress-diagnostics,15,68.6006,-1,13.0212,-1.0000,-1.0000,-1.0000,-1.0000,-1.0000,-1.0000,-1.0000,-1.0000,-1.0000,-1,-1,-1,-1,-1,-1,-1,-1,-1,0,0,3276549788271,5.2996,3.7417,13.0525,-1,-1,170,7094,2276
stress-diagnostics,16,80.9542,-1,68.0998,-1.0000,-1.0000,-1.0000,-1.0000,-1.0000,-1.0000,-1.0000,-1.0000,-1.0000,-1,-1,-1,-1,-1,-1,-1,-1,-1,0,0,3276549971908,11.8404,3.7830,5.7919,-1,-1,170,7094,2276
stress-diagnostics,17,79.8456,-1,79.9946,-1.0000,-1.0000,-1.0000,-1.0000,-1.0000,-1.0000,-1.0000,-1.0000,-1.0000,-1,-1,-1,-1,-1,-1,-1,-1,-1,0,0,3276550148329,5.3925,3.5389,7.8446,-1,-1,170,7091,2276
stress-diagnostics,18,81.2834,-1,80.2237,-1.0000,-1.0000,-1.0000,-1.0000,-1.0000,-1.0000,-1.0000,-1.0000,-1.0000,-1,-1,-1,-1,-1,-1,-1,-1,-1,0,0,3276550280806,4.3534,3.3724,64.2380,-1,-1,170,7095,2276
stress-diagnostics,19,77.2199,-1,80.6029,-1.0000,-1.0000,-1.0000,-1.0000,-1.0000,-1.0000,-1.0000,-1.0000,-1.0000,-1,-1,-1,-1,-1,-1,-1,-1,-1,0,0,3276550966852,23.4392,4.0844,57.5205,-1,-1,170,7095,2276
stress-diagnostics,20,22.4418,-1,-1.0000,-1.0000,-1.0000,-1.0000,-1.0000,-1.0000,-1.0000,-1.0000,-1.0000,-1.0000,-1,-1,-1,-1,-1,-1,-1,-1,-1,0,0,3276551776685,36.3757,3.4473,43.4229,-1,-1,170,7095,2276
stress-diagnostics,50,37.9329,-1,20.5082,-1.0000,-1.0000,-1.0000,-1.0000,-1.0000,-1.0000,-1.0000,-1.0000,-1.0000,-1,-1,-1,-1,-1,-1,-1,-1,-1,0,0,3276557972163,13.3884,3.3532,0.9526,-1,-1,170,7094,2274
stress-diagnostics,51,28.9172,-1,37.7861,-1.0000,-1.0000,-1.0000,-1.0000,-1.0000,-1.0000,-1.0000,-1.0000,-1.0000,-1,-1,-1,-1,-1,-1,-1,-1,-1,0,0,3276558115704,4.5929,3.4672,14.0120,-1,-1,170,7094,2274
stress-diagnostics,52,26.0449,-1,29.4369,-1.0000,-1.0000,-1.0000,-1.0000,-1.0000,-1.0000,-1.0000,-1.0000,-1.0000,-1,-1,-1,-1,-1,-1,-1,-1,-1,0,0,3276558301812,4.2002,3.7334,16.7193,-1,-1,170,7094,2274
stress-diagnostics,53,25.4372,-1,25.9912,-1.0000,-1.0000,-1.0000,-1.0000,-1.0000,-1.0000,-1.0000,-1.0000,-1.0000,-1,-1,-1,-1,-1,-1,-1,-1,-1,0,0,3276558511110,10.7370,3.1787,27.1848,-1,-1,170,7093,2273
stress-diagnostics,54,23.0986,-1,24.1055,-1.0000,-1.0000,-1.0000,-1.0000,-1.0000,-1.0000,-1.0000,-1.0000,-1.0000,-1,-1,-1,-1,-1,-1,-1,-1,-1,0,0,3276558890436,5.3319,3.1515,23.5736,-1,-1,170,7093,2273
stress-diagnostics,132,31.9941,-1,11.8374,-1.0000,-1.0000,-1.0000,-1.0000,-1.0000,-1.0000,-1.0000,-1.0000,-1.0000,-1,-1,-1,-1,-1,-1,-1,-1,-1,0,0,3276570194683,5.0173,3.1819,11.5724,-1,-1,170,7090,2270
stress-diagnostics,133,76.8886,-1,28.2670,-1.0000,-1.0000,-1.0000,-1.0000,-1.0000,-1.0000,-1.0000,-1.0000,-1.0000,-1,-1,-1,-1,-1,-1,-1,-1,-1,0,0,3276570360638,4.4960,3.4211,7.1723,-1,-1,170,7086,2270
stress-diagnostics,134,81.2596,-1,76.6600,-1.0000,-1.0000,-1.0000,-1.0000,-1.0000,-1.0000,-1.0000,-1.0000,-1.0000,-1,-1,-1,-1,-1,-1,-1,-1,-1,0,0,3276570477440,15.4722,3.8095,1.0179,-1,-1,170,7086,2270
stress-diagnostics,135,24.5035,-1,-1.0000,-1.0000,-1.0000,-1.0000,-1.0000,-1.0000,-1.0000,-1.0000,-1.0000,-1.0000,-1,-1,-1,-1,-1,-1,-1,-1,-1,0,0,3276570642464,6.3725,3.7988,25.6163,-1,-1,170,7090,2270
stress-diagnostics,165,39.3792,-1,18.2382,-1.0000,-1.0000,-1.0000,-1.0000,-1.0000,-1.0000,-1.0000,-1.0000,-1.0000,-1,-1,-1,-1,-1,-1,-1,-1,-1,0,0,3276576228873,4.9856,3.1605,12.1958,-1,-1,168,7090,2270
stress-diagnostics,166,37.1707,-1,39.9831,-1.0000,-1.0000,-1.0000,-1.0000,-1.0000,-1.0000,-1.0000,-1.0000,-1.0000,-1,-1,-1,-1,-1,-1,-1,-1,-1,0,0,3276576400796,4.3743,3.5828,14.1768,-1,-1,168,7090,2270
stress-diagnostics,167,29.5503,-1,-1.0000,-1.0000,-1.0000,-1.0000,-1.0000,-1.0000,-1.0000,-1.0000,-1.0000,-1.0000,-1,-1,-1,-1,-1,-1,-1,-1,-1,0,0,3276576586406,10.7060,3.5928,8.0996,-1,-1,168,7090,2270
stress-diagnostics,168,31.0258,-1,30.2121,-1.0000,-1.0000,-1.0000,-1.0000,-1.0000,-1.0000,-1.0000,-1.0000,-1.0000,-1,-1,-1,-1,-1,-1,-1,-1,-1,0,0,3276576774553,4.2136,3.2649,35.1569,-1,-1,168,7090,2270
stress-diagnostics,169,26.0225,-1,-1.0000,-1.0000,-1.0000,-1.0000,-1.0000,-1.0000,-1.0000,-1.0000,-1.0000,-1.0000,-1,-1,-1,-1,-1,-1,-1,-1,-1,0,0,3276577168353,10.3237,3.7380,26.8523,-1,-1,168,7090,2270
stress-diagnostics,170,27.6657,-1,24.7268,-1.0000,-1.0000,-1.0000,-1.0000,-1.0000,-1.0000,-1.0000,-1.0000,-1.0000,-1,-1,-1,-1,-1,-1,-1,-1,-1,0,0,3276577540289,29.3046,3.1349,0.1897,-1,-1,168,7090,2270
stress-diagnostics,293,22.7969,-1,21.4300,-1.0000,-1.0000,-1.0000,-1.0000,-1.0000,-1.0000,-1.0000,-1.0000,-1.0000,-1,-1,-1,-1,-1,-1,-1,-1,-1,0,0,3276594980147,11.8393,3.2762,1.2426,-1,-1,164,7085,2264
stress-diagnostics,295,23.4553,-1,22.3299,-1.0000,-1.0000,-1.0000,-1.0000,-1.0000,-1.0000,-1.0000,-1.0000,-1.0000,-1,-1,-1,-1,-1,-1,-1,-1,-1,0,0,3276595326766,4.3569,3.1252,16.9263,-1,-1,164,7081,2264
stress-diagnostics,296,22.5047,-1,22.4502,-1.0000,-1.0000,-1.0000,-1.0000,-1.0000,-1.0000,-1.0000,-1.0000,-1.0000,-1,-1,-1,-1,-1,-1,-1,-1,-1,0,0,3276595539721,12.9173,3.0395,9.8683,-1,-1,164,7081,2264
stress-diagnostics,298,22.5225,-1,22.3037,-1.0000,-1.0000,-1.0000,-1.0000,-1.0000,-1.0000,-1.0000,-1.0000,-1.0000,-1,-1,-1,-1,-1,-1,-1,-1,-1,0,0,3276595985486,17.1573,3.3247,6.2866,-1,-1,164,7085,2264
stress-diagnostics,361,23.2037,-1,19.6559,-1.0000,-1.0000,-1.0000,-1.0000,-1.0000,-1.0000,-1.0000,-1.0000,-1.0000,-1,-1,-1,-1,-1,-1,-1,-1,-1,0,0,3276605248688,6.6660,3.4391,3.0158,-1,-1,164,7084,2263
stress-diagnostics,362,24.8934,-1,23.6856,-1.0000,-1.0000,-1.0000,-1.0000,-1.0000,-1.0000,-1.0000,-1.0000,-1.0000,-1,-1,-1,-1,-1,-1,-1,-1,-1,0,0,3276605345611,4.7599,3.0698,9.7873,-1,-1,164,7080,2263
stress-diagnostics,363,32.2226,-1,-1.0000,-1.0000,-1.0000,-1.0000,-1.0000,-1.0000,-1.0000,-1.0000,-1.0000,-1.0000,-1,-1,-1,-1,-1,-1,-1,-1,-1,0,0,3276605491197,12.4449,3.3195,7.3629,-1,-1,164,7080,2263
stress-diagnostics,364,24.7264,-1,23.6457,-1.0000,-1.0000,-1.0000,-1.0000,-1.0000,-1.0000,-1.0000,-1.0000,-1.0000,-1,-1,-1,-1,-1,-1,-1,-1,-1,0,0,3276605689393,4.7512,3.1377,18.4437,-1,-1,164,7080,2263
stress-diagnostics,397,25.5921,-1,19.8001,-1.0000,-1.0000,-1.0000,-1.0000,-1.0000,-1.0000,-1.0000,-1.0000,-1.0000,-1,-1,-1,-1,-1,-1,-1,-1,-1,0,0,3276611052059,12.1251,3.3235,5.3154,-1,-1,164,7084,2263
stress-diagnostics,398,26.0900,-1,25.6000,-1.0000,-1.0000,-1.0000,-1.0000,-1.0000,-1.0000,-1.0000,-1.0000,-1.0000,-1,-1,-1,-1,-1,-1,-1,-1,-1,0,0,3276611226567,4.2623,3.7773,13.6030,-1,-1,164,7085,2264
stress-diagnostics,399,23.4449,-1,25.8826,-1.0000,-1.0000,-1.0000,-1.0000,-1.0000,-1.0000,-1.0000,-1.0000,-1.0000,-1,-1,-1,-1,-1,-1,-1,-1,-1,0,0,3276611405327,4.9082,3.6593,15.4455,-1,-1,164,7084,2263
stress-diagnostics,514,23.3963,-1,20.2488,-1.0000,-1.0000,-1.0000,-1.0000,-1.0000,-1.0000,-1.0000,-1.0000,-1.0000,-1,-1,-1,-1,-1,-1,-1,-1,-1,0,0,3276627858382,4.7630,3.7911,12.6194,-1,-1,164,7077,2255
stress-diagnostics,517,22.8592,-1,21.1927,-1.0000,-1.0000,-1.0000,-1.0000,-1.0000,-1.0000,-1.0000,-1.0000,-1.0000,-1,-1,-1,-1,-1,-1,-1,-1,-1,0,0,3276628417707,4.3571,3.7736,19.0278,-1,-1,164,7076,2254
stress-diagnostics,519,22.3083,-1,20.7360,-1.0000,-1.0000,-1.0000,-1.0000,-1.0000,-1.0000,-1.0000,-1.0000,-1.0000,-1,-1,-1,-1,-1,-1,-1,-1,-1,0,0,3276628859698,4.6193,3.3790,15.8895,-1,-1,164,7075,2253
stress-five-minute-soak,2,25.0942,-1,15.2886,-1.0000,-1.0000,-1.0000,-1.0000,-1.0000,-1.0000,-1.0000,-1.0000,-1.0000,-1,-1,-1,-1,-1,-1,-1,-1,-1,0,0,3276658278476,4.3864,3.8052,4.6293,-1,-1,164,7074,2252
stress-five-minute-soak,18,25.1641,-1,18.0449,-1.0000,-1.0000,-1.0000,-1.0000,-1.0000,-1.0000,-1.0000,-1.0000,-1.0000,-1,-1,-1,-1,-1,-1,-1,-1,-1,0,0,3276660399239,5.6251,3.7974,4.6714,-1,-1,164,7070,2252
stress-five-minute-soak,19,25.0251,-1,24.3415,-1.0000,-1.0000,-1.0000,-1.0000,-1.0000,-1.0000,-1.0000,-1.0000,-1.0000,-1,-1,-1,-1,-1,-1,-1,-1,-1,0,0,3276660502312,13.6639,3.5696,0.0119,-1,-1,164,7070,2252
stress-five-minute-soak,20,23.3390,-1,24.3302,-1.0000,-1.0000,-1.0000,-1.0000,-1.0000,-1.0000,-1.0000,-1.0000,-1.0000,-1,-1,-1,-1,-1,-1,-1,-1,-1,0,0,3276660639278,6.0977,3.6879,15.0858,-1,-1,164,7070,2252
stress-five-minute-soak,21,26.1604,-1,23.9739,-1.0000,-1.0000,-1.0000,-1.0000,-1.0000,-1.0000,-1.0000,-1.0000,-1.0000,-1,-1,-1,-1,-1,-1,-1,-1,-1,0,0,3276660851182,4.5889,3.5046,20.5682,-1,-1,164,7074,2252
stress-five-minute-soak,22,22.5514,-1,25.1328,-1.0000,-1.0000,-1.0000,-1.0000,-1.0000,-1.0000,-1.0000,-1.0000,-1.0000,-1,-1,-1,-1,-1,-1,-1,-1,-1,0,0,3276661102863,14.6627,4.7558,10.3443,-1,-1,164,7073,2251
stress-five-minute-soak,23,23.3957,-1,22.8147,-1.0000,-1.0000,-1.0000,-1.0000,-1.0000,-1.0000,-1.0000,-1.0000,-1.0000,-1,-1,-1,-1,-1,-1,-1,-1,-1,0,0,3276661353064,6.2063,3.2166,17.1223,-1,-1,164,7074,2252
stress-five-minute-soak,100,33.4676,-1,20.3628,-1.0000,-1.0000,-1.0000,-1.0000,-1.0000,-1.0000,-1.0000,-1.0000,-1.0000,-1,-1,-1,-1,-1,-1,-1,-1,-1,0,0,3276672745156,4.8129,4.1521,6.0546,-1,-1,164,7073,2251
stress-five-minute-soak,101,69.3925,-1,32.8338,-1.0000,-1.0000,-1.0000,-1.0000,-1.0000,-1.0000,-1.0000,-1.0000,-1.0000,-1,-1,-1,-1,-1,-1,-1,-1,-1,0,0,3276672853948,4.8969,3.8054,7.4520,-1,-1,164,7073,2251
stress-five-minute-soak,102,80.3740,-1,69.4456,-1.0000,-1.0000,-1.0000,-1.0000,-1.0000,-1.0000,-1.0000,-1.0000,-1.0000,-1,-1,-1,-1,-1,-1,-1,-1,-1,0,0,3276672977562,12.7387,3.6505,7.4157,-1,-1,164,7073,2251
stress-five-minute-soak,121,44.7774,-1,13.7472,-1.0000,-1.0000,-1.0000,-1.0000,-1.0000,-1.0000,-1.0000,-1.0000,-1.0000,-1,-1,-1,-1,-1,-1,-1,-1,-1,0,0,3276676845359,5.0198,3.7422,4.2379,-1,-1,164,7073,2251
stress-five-minute-soak,122,76.9647,-1,41.6584,-1.0000,-1.0000,-1.0000,-1.0000,-1.0000,-1.0000,-1.0000,-1.0000,-1.0000,-1,-1,-1,-1,-1,-1,-1,-1,-1,0,0,3276676938049,4.5642,4.1972,6.5364,-1,-1,164,7073,2251
stress-five-minute-soak,123,78.9263,-1,77.0721,-1.0000,-1.0000,-1.0000,-1.0000,-1.0000,-1.0000,-1.0000,-1.0000,-1.0000,-1,-1,-1,-1,-1,-1,-1,-1,-1,0,0,3276677049164,12.5926,4.1914,0.0107,-1,-1,164,7073,2251
stress-five-minute-soak,124,37.4939,-1,79.1941,-1.0000,-1.0000,-1.0000,-1.0000,-1.0000,-1.0000,-1.0000,-1.0000,-1.0000,-1,-1,-1,-1,-1,-1,-1,-1,-1,0,0,3276677175333,4.9762,3.6297,39.8007,-1,-1,164,7073,2251
stress-five-minute-soak,125,24.6530,-1,36.2514,-1.0000,-1.0000,-1.0000,-1.0000,-1.0000,-1.0000,-1.0000,-1.0000,-1.0000,-1,-1,-1,-1,-1,-1,-1,-1,-1,0,0,3276677623185,10.9896,3.6190,65.9581,-1,-1,164,7072,2250
stress-five-minute-soak,126,22.8685,-1,24.8233,-1.0000,-1.0000,-1.0000,-1.0000,-1.0000,-1.0000,-1.0000,-1.0000,-1.0000,-1,-1,-1,-1,-1,-1,-1,-1,-1,0,0,3276678392797,13.9849,3.9138,64.9291,-1,-1,164,7072,2250
stress-five-minute-soak,147,24.0340,-1,13.3015,-1.0000,-1.0000,-1.0000,-1.0000,-1.0000,-1.0000,-1.0000,-1.0000,-1.0000,-1,-1,-1,-1,-1,-1,-1,-1,-1,0,0,3276682775668,7.8620,5.1630,5.0081,-1,-1,164,7073,2251
stress-five-minute-soak,163,24.3442,-1,14.0168,-1.0000,-1.0000,-1.0000,-1.0000,-1.0000,-1.0000,-1.0000,-1.0000,-1.0000,-1,-1,-1,-1,-1,-1,-1,-1,-1,0,0,3276685131953,5.6248,4.6229,9.2457,-1,-1,164,7073,2251
stress-five-minute-soak,165,24.5257,-1,19.6810,-1.0000,-1.0000,-1.0000,-1.0000,-1.0000,-1.0000,-1.0000,-1.0000,-1.0000,-1,-1,-1,-1,-1,-1,-1,-1,-1,0,0,3276685397824,20.5608,3.5205,0.0152,-1,-1,164,7069,2251
stress-five-minute-soak,166,22.9276,-1,23.9916,-1.0000,-1.0000,-1.0000,-1.0000,-1.0000,-1.0000,-1.0000,-1.0000,-1.0000,-1,-1,-1,-1,-1,-1,-1,-1,-1,0,0,3276685603811,14.5829,4.4492,9.7457,-1,-1,164,7069,2251
stress-five-minute-soak,167,22.4695,-1,22.9350,-1.0000,-1.0000,-1.0000,-1.0000,-1.0000,-1.0000,-1.0000,-1.0000,-1.0000,-1,-1,-1,-1,-1,-1,-1,-1,-1,0,0,3276685847175,7.0724,4.1596,13.1922,-1,-1,164,7071,2251
stress-five-minute-soak,168,23.8522,-1,22.9722,-1.0000,-1.0000,-1.0000,-1.0000,-1.0000,-1.0000,-1.0000,-1.0000,-1.0000,-1,-1,-1,-1,-1,-1,-1,-1,-1,0,0,3276686049946,12.3548,4.3962,12.1617,-1,-1,164,7073,2251
stress-five-minute-soak,169,23.8267,-1,22.9041,-1.0000,-1.0000,-1.0000,-1.0000,-1.0000,-1.0000,-1.0000,-1.0000,-1.0000,-1,-1,-1,-1,-1,-1,-1,-1,-1,0,0,3276686295231,11.7314,4.6796,11.1862,-1,-1,164,7071,2249
stress-five-minute-soak,174,23.2294,-1,-1.0000,-1.0000,-1.0000,-1.0000,-1.0000,-1.0000,-1.0000,-1.0000,-1.0000,-1.0000,-1,-1,-1,-1,-1,-1,-1,-1,-1,0,0,3276687434913,19.4254,3.9728,0.0120,-1,-1,164,7071,2249
stress-five-minute-soak,177,27.9664,-1,-1.0000,-1.0000,-1.0000,-1.0000,-1.0000,-1.0000,-1.0000,-1.0000,-1.0000,-1.0000,-1,-1,-1,-1,-1,-1,-1,-1,-1,0,0,3276687990558,23.1983,3.6892,0.0117,-1,-1,164,7070,2248
stress-five-minute-soak,272,44.4660,-1,12.2532,-1.0000,-1.0000,-1.0000,-1.0000,-1.0000,-1.0000,-1.0000,-1.0000,-1.0000,-1,-1,-1,-1,-1,-1,-1,-1,-1,0,0,3276701151423,6.7299,3.7656,9.5261,-1,-1,164,7068,2247
stress-five-minute-soak,273,81.1936,-1,44.1487,-1.0000,-1.0000,-1.0000,-1.0000,-1.0000,-1.0000,-1.0000,-1.0000,-1.0000,-1,-1,-1,-1,-1,-1,-1,-1,-1,0,0,3276701314069,5.1211,3.6293,6.4919,-1,-1,164,7068,2247
stress-five-minute-soak,274,80.5801,-1,80.2747,-1.0000,-1.0000,-1.0000,-1.0000,-1.0000,-1.0000,-1.0000,-1.0000,-1.0000,-1,-1,-1,-1,-1,-1,-1,-1,-1,0,0,3276701430311,4.8540,4.1037,8.0280,-1,-1,164,7068,2247
stress-five-minute-soak,275,28.1021,-1,81.3583,-1.0000,-1.0000,-1.0000,-1.0000,-1.0000,-1.0000,-1.0000,-1.0000,-1.0000,-1,-1,-1,-1,-1,-1,-1,-1,-1,0,0,3276701559249,14.8816,3.7201,29.5803,-1,-1,164,7068,2247
stress-five-minute-soak,304,23.0170,-1,15.7962,-1.0000,-1.0000,-1.0000,-1.0000,-1.0000,-1.0000,-1.0000,-1.0000,-1.0000,-1,-1,-1,-1,-1,-1,-1,-1,-1,0,0,3276707167451,5.6882,3.3704,8.0416,-1,-1,164,7063,2242
stress-five-minute-soak,320,24.4603,-1,16.3594,-1.0000,-1.0000,-1.0000,-1.0000,-1.0000,-1.0000,-1.0000,-1.0000,-1.0000,-1,-1,-1,-1,-1,-1,-1,-1,-1,0,0,3276709575554,4.9577,3.0781,10.4020,-1,-1,164,7063,2242
stress-five-minute-soak,321,23.9311,-1,23.7939,-1.0000,-1.0000,-1.0000,-1.0000,-1.0000,-1.0000,-1.0000,-1.0000,-1.0000,-1,-1,-1,-1,-1,-1,-1,-1,-1,0,0,3276709729207,4.5341,3.0468,8.1493,-1,-1,164,7063,2242
stress-five-minute-soak,322,25.7906,-1,24.4805,-1.0000,-1.0000,-1.0000,-1.0000,-1.0000,-1.0000,-1.0000,-1.0000,-1.0000,-1,-1,-1,-1,-1,-1,-1,-1,-1,0,0,3276709856155,4.4158,3.0632,11.4719,-1,-1,164,7063,2242
stress-five-minute-soak,323,26.1933,-1,24.8678,-1.0000,-1.0000,-1.0000,-1.0000,-1.0000,-1.0000,-1.0000,-1.0000,-1.0000,-1,-1,-1,-1,-1,-1,-1,-1,-1,0,0,3276710015131,10.4087,3.7631,14.0399,-1,-1,164,7064,2243
stress-five-minute-soak,324,26.8698,-1,25.5247,-1.0000,-1.0000,-1.0000,-1.0000,-1.0000,-1.0000,-1.0000,-1.0000,-1.0000,-1,-1,-1,-1,-1,-1,-1,-1,-1,0,0,3276710259736,4.5628,3.5315,19.3629,-1,-1,164,7060,2243
stress-five-minute-soak,325,24.7680,-1,27.3101,-1.0000,-1.0000,-1.0000,-1.0000,-1.0000,-1.0000,-1.0000,-1.0000,-1.0000,-1,-1,-1,-1,-1,-1,-1,-1,-1,0,0,3276710499117,12.7823,3.8945,12.9948,-1,-1,164,7060,2243
stress-five-minute-soak,326,25.5423,-1,24.9042,-1.0000,-1.0000,-1.0000,-1.0000,-1.0000,-1.0000,-1.0000,-1.0000,-1.0000,-1,-1,-1,-1,-1,-1,-1,-1,-1,0,0,3276710757023,5.4292,3.9751,20.7476,-1,-1,164,7062,2243
stress-five-minute-soak,449,22.2773,-1,20.6262,-1.0000,-1.0000,-1.0000,-1.0000,-1.0000,-1.0000,-1.0000,-1.0000,-1.0000,-1,-1,-1,-1,-1,-1,-1,-1,-1,0,0,3276728401365,5.8516,3.5180,12.0248,-1,-1,164,7057,2236
stress-five-minute-soak,516,25.8428,-1,13.9018,-1.0000,-1.0000,-1.0000,-1.0000,-1.0000,-1.0000,-1.0000,-1.0000,-1.0000,-1,-1,-1,-1,-1,-1,-1,-1,-1,0,0,3276738263150,5.0653,3.5797,6.4943,-1,-1,164,7055,2234
stress-five-minute-soak,517,32.1139,-1,24.4388,-1.0000,-1.0000,-1.0000,-1.0000,-1.0000,-1.0000,-1.0000,-1.0000,-1.0000,-1,-1,-1,-1,-1,-1,-1,-1,-1,0,0,3276738378858,4.5963,3.1860,5.6667,-1,-1,164,7055,2234
stress-five-minute-soak,518,30.3457,-1,32.0835,-1.0000,-1.0000,-1.0000,-1.0000,-1.0000,-1.0000,-1.0000,-1.0000,-1.0000,-1,-1,-1,-1,-1,-1,-1,-1,-1,0,0,3276738481604,10.9133,3.2539,2.8903,-1,-1,164,7055,2234
stress-five-minute-soak,519,29.7860,-1,30.3923,-1.0000,-1.0000,-1.0000,-1.0000,-1.0000,-1.0000,-1.0000,-1.0000,-1.0000,-1,-1,-1,-1,-1,-1,-1,-1,-1,0,0,3276738619744,6.0725,3.2871,19.7625,-1,-1,164,7054,2233
stress-five-minute-soak,520,31.2634,-1,30.3680,-1.0000,-1.0000,-1.0000,-1.0000,-1.0000,-1.0000,-1.0000,-1.0000,-1.0000,-1,-1,-1,-1,-1,-1,-1,-1,-1,0,0,3276738878201,4.8859,3.3093,27.2184,-1,-1,164,7054,2233
stress-five-minute-soak,521,30.1778,-1,30.3370,-1.0000,-1.0000,-1.0000,-1.0000,-1.0000,-1.0000,-1.0000,-1.0000,-1.0000,-1,-1,-1,-1,-1,-1,-1,-1,-1,0,0,3276739199379,11.1794,3.1140,19.1520,-1,-1,164,7054,2233
stress-five-minute-soak,522,25.7774,-1,30.0544,-1.0000,-1.0000,-1.0000,-1.0000,-1.0000,-1.0000,-1.0000,-1.0000,-1.0000,-1,-1,-1,-1,-1,-1,-1,-1,-1,0,0,3276739502797,11.0206,3.1933,18.7555,-1,-1,164,7054,2233
stress-five-minute-soak,523,23.2562,-1,26.3987,-1.0000,-1.0000,-1.0000,-1.0000,-1.0000,-1.0000,-1.0000,-1.0000,-1.0000,-1,-1,-1,-1,-1,-1,-1,-1,-1,0,0,3276739800661,5.1948,3.4080,26.0571,-1,-1,164,7055,2234
stress-five-minute-soak,549,24.2433,-1,17.4136,-1.0000,-1.0000,-1.0000,-1.0000,-1.0000,-1.0000,-1.0000,-1.0000,-1.0000,-1,-1,-1,-1,-1,-1,-1,-1,-1,0,0,3276744115082,4.8921,3.2241,12.9121,-1,-1,164,7054,2233
stress-five-minute-soak,550,79.1914,-1,24.1070,-1.0000,-1.0000,-1.0000,-1.0000,-1.0000,-1.0000,-1.0000,-1.0000,-1.0000,-1,-1,-1,-1,-1,-1,-1,-1,-1,0,0,3276744293231,4.3356,3.3070,15.1498,-1,-1,164,7054,2233
stress-five-minute-soak,551,80.7520,-1,78.6598,-1.0000,-1.0000,-1.0000,-1.0000,-1.0000,-1.0000,-1.0000,-1.0000,-1.0000,-1,-1,-1,-1,-1,-1,-1,-1,-1,0,0,3276744488189,13.2222,2.9852,4.0283,-1,-1,164,7054,2233
stress-five-minute-soak,552,54.2810,-1,80.0366,-1.0000,-1.0000,-1.0000,-1.0000,-1.0000,-1.0000,-1.0000,-1.0000,-1.0000,-1,-1,-1,-1,-1,-1,-1,-1,-1,0,0,3276744660813,5.1130,3.4837,19.1245,-1,-1,164,7050,2233
stress-five-minute-soak,553,25.2663,-1,54.3053,-1.0000,-1.0000,-1.0000,-1.0000,-1.0000,-1.0000,-1.0000,-1.0000,-1.0000,-1,-1,-1,-1,-1,-1,-1,-1,-1,0,0,3276744903287,4.4319,3.7973,74.7488,-1,-1,164,7054,2233
stress-five-minute-soak,579,25.3055,-1,22.2208,-1.0000,-1.0000,-1.0000,-1.0000,-1.0000,-1.0000,-1.0000,-1.0000,-1.0000,-1,-1,-1,-1,-1,-1,-1,-1,-1,0,0,3276750326902,4.4738,3.2640,12.0341,-1,-1,164,7050,2233
stress-five-minute-soak,631,22.5306,-1,-1.0000,-1.0000,-1.0000,-1.0000,-1.0000,-1.0000,-1.0000,-1.0000,-1.0000,-1.0000,-1,-1,-1,-1,-1,-1,-1,-1,-1,0,0,3276758059279,14.8490,4.9085,0.0102,-1,-1,164,7054,2233
stress-five-minute-soak,641,38.5629,-1,-1.0000,-1.0000,-1.0000,-1.0000,-1.0000,-1.0000,-1.0000,-1.0000,-1.0000,-1.0000,-1,-1,-1,-1,-1,-1,-1,-1,-1,0,0,3276759665176,7.0767,3.7768,9.0911,-1,-1,164,7052,2231
stress-five-minute-soak,642,35.4209,-1,12.2898,-1.0000,-1.0000,-1.0000,-1.0000,-1.0000,-1.0000,-1.0000,-1.0000,-1.0000,-1,-1,-1,-1,-1,-1,-1,-1,-1,0,0,3276759826927,4.4742,3.4093,7.2827,-1,-1,164,7052,2231
stress-five-minute-soak,661,73.5706,-1,20.3858,-1.0000,-1.0000,-1.0000,-1.0000,-1.0000,-1.0000,-1.0000,-1.0000,-1.0000,-1,-1,-1,-1,-1,-1,-1,-1,-1,0,0,3276762768404,5.3417,3.8200,6.1691,-1,-1,164,7054,2232
stress-five-minute-soak,662,82.6504,-1,72.8289,-1.0000,-1.0000,-1.0000,-1.0000,-1.0000,-1.0000,-1.0000,-1.0000,-1.0000,-1,-1,-1,-1,-1,-1,-1,-1,-1,0,0,3276762883644,4.6411,3.5849,9.2258,-1,-1,164,7054,2232
stress-five-minute-soak,663,46.3122,-1,81.9246,-1.0000,-1.0000,-1.0000,-1.0000,-1.0000,-1.0000,-1.0000,-1.0000,-1.0000,-1,-1,-1,-1,-1,-1,-1,-1,-1,0,0,3276763022468,13.0590,3.6993,4.8049,-1,-1,164,7054,2232
stress-five-minute-soak,664,28.4352,-1,-1.0000,-1.0000,-1.0000,-1.0000,-1.0000,-1.0000,-1.0000,-1.0000,-1.0000,-1.0000,-1,-1,-1,-1,-1,-1,-1,-1,-1,0,0,3276763201249,4.6718,3.4815,68.8896,-1,-1,164,7053,2231
stress-five-minute-soak,691,68.4304,-1,15.7443,-1.0000,-1.0000,-1.0000,-1.0000,-1.0000,-1.0000,-1.0000,-1.0000,-1.0000,-1,-1,-1,-1,-1,-1,-1,-1,-1,0,0,3276768758030,4.5936,3.2765,14.1533,-1,-1,164,7053,2231
stress-five-minute-soak,692,85.1072,-1,68.3889,-1.0000,-1.0000,-1.0000,-1.0000,-1.0000,-1.0000,-1.0000,-1.0000,-1.0000,-1,-1,-1,-1,-1,-1,-1,-1,-1,0,0,3276768945612,4.7537,3.9567,15.0084,-1,-1,164,7053,2231
stress-five-minute-soak,693,83.6261,-1,84.0996,-1.0000,-1.0000,-1.0000,-1.0000,-1.0000,-1.0000,-1.0000,-1.0000,-1.0000,-1,-1,-1,-1,-1,-1,-1,-1,-1,0,0,3276769143346,10.1352,2.9914,6.0227,-1,-1,164,7052,2230
stress-five-minute-soak,694,83.8461,-1,83.5830,-1.0000,-1.0000,-1.0000,-1.0000,-1.0000,-1.0000,-1.0000,-1.0000,-1.0000,-1,-1,-1,-1,-1,-1,-1,-1,-1,0,0,3276769305040,4.3765,3.3104,64.0443,-1,-1,163,7046,2227
stress-five-minute-soak,695,82.8945,-1,83.2494,-1.0000,-1.0000,-1.0000,-1.0000,-1.0000,-1.0000,-1.0000,-1.0000,-1.0000,-1,-1,-1,-1,-1,-1,-1,-1,-1,0,0,3276769989373,17.3357,4.0189,67.7609,-1,-1,163,7050,2227
stress-five-minute-soak,724,39.8370,-1,18.1839,-1.0000,-1.0000,-1.0000,-1.0000,-1.0000,-1.0000,-1.0000,-1.0000,-1.0000,-1,-1,-1,-1,-1,-1,-1,-1,-1,0,0,3276776886956,4.5391,3.2837,13.4784,-1,-1,163,7050,2227
stress-five-minute-soak,725,82.3336,-1,38.7871,-1.0000,-1.0000,-1.0000,-1.0000,-1.0000,-1.0000,-1.0000,-1.0000,-1.0000,-1,-1,-1,-1,-1,-1,-1,-1,-1,0,0,3276777067237,10.0037,3.1314,6.4700,-1,-1,163,7050,2227
stress-five-minute-soak,726,84.0027,-1,82.2518,-1.0000,-1.0000,-1.0000,-1.0000,-1.0000,-1.0000,-1.0000,-1.0000,-1.0000,-1,-1,-1,-1,-1,-1,-1,-1,-1,0,0,3276777232078,4.1604,3.1917,14.6530,-1,-1,163,7050,2227
stress-five-minute-soak,727,38.6136,-1,83.4765,-1.0000,-1.0000,-1.0000,-1.0000,-1.0000,-1.0000,-1.0000,-1.0000,-1.0000,-1,-1,-1,-1,-1,-1,-1,-1,-1,0,0,3276777420307,4.7045,3.2151,35.1367,-1,-1,163,7051,2228
stress-five-minute-soak,728,24.7947,-1,39.2008,-1.0000,-1.0000,-1.0000,-1.0000,-1.0000,-1.0000,-1.0000,-1.0000,-1.0000,-1,-1,-1,-1,-1,-1,-1,-1,-1,0,0,3276777818919,29.2569,4.0098,53.0248,-1,-1,163,7050,2227
stress-five-minute-soak,770,70.2624,-1,20.9920,-1.0000,-1.0000,-1.0000,-1.0000,-1.0000,-1.0000,-1.0000,-1.0000,-1.0000,-1,-1,-1,-1,-1,-1,-1,-1,-1,0,0,3276785318897,4.6439,3.4409,6.7028,-1,-1,163,7049,2228
stress-five-minute-soak,771,80.9143,-1,69.4508,-1.0000,-1.0000,-1.0000,-1.0000,-1.0000,-1.0000,-1.0000,-1.0000,-1.0000,-1,-1,-1,-1,-1,-1,-1,-1,-1,0,0,3276785432479,5.7497,3.1374,7.6130,-1,-1,163,7047,2228
stress-five-minute-soak,772,84.6736,-1,80.7250,-1.0000,-1.0000,-1.0000,-1.0000,-1.0000,-1.0000,-1.0000,-1.0000,-1.0000,-1,-1,-1,-1,-1,-1,-1,-1,-1,0,0,3276785566227,11.5808,3.1489,8.7903,-1,-1,163,7051,2228
stress-five-minute-soak,773,84.0156,-1,83.9020,-1.0000,-1.0000,-1.0000,-1.0000,-1.0000,-1.0000,-1.0000,-1.0000,-1.0000,-1,-1,-1,-1,-1,-1,-1,-1,-1,0,0,3276785770048,4.7160,3.0716,65.5544,-1,-1,163,7048,2225
stress-five-minute-soak,774,78.6560,-1,83.9916,-1.0000,-1.0000,-1.0000,-1.0000,-1.0000,-1.0000,-1.0000,-1.0000,-1.0000,-1,-1,-1,-1,-1,-1,-1,-1,-1,0,0,3276786472907,46.1126,4.0291,34.7562,-1,-1,163,7048,2225
stress-five-minute-soak,775,32.1688,-1,-1.0000,-1.0000,-1.0000,-1.0000,-1.0000,-1.0000,-1.0000,-1.0000,-1.0000,-1.0000,-1,-1,-1,-1,-1,-1,-1,-1,-1,0,0,3276787281821,11.7262,3.3434,72.9545,-1,-1,163,7048,2225
stress-five-minute-soak,803,50.2694,-1,18.2116,-1.0000,-1.0000,-1.0000,-1.0000,-1.0000,-1.0000,-1.0000,-1.0000,-1.0000,-1,-1,-1,-1,-1,-1,-1,-1,-1,0,0,3276793207483,5.8835,3.1852,13.7124,-1,-1,163,7048,2225
stress-five-minute-soak,804,84.0929,-1,49.7211,-1.0000,-1.0000,-1.0000,-1.0000,-1.0000,-1.0000,-1.0000,-1.0000,-1.0000,-1,-1,-1,-1,-1,-1,-1,-1,-1,0,0,3276793403547,4.4503,3.1393,9.4193,-1,-1,163,7048,2225
stress-five-minute-soak,805,84.7353,-1,84.3512,-1.0000,-1.0000,-1.0000,-1.0000,-1.0000,-1.0000,-1.0000,-1.0000,-1.0000,-1,-1,-1,-1,-1,-1,-1,-1,-1,0,0,3276793542354,10.4143,3.4987,7.6740,-1,-1,163,7047,2224
stress-five-minute-soak,806,85.8946,-1,83.9183,-1.0000,-1.0000,-1.0000,-1.0000,-1.0000,-1.0000,-1.0000,-1.0000,-1.0000,-1,-1,-1,-1,-1,-1,-1,-1,-1,0,0,3276793723331,4.3909,3.3204,45.8680,-1,-1,163,7048,2225
stress-five-minute-soak,807,83.3809,-1,85.4328,-1.0000,-1.0000,-1.0000,-1.0000,-1.0000,-1.0000,-1.0000,-1.0000,-1.0000,-1,-1,-1,-1,-1,-1,-1,-1,-1,0,0,3276794226038,11.2451,4.5696,72.8371,-1,-1,163,7045,2226
stress-five-minute-soak,808,48.0355,-1,82.6962,-1.0000,-1.0000,-1.0000,-1.0000,-1.0000,-1.0000,-1.0000,-1.0000,-1.0000,-1,-1,-1,-1,-1,-1,-1,-1,-1,0,0,3276795066954,16.6746,3.9933,68.0533,-1,-1,163,7049,2226
stress-five-minute-soak,839,51.8946,-1,14.2392,-1.0000,-1.0000,-1.0000,-1.0000,-1.0000,-1.0000,-1.0000,-1.0000,-1.0000,-1,-1,-1,-1,-1,-1,-1,-1,-1,0,0,3276801522083,12.5102,4.3063,5.0429,-1,-1,163,7049,2226
stress-five-minute-soak,840,79.9669,-1,51.2051,-1.0000,-1.0000,-1.0000,-1.0000,-1.0000,-1.0000,-1.0000,-1.0000,-1.0000,-1,-1,-1,-1,-1,-1,-1,-1,-1,0,0,3276801697738,5.4176,3.4322,12.4895,-1,-1,163,7049,2226
stress-five-minute-soak,841,79.7815,-1,80.1219,-1.0000,-1.0000,-1.0000,-1.0000,-1.0000,-1.0000,-1.0000,-1.0000,-1.0000,-1,-1,-1,-1,-1,-1,-1,-1,-1,0,0,3276801876919,5.3614,3.8032,8.8246,-1,-1,163,7049,2226
stress-five-minute-soak,842,59.5670,-1,79.2008,-1.0000,-1.0000,-1.0000,-1.0000,-1.0000,-1.0000,-1.0000,-1.0000,-1.0000,-1,-1,-1,-1,-1,-1,-1,-1,-1,0,0,3276802018873,15.8333,4.1330,36.0467,-1,-1,163,7049,2226
stress-five-minute-soak,843,29.9052,-1,-1.0000,-1.0000,-1.0000,-1.0000,-1.0000,-1.0000,-1.0000,-1.0000,-1.0000,-1.0000,-1,-1,-1,-1,-1,-1,-1,-1,-1,0,0,3276802537801,13.5186,3.7641,66.4427,-1,-1,163,7050,2227
stress-five-minute-soak,844,24.7410,-1,30.2264,-1.0000,-1.0000,-1.0000,-1.0000,-1.0000,-1.0000,-1.0000,-1.0000,-1.0000,-1,-1,-1,-1,-1,-1,-1,-1,-1,0,0,3276803337560,14.8587,4.5702,64.8997,-1,-1,163,7050,2227
stress-five-minute-soak,882,27.2862,-1,13.9446,-1.0000,-1.0000,-1.0000,-1.0000,-1.0000,-1.0000,-1.0000,-1.0000,-1.0000,-1,-1,-1,-1,-1,-1,-1,-1,-1,0,0,3276809782841,4.1903,3.6370,7.7621,-1,-1,163,7050,2227
stress-five-minute-soak,883,31.6748,-1,25.5053,-1.0000,-1.0000,-1.0000,-1.0000,-1.0000,-1.0000,-1.0000,-1.0000,-1.0000,-1,-1,-1,-1,-1,-1,-1,-1,-1,0,0,3276809902470,4.7752,4.3375,5.7738,-1,-1,163,7050,2227
stress-five-minute-soak,884,32.1007,-1,31.8894,-1.0000,-1.0000,-1.0000,-1.0000,-1.0000,-1.0000,-1.0000,-1.0000,-1.0000,-1,-1,-1,-1,-1,-1,-1,-1,-1,0,0,3276810008065,10.7956,3.5006,3.1434,-1,-1,163,7050,2227
stress-five-minute-soak,885,33.3517,-1,32.8809,-1.0000,-1.0000,-1.0000,-1.0000,-1.0000,-1.0000,-1.0000,-1.0000,-1.0000,-1,-1,-1,-1,-1,-1,-1,-1,-1,0,0,3276810147576,5.4445,3.0514,21.8341,-1,-1,163,7047,2228
stress-five-minute-soak,886,31.0548,-1,32.3290,-1.0000,-1.0000,-1.0000,-1.0000,-1.0000,-1.0000,-1.0000,-1.0000,-1.0000,-1,-1,-1,-1,-1,-1,-1,-1,-1,0,0,3276810420429,5.2827,3.6111,26.3805,-1,-1,163,7047,2228
stress-five-minute-soak,887,31.8578,-1,30.6596,-1.0000,-1.0000,-1.0000,-1.0000,-1.0000,-1.0000,-1.0000,-1.0000,-1.0000,-1,-1,-1,-1,-1,-1,-1,-1,-1,0,0,3276810737176,11.7729,3.3145,20.3205,-1,-1,163,7051,2228
stress-five-minute-soak,888,27.8227,-1,32.8812,-1.0000,-1.0000,-1.0000,-1.0000,-1.0000,-1.0000,-1.0000,-1.0000,-1.0000,-1,-1,-1,-1,-1,-1,-1,-1,-1,0,0,3276811058239,10.7827,3.5452,22.5510,-1,-1,163,7051,2228
stress-five-minute-soak,889,24.0155,-1,27.8249,-1.0000,-1.0000,-1.0000,-1.0000,-1.0000,-1.0000,-1.0000,-1.0000,-1.0000,-1,-1,-1,-1,-1,-1,-1,-1,-1,0,0,3276811391703,5.4207,3.3999,25.6228,-1,-1,163,7051,2228
stress-five-minute-soak,932,23.8745,-1,10.9484,-1.0000,-1.0000,-1.0000,-1.0000,-1.0000,-1.0000,-1.0000,-1.0000,-1.0000,-1,-1,-1,-1,-1,-1,-1,-1,-1,0,0,3276817864715,4.8830,4.0789,11.6293,-1,-1,163,7050,2227
stress-five-minute-soak,933,57.2222,-1,22.3117,-1.0000,-1.0000,-1.0000,-1.0000,-1.0000,-1.0000,-1.0000,-1.0000,-1.0000,-1,-1,-1,-1,-1,-1,-1,-1,-1,0,0,3276818029965,16.7451,3.5347,0.0179,-1,-1,163,7050,2227
stress-five-minute-soak,934,81.5032,-1,57.4676,-1.0000,-1.0000,-1.0000,-1.0000,-1.0000,-1.0000,-1.0000,-1.0000,-1.0000,-1,-1,-1,-1,-1,-1,-1,-1,-1,0,0,3276818197828,5.6634,3.4863,8.6595,-1,-1,163,7050,2227
stress-five-minute-soak,935,79.9881,-1,80.5775,-1.0000,-1.0000,-1.0000,-1.0000,-1.0000,-1.0000,-1.0000,-1.0000,-1.0000,-1,-1,-1,-1,-1,-1,-1,-1,-1,0,0,3276818341130,4.9926,4.0221,18.8794,-1,-1,163,7049,2226
stress-five-minute-soak,936,79.8169,-1,80.6134,-1.0000,-1.0000,-1.0000,-1.0000,-1.0000,-1.0000,-1.0000,-1.0000,-1.0000,-1,-1,-1,-1,-1,-1,-1,-1,-1,0,0,3276818579974,19.6342,3.4260,37.5648,-1,-1,163,7050,2227
stress-five-minute-soak,937,73.5669,-1,79.3764,-1.0000,-1.0000,-1.0000,-1.0000,-1.0000,-1.0000,-1.0000,-1.0000,-1.0000,-1,-1,-1,-1,-1,-1,-1,-1,-1,0,0,3276819152109,11.3948,3.8691,70.1209,-1,-1,163,7045,2226
stress-five-minute-soak,938,26.4000,-1,73.6276,-1.0000,-1.0000,-1.0000,-1.0000,-1.0000,-1.0000,-1.0000,-1.0000,-1.0000,-1,-1,-1,-1,-1,-1,-1,-1,-1,0,0,3276819967477,39.2145,3.5315,40.7161,-1,-1,163,7049,2226
stress-five-minute-soak,972,28.5546,-1,15.9596,-1.0000,-1.0000,-1.0000,-1.0000,-1.0000,-1.0000,-1.0000,-1.0000,-1.0000,-1,-1,-1,-1,-1,-1,-1,-1,-1,0,0,3276826322147,5.3386,3.3312,12.1886,-1,-1,163,7049,2226
stress-five-minute-soak,1072,23.7955,-1,20.8755,-1.0000,-1.0000,-1.0000,-1.0000,-1.0000,-1.0000,-1.0000,-1.0000,-1.0000,-1,-1,-1,-1,-1,-1,-1,-1,-1,0,0,3276840634179,4.8960,3.7211,11.5798,-1,-1,163,7041,2222
stress-five-minute-soak,1073,27.3732,-1,24.1876,-1.0000,-1.0000,-1.0000,-1.0000,-1.0000,-1.0000,-1.0000,-1.0000,-1.0000,-1,-1,-1,-1,-1,-1,-1,-1,-1,0,0,3276840799016,4.4336,3.2117,13.5584,-1,-1,163,7041,2222
stress-five-minute-soak,1074,25.8003,-1,26.7100,-1.0000,-1.0000,-1.0000,-1.0000,-1.0000,-1.0000,-1.0000,-1.0000,-1.0000,-1,-1,-1,-1,-1,-1,-1,-1,-1,0,0,3276840979039,9.9122,3.1207,11.3614,-1,-1,163,7045,2222
stress-five-minute-soak,1075,27.2981,-1,26.8329,-1.0000,-1.0000,-1.0000,-1.0000,-1.0000,-1.0000,-1.0000,-1.0000,-1.0000,-1,-1,-1,-1,-1,-1,-1,-1,-1,0,0,3276841191877,4.3145,3.5588,19.4725,-1,-1,163,7045,2222
stress-five-minute-soak,1076,26.4614,-1,26.5034,-1.0000,-1.0000,-1.0000,-1.0000,-1.0000,-1.0000,-1.0000,-1.0000,-1.0000,-1,-1,-1,-1,-1,-1,-1,-1,-1,0,0,3276841429834,4.5695,3.2852,22.7945,-1,-1,163,7045,2222
stress-five-minute-soak,1077,27.8091,-1,26.6015,-1.0000,-1.0000,-1.0000,-1.0000,-1.0000,-1.0000,-1.0000,-1.0000,-1.0000,-1,-1,-1,-1,-1,-1,-1,-1,-1,0,0,3276841703601,10.0593,3.3226,15.7267,-1,-1,163,7045,2222
stress-five-minute-soak,1108,23.1578,-1,18.9545,-1.0000,-1.0000,-1.0000,-1.0000,-1.0000,-1.0000,-1.0000,-1.0000,-1.0000,-1,-1,-1,-1,-1,-1,-1,-1,-1,0,0,3276846780972,4.8107,3.3291,11.5352,-1,-1,163,7045,2221
stress-five-minute-soak,1211,22.7934,-1,17.3036,-1.0000,-1.0000,-1.0000,-1.0000,-1.0000,-1.0000,-1.0000,-1.0000,-1.0000,-1,-1,-1,-1,-1,-1,-1,-1,-1,0,0,3276860986772,11.8836,3.1039,0.9495,-1,-1,163,7040,2220
stress-five-minute-soak,1212,25.1975,-1,22.6650,-1.0000,-1.0000,-1.0000,-1.0000,-1.0000,-1.0000,-1.0000,-1.0000,-1.0000,-1,-1,-1,-1,-1,-1,-1,-1,-1,0,0,3276861115208,5.6761,3.0192,8.6912,-1,-1,163,7044,2220
stress-five-minute-soak,1213,26.3446,-1,25.0665,-1.0000,-1.0000,-1.0000,-1.0000,-1.0000,-1.0000,-1.0000,-1.0000,-1.0000,-1,-1,-1,-1,-1,-1,-1,-1,-1,0,0,3276861258936,4.4947,3.6372,13.3884,-1,-1,163,7044,2220
stress-five-minute-soak,1214,25.2841,-1,25.6184,-1.0000,-1.0000,-1.0000,-1.0000,-1.0000,-1.0000,-1.0000,-1.0000,-1.0000,-1,-1,-1,-1,-1,-1,-1,-1,-1,0,0,3276861437867,4.4191,3.0658,18.3637,-1,-1,163,7041,2217
stress-five-minute-soak,1215,25.4672,-1,25.6768,-1.0000,-1.0000,-1.0000,-1.0000,-1.0000,-1.0000,-1.0000,-1.0000,-1.0000,-1,-1,-1,-1,-1,-1,-1,-1,-1,0,0,3276861665805,11.0705,3.6403,14.1163,-1,-1,163,7041,2217
stress-five-minute-soak,1216,26.0645,-1,25.5647,-1.0000,-1.0000,-1.0000,-1.0000,-1.0000,-1.0000,-1.0000,-1.0000,-1.0000,-1,-1,-1,-1,-1,-1,-1,-1,-1,0,0,3276861917783,4.8708,3.3045,21.4654,-1,-1,163,7041,2217
stress-five-minute-soak,1217,25.2483,-1,25.7364,-1.0000,-1.0000,-1.0000,-1.0000,-1.0000,-1.0000,-1.0000,-1.0000,-1.0000,-1,-1,-1,-1,-1,-1,-1,-1,-1,0,0,3276862181257,11.4012,3.1749,13.8698,-1,-1,163,7041,2217
stress-five-minute-soak,1218,24.6278,-1,25.0934,-1.0000,-1.0000,-1.0000,-1.0000,-1.0000,-1.0000,-1.0000,-1.0000,-1.0000,-1,-1,-1,-1,-1,-1,-1,-1,-1,0,0,3276862434071,4.4145,3.2285,21.0432,-1,-1,163,7041,2217
stress-five-minute-soak,1248,24.3116,-1,20.7811,-1.0000,-1.0000,-1.0000,-1.0000,-1.0000,-1.0000,-1.0000,-1.0000,-1.0000,-1,-1,-1,-1,-1,-1,-1,-1,-1,0,0,3276867190056,4.4019,3.0816,12.4721,-1,-1,163,7041,2217
stress-five-minute-soak,1472,25.8266,-1,-1.0000,-1.0000,-1.0000,-1.0000,-1.0000,-1.0000,-1.0000,-1.0000,-1.0000,-1.0000,-1,-1,-1,-1,-1,-1,-1,-1,-1,0,0,3276898098262,5.1170,2.9298,10.1566,-1,-1,163,7030,2206
stress-five-minute-soak,1473,23.9780,-1,20.2509,-1.0000,-1.0000,-1.0000,-1.0000,-1.0000,-1.0000,-1.0000,-1.0000,-1.0000,-1,-1,-1,-1,-1,-1,-1,-1,-1,0,0,3276898251060,4.9705,3.1700,9.6267,-1,-1,163,7030,2206
stress-five-minute-soak,1730,71.8015,-1,11.6462,-1.0000,-1.0000,-1.0000,-1.0000,-1.0000,-1.0000,-1.0000,-1.0000,-1.0000,-1,-1,-1,-1,-1,-1,-1,-1,-1,0,0,3276934791690,4.5343,3.6065,8.6734,-1,-1,163,7024,2200
stress-five-minute-soak,1731,80.9805,-1,67.1130,-1.0000,-1.0000,-1.0000,-1.0000,-1.0000,-1.0000,-1.0000,-1.0000,-1.0000,-1,-1,-1,-1,-1,-1,-1,-1,-1,0,0,3276934923883,4.8062,3.5182,6.3472,-1,-1,163,7024,2200
stress-five-minute-soak,1732,51.8885,-1,80.8072,-1.0000,-1.0000,-1.0000,-1.0000,-1.0000,-1.0000,-1.0000,-1.0000,-1.0000,-1,-1,-1,-1,-1,-1,-1,-1,-1,0,0,3276935035518,14.7608,3.3572,0.0137,-1,-1,163,7020,2200
stress-five-minute-soak,1762,44.0223,-1,17.5519,-1.0000,-1.0000,-1.0000,-1.0000,-1.0000,-1.0000,-1.0000,-1.0000,-1.0000,-1,-1,-1,-1,-1,-1,-1,-1,-1,0,0,3276940664090,4.0066,4.5408,13.7498,-1,-1,163,7023,2203
stress-five-minute-soak,1763,80.2121,-1,42.8119,-1.0000,-1.0000,-1.0000,-1.0000,-1.0000,-1.0000,-1.0000,-1.0000,-1.0000,-1,-1,-1,-1,-1,-1,-1,-1,-1,0,0,3276940841798,6.0405,3.6323,10.9462,-1,-1,163,7024,2204
stress-five-minute-soak,1764,80.9443,-1,80.1503,-1.0000,-1.0000,-1.0000,-1.0000,-1.0000,-1.0000,-1.0000,-1.0000,-1.0000,-1,-1,-1,-1,-1,-1,-1,-1,-1,0,0,3276941011786,11.9714,3.4491,5.3136,-1,-1,163,7028,2204
stress-five-minute-soak,1765,78.7336,-1,80.3978,-1.0000,-1.0000,-1.0000,-1.0000,-1.0000,-1.0000,-1.0000,-1.0000,-1.0000,-1,-1,-1,-1,-1,-1,-1,-1,-1,0,0,3276941184748,4.3670,3.5693,39.6428,-1,-1,163,7028,2204
stress-five-minute-soak,1766,64.1720,-1,78.8206,-1.0000,-1.0000,-1.0000,-1.0000,-1.0000,-1.0000,-1.0000,-1.0000,-1.0000,-1,-1,-1,-1,-1,-1,-1,-1,-1,0,0,3276941624970,11.3380,3.3724,68.8625,-1,-1,163,7028,2204
stress-five-minute-soak,1767,32.2002,-1,-1.0000,-1.0000,-1.0000,-1.0000,-1.0000,-1.0000,-1.0000,-1.0000,-1.0000,-1.0000,-1,-1,-1,-1,-1,-1,-1,-1,-1,0,0,3276942427094,10.9105,3.6373,70.0434,-1,-1,163,7027,2203
stress-five-minute-soak,1768,26.4015,-1,31.7399,-1.0000,-1.0000,-1.0000,-1.0000,-1.0000,-1.0000,-1.0000,-1.0000,-1.0000,-1,-1,-1,-1,-1,-1,-1,-1,-1,0,0,3276943236810,26.0062,3.6676,52.6725,-1,-1,163,7027,2203
stress-five-minute-soak,1800,59.6447,-1,19.4555,-1.0000,-1.0000,-1.0000,-1.0000,-1.0000,-1.0000,-1.0000,-1.0000,-1.0000,-1,-1,-1,-1,-1,-1,-1,-1,-1,0,0,3276949093367,11.9949,3.0789,3.1469,-1,-1,163,7025,2200
stress-five-minute-soak,1801,79.6138,-1,58.2203,-1.0000,-1.0000,-1.0000,-1.0000,-1.0000,-1.0000,-1.0000,-1.0000,-1.0000,-1,-1,-1,-1,-1,-1,-1,-1,-1,0,0,3276949244892,4.3942,3.4787,11.4309,-1,-1,163,7025,2200
stress-five-minute-soak,1802,79.6251,-1,80.1423,-1.0000,-1.0000,-1.0000,-1.0000,-1.0000,-1.0000,-1.0000,-1.0000,-1.0000,-1,-1,-1,-1,-1,-1,-1,-1,-1,0,0,3276949403203,4.2231,3.1886,14.2501,-1,-1,163,7025,2200
stress-five-minute-soak,1803,37.5361,-1,78.5510,-1.0000,-1.0000,-1.0000,-1.0000,-1.0000,-1.0000,-1.0000,-1.0000,-1.0000,-1,-1,-1,-1,-1,-1,-1,-1,-1,0,0,3276949588045,11.6887,3.7076,47.9433,-1,-1,163,7021,2200
stress-five-minute-soak,1804,27.0693,-1,37.7280,-1.0000,-1.0000,-1.0000,-1.0000,-1.0000,-1.0000,-1.0000,-1.0000,-1.0000,-1,-1,-1,-1,-1,-1,-1,-1,-1,0,0,3276950184491,12.5721,3.5268,67.0324,-1,-1,163,7026,2201
stress-five-minute-soak,1844,85.1023,-1,10.0928,-1.0000,-1.0000,-1.0000,-1.0000,-1.0000,-1.0000,-1.0000,-1.0000,-1.0000,-1,-1,-1,-1,-1,-1,-1,-1,-1,0,0,3276957265944,4.3305,3.3790,5.5557,-1,-1,163,7024,2199
stress-five-minute-soak,1845,80.2083,-1,79.8822,-1.0000,-1.0000,-1.0000,-1.0000,-1.0000,-1.0000,-1.0000,-1.0000,-1.0000,-1,-1,-1,-1,-1,-1,-1,-1,-1,0,0,3276957364916,5.3029,3.5102,5.2286,-1,-1,163,7024,2199
stress-five-minute-soak,1846,80.7965,-1,80.5990,-1.0000,-1.0000,-1.0000,-1.0000,-1.0000,-1.0000,-1.0000,-1.0000,-1.0000,-1,-1,-1,-1,-1,-1,-1,-1,-1,0,0,3276957470325,10.8912,3.5717,0.0099,-1,-1,163,7023,2198
stress-five-minute-soak,1847,79.7901,-1,80.3935,-1.0000,-1.0000,-1.0000,-1.0000,-1.0000,-1.0000,-1.0000,-1.0000,-1.0000,-1,-1,-1,-1,-1,-1,-1,-1,-1,0,0,3276957579457,5.0005,3.7845,80.1110,-1,-1,163,7023,2198
stress-five-minute-soak,1848,80.0328,-1,80.0753,-1.0000,-1.0000,-1.0000,-1.0000,-1.0000,-1.0000,-1.0000,-1.0000,-1.0000,-1,-1,-1,-1,-1,-1,-1,-1,-1,0,0,3276958430698,20.0644,3.3112,60.1016,-1,-1,163,7023,2198
stress-five-minute-soak,1849,29.1316,-1,80.1116,-1.0000,-1.0000,-1.0000,-1.0000,-1.0000,-1.0000,-1.0000,-1.0000,-1.0000,-1,-1,-1,-1,-1,-1,-1,-1,-1,0,0,3276959232601,17.9833,3.4088,62.8038,-1,-1,163,7019,2198
stress-five-minute-soak,1898,23.7610,-1,21.8419,-1.0000,-1.0000,-1.0000,-1.0000,-1.0000,-1.0000,-1.0000,-1.0000,-1.0000,-1,-1,-1,-1,-1,-1,-1,-1,-1,0,0,3276967830957,4.7661,3.1995,10.9252,-1,-1,163,7021,2196
stress-five-minute-soak,1899,22.5984,-1,23.1718,-1.0000,-1.0000,-1.0000,-1.0000,-1.0000,-1.0000,-1.0000,-1.0000,-1.0000,-1,-1,-1,-1,-1,-1,-1,-1,-1,0,0,3276967988002,11.9291,3.8489,8.3940,-1,-1,163,7020,2195
stress-five-minute-soak,1900,22.8646,-1,22.8790,-1.0000,-1.0000,-1.0000,-1.0000,-1.0000,-1.0000,-1.0000,-1.0000,-1.0000,-1,-1,-1,-1,-1,-1,-1,-1,-1,0,0,3276968191347,5.0466,3.3750,16.4382,-1,-1,163,7020,2195
stress-five-minute-soak,1901,24.3996,-1,22.8884,-1.0000,-1.0000,-1.0000,-1.0000,-1.0000,-1.0000,-1.0000,-1.0000,-1.0000,-1,-1,-1,-1,-1,-1,-1,-1,-1,0,0,3276968406311,4.8372,3.3290,18.9087,-1,-1,163,7020,2195
stress-five-minute-soak,2072,23.6406,-1,12.1938,-1.0000,-1.0000,-1.0000,-1.0000,-1.0000,-1.0000,-1.0000,-1.0000,-1.0000,-1,-1,-1,-1,-1,-1,-1,-1,-1,0,0,3276992129109,5.2318,3.6477,9.9944,-1,-1,163,7011,2186
stress-five-minute-soak,2073,36.4020,-1,24.5494,-1.0000,-1.0000,-1.0000,-1.0000,-1.0000,-1.0000,-1.0000,-1.0000,-1.0000,-1,-1,-1,-1,-1,-1,-1,-1,-1,0,0,3276992281436,4.7012,3.8320,7.7254,-1,-1,163,7011,2186
stress-five-minute-soak,2074,80.6233,-1,36.2414,-1.0000,-1.0000,-1.0000,-1.0000,-1.0000,-1.0000,-1.0000,-1.0000,-1.0000,-1,-1,-1,-1,-1,-1,-1,-1,-1,0,0,3276992405825,4.6115,3.4755,7.9192,-1,-1,163,7011,2186
stress-five-minute-soak,2075,69.5088,-1,79.6385,-1.0000,-1.0000,-1.0000,-1.0000,-1.0000,-1.0000,-1.0000,-1.0000,-1.0000,-1,-1,-1,-1,-1,-1,-1,-1,-1,0,0,3276992531267,10.6669,3.3532,12.9543,-1,-1,163,7010,2185
stress-five-minute-soak,2106,25.6847,-1,17.9958,-1.0000,-1.0000,-1.0000,-1.0000,-1.0000,-1.0000,-1.0000,-1.0000,-1.0000,-1,-1,-1,-1,-1,-1,-1,-1,-1,0,0,3276998025922,12.7349,3.5500,4.2276,-1,-1,164,7006,2182
stress-five-minute-soak,2107,75.9283,-1,24.7736,-1.0000,-1.0000,-1.0000,-1.0000,-1.0000,-1.0000,-1.0000,-1.0000,-1.0000,-1,-1,-1,-1,-1,-1,-1,-1,-1,0,0,3276998195677,4.7218,3.6989,13.1725,-1,-1,164,7006,2182
stress-five-minute-soak,2108,79.2127,-1,75.1852,-1.0000,-1.0000,-1.0000,-1.0000,-1.0000,-1.0000,-1.0000,-1.0000,-1.0000,-1,-1,-1,-1,-1,-1,-1,-1,-1,0,0,3276998374717,4.3693,3.6376,12.9945,-1,-1,163,7006,2181
stress-five-minute-soak,2109,69.8102,-1,80.2140,-1.0000,-1.0000,-1.0000,-1.0000,-1.0000,-1.0000,-1.0000,-1.0000,-1.0000,-1,-1,-1,-1,-1,-1,-1,-1,-1,0,0,3276998548461,10.3794,3.3415,15.2960,-1,-1,163,7006,2181
stress-five-minute-soak,2110,31.3368,-1,69.5235,-1.0000,-1.0000,-1.0000,-1.0000,-1.0000,-1.0000,-1.0000,-1.0000,-1.0000,-1,-1,-1,-1,-1,-1,-1,-1,-1,0,0,3276998805320,5.0711,3.4644,70.8515,-1,-1,163,7006,2181
stress-five-minute-soak,2111,23.5333,-1,30.6524,-1.0000,-1.0000,-1.0000,-1.0000,-1.0000,-1.0000,-1.0000,-1.0000,-1.0000,-1,-1,-1,-1,-1,-1,-1,-1,-1,0,0,3276999564696,26.4997,4.2571,52.6883,-1,-1,163,7002,2181
stress-five-minute-soak,2150,25.6505,-1,20.5932,-1.0000,-1.0000,-1.0000,-1.0000,-1.0000,-1.0000,-1.0000,-1.0000,-1.0000,-1,-1,-1,-1,-1,-1,-1,-1,-1,0,0,3277006429767,5.1796,3.9789,10.2425,-1,-1,162,7002,2177
stress-five-minute-soak,2151,24.5055,-1,25.8465,-1.0000,-1.0000,-1.0000,-1.0000,-1.0000,-1.0000,-1.0000,-1.0000,-1.0000,-1,-1,-1,-1,-1,-1,-1,-1,-1,0,0,3277006584116,11.2163,3.7973,7.0503,-1,-1,162,7003,2178
stress-five-minute-soak,2219,23.4333,-1,15.3178,-1.0000,-1.0000,-1.0000,-1.0000,-1.0000,-1.0000,-1.0000,-1.0000,-1.0000,-1,-1,-1,-1,-1,-1,-1,-1,-1,0,0,3277016726773,4.3327,3.4365,7.5707,-1,-1,162,7000,2175
stress-five-minute-soak,2220,27.6748,-1,23.5715,-1.0000,-1.0000,-1.0000,-1.0000,-1.0000,-1.0000,-1.0000,-1.0000,-1.0000,-1,-1,-1,-1,-1,-1,-1,-1,-1,0,0,3277016845914,3.9855,3.1524,6.7880,-1,-1,162,7000,2175
stress-five-minute-soak,2221,28.6076,-1,27.4703,-1.0000,-1.0000,-1.0000,-1.0000,-1.0000,-1.0000,-1.0000,-1.0000,-1.0000,-1,-1,-1,-1,-1,-1,-1,-1,-1,0,0,3277016953746,10.6079,3.4612,5.6638,-1,-1,162,7000,2175
stress-five-minute-soak,2222,28.3910,-1,28.3341,-1.0000,-1.0000,-1.0000,-1.0000,-1.0000,-1.0000,-1.0000,-1.0000,-1.0000,-1,-1,-1,-1,-1,-1,-1,-1,-1,0,0,3277017116572,4.3923,3.3441,19.0253,-1,-1,162,7000,2175
stress-five-minute-soak,2223,35.2391,-1,-1.0000,-1.0000,-1.0000,-1.0000,-1.0000,-1.0000,-1.0000,-1.0000,-1.0000,-1.0000,-1,-1,-1,-1,-1,-1,-1,-1,-1,0,0,3277017350856,4.9845,3.4019,22.7122,-1,-1,162,7000,2175
stress-five-minute-soak,2224,30.7344,-1,28.2301,-1.0000,-1.0000,-1.0000,-1.0000,-1.0000,-1.0000,-1.0000,-1.0000,-1.0000,-1,-1,-1,-1,-1,-1,-1,-1,-1,0,0,3277017627942,11.0097,3.1322,17.5518,-1,-1,162,7000,2175
stress-five-minute-soak,2225,22.7710,-1,25.2431,-1.0000,-1.0000,-1.0000,-1.0000,-1.0000,-1.0000,-1.0000,-1.0000,-1.0000,-1,-1,-1,-1,-1,-1,-1,-1,-1,0,0,3277017913683,5.8482,3.4410,22.5492,-1,-1,162,7000,2175
stress-five-minute-soak,2302,22.3205,-1,18.2415,-1.0000,-1.0000,-1.0000,-1.0000,-1.0000,-1.0000,-1.0000,-1.0000,-1.0000,-1,-1,-1,-1,-1,-1,-1,-1,-1,0,0,3277029216609,4.5403,3.7994,7.7632,-1,-1,162,7000,2175
stress-five-minute-soak,2403,27.9718,-1,-1.0000,-1.0000,-1.0000,-1.0000,-1.0000,-1.0000,-1.0000,-1.0000,-1.0000,-1.0000,-1,-1,-1,-1,-1,-1,-1,-1,-1,0,0,3277043569077,11.2446,3.3602,0.4523,-1,-1,162,6997,2172
stress-five-minute-soak,2404,23.9117,-1,19.8915,-1.0000,-1.0000,-1.0000,-1.0000,-1.0000,-1.0000,-1.0000,-1.0000,-1.0000,-1,-1,-1,-1,-1,-1,-1,-1,-1,0,0,3277043686170,5.7931,3.2470,14.1620,-1,-1,162,6997,2172
stress-five-minute-soak,2532,24.8836,-1,12.5012,-1.0000,-1.0000,-1.0000,-1.0000,-1.0000,-1.0000,-1.0000,-1.0000,-1.0000,-1,-1,-1,-1,-1,-1,-1,-1,-1,0,0,3277061812476,4.3104,3.5405,7.0826,-1,-1,162,6991,2166
stress-five-minute-soak,2533,27.1938,-1,22.2310,-1.0000,-1.0000,-1.0000,-1.0000,-1.0000,-1.0000,-1.0000,-1.0000,-1.0000,-1,-1,-1,-1,-1,-1,-1,-1,-1,0,0,3277061926523,4.7943,4.2487,7.7048,-1,-1,162,6991,2166
stress-five-minute-soak,2534,28.4143,-1,26.8242,-1.0000,-1.0000,-1.0000,-1.0000,-1.0000,-1.0000,-1.0000,-1.0000,-1.0000,-1,-1,-1,-1,-1,-1,-1,-1,-1,0,0,3277062051612,12.1798,3.5626,0.8729,-1,-1,162,6991,2166
stress-five-minute-soak,2535,28.1777,-1,28.2501,-1.0000,-1.0000,-1.0000,-1.0000,-1.0000,-1.0000,-1.0000,-1.0000,-1.0000,-1,-1,-1,-1,-1,-1,-1,-1,-1,0,0,3277062182246,5.1368,3.2291,19.7374,-1,-1,162,6991,2166
stress-five-minute-soak,2536,27.6829,-1,28.2806,-1.0000,-1.0000,-1.0000,-1.0000,-1.0000,-1.0000,-1.0000,-1.0000,-1.0000,-1,-1,-1,-1,-1,-1,-1,-1,-1,0,0,3277062431052,5.0584,3.2536,22.1256,-1,-1,162,6991,2166
stress-five-minute-soak,2537,28.2005,-1,28.2132,-1.0000,-1.0000,-1.0000,-1.0000,-1.0000,-1.0000,-1.0000,-1.0000,-1.0000,-1,-1,-1,-1,-1,-1,-1,-1,-1,0,0,3277062702989,11.4116,3.0543,16.9946,-1,-1,162,6991,2166
stress-five-minute-soak,2538,27.7643,-1,28.2726,-1.0000,-1.0000,-1.0000,-1.0000,-1.0000,-1.0000,-1.0000,-1.0000,-1.0000,-1,-1,-1,-1,-1,-1,-1,-1,-1,0,0,3277062987214,12.0394,5.9574,16.1150,-1,-1,162,6991,2166
stress-five-minute-soak,2539,24.2007,-1,27.8277,-1.0000,-1.0000,-1.0000,-1.0000,-1.0000,-1.0000,-1.0000,-1.0000,-1.0000,-1,-1,-1,-1,-1,-1,-1,-1,-1,0,0,3277063268895,5.7455,3.0784,21.9292,-1,-1,162,6991,2166
stress-five-minute-soak,2566,41.7189,-1,14.8408,-1.0000,-1.0000,-1.0000,-1.0000,-1.0000,-1.0000,-1.0000,-1.0000,-1.0000,-1,-1,-1,-1,-1,-1,-1,-1,-1,0,0,3277067769656,4.3402,3.6381,14.2746,-1,-1,162,6992,2167
stress-five-minute-soak,2567,81.5093,-1,41.8189,-1.0000,-1.0000,-1.0000,-1.0000,-1.0000,-1.0000,-1.0000,-1.0000,-1.0000,-1,-1,-1,-1,-1,-1,-1,-1,-1,0,0,3277067955908,13.2379,5.1061,3.7647,-1,-1,162,6992,2167
stress-five-minute-soak,2568,81.0495,-1,80.2488,-1.0000,-1.0000,-1.0000,-1.0000,-1.0000,-1.0000,-1.0000,-1.0000,-1.0000,-1,-1,-1,-1,-1,-1,-1,-1,-1,0,0,3277068126046,5.8488,3.6149,8.6772,-1,-1,162,6992,2167
stress-five-minute-soak,2569,80.4918,-1,80.3587,-1.0000,-1.0000,-1.0000,-1.0000,-1.0000,-1.0000,-1.0000,-1.0000,-1.0000,-1,-1,-1,-1,-1,-1,-1,-1,-1,0,0,3277068271417,5.5934,3.1010,36.1089,-1,-1,162,6992,2167
stress-five-minute-soak,2570,79.1453,-1,80.0998,-1.0000,-1.0000,-1.0000,-1.0000,-1.0000,-1.0000,-1.0000,-1.0000,-1.0000,-1,-1,-1,-1,-1,-1,-1,-1,-1,0,0,3277068688574,11.9286,3.5167,69.5726,-1,-1,162,6991,2166
stress-five-minute-soak,2571,47.9354,-1,80.1103,-1.0000,-1.0000,-1.0000,-1.0000,-1.0000,-1.0000,-1.0000,-1.0000,-1.0000,-1,-1,-1,-1,-1,-1,-1,-1,-1,0,0,3277069503719,31.1662,4.3033,49.8632,-1,-1,162,6987,2166
stress-five-minute-soak,2601,22.4078,-1,16.5581,-1.0000,-1.0000,-1.0000,-1.0000,-1.0000,-1.0000,-1.0000,-1.0000,-1.0000,-1,-1,-1,-1,-1,-1,-1,-1,-1,0,0,3277076039551,14.3318,3.9389,3.4394,-1,-1,162,6988,2165
stress-five-minute-soak,2602,75.1620,-1,23.0615,-1.0000,-1.0000,-1.0000,-1.0000,-1.0000,-1.0000,-1.0000,-1.0000,-1.0000,-1,-1,-1,-1,-1,-1,-1,-1,-1,0,0,3277076217417,5.0322,5.0057,5.1375,-1,-1,162,6990,2165
stress-five-minute-soak,2603,79.9290,-1,73.5969,-1.0000,-1.0000,-1.0000,-1.0000,-1.0000,-1.0000,-1.0000,-1.0000,-1.0000,-1,-1,-1,-1,-1,-1,-1,-1,-1,0,0,3277076319168,4.7452,3.3497,12.3872,-1,-1,162,6990,2165
stress-five-minute-soak,2604,80.1512,-1,80.4186,-1.0000,-1.0000,-1.0000,-1.0000,-1.0000,-1.0000,-1.0000,-1.0000,-1.0000,-1,-1,-1,-1,-1,-1,-1,-1,-1,0,0,3277076490609,11.1255,3.4373,11.2682,-1,-1,162,6990,2165
stress-five-minute-soak,2605,79.5296,-1,79.9501,-1.0000,-1.0000,-1.0000,-1.0000,-1.0000,-1.0000,-1.0000,-1.0000,-1.0000,-1,-1,-1,-1,-1,-1,-1,-1,-1,0,0,3277076714663,4.7774,3.3005,70.3895,-1,-1,162,6990,2165
stress-five-minute-soak,2606,75.0239,-1,80.0896,-1.0000,-1.0000,-1.0000,-1.0000,-1.0000,-1.0000,-1.0000,-1.0000,-1.0000,-1,-1,-1,-1,-1,-1,-1,-1,-1,0,0,3277077466525,31.6838,3.5316,48.1994,-1,-1,162,6989,2164
stress-five-minute-soak,2636,68.7136,-1,21.8934,-1.0000,-1.0000,-1.0000,-1.0000,-1.0000,-1.0000,-1.0000,-1.0000,-1.0000,-1,-1,-1,-1,-1,-1,-1,-1,-1,0,0,3277084212060,4.2478,3.1062,10.5469,-1,-1,162,6990,2165
stress-five-minute-soak,2637,79.5094,-1,68.3510,-1.0000,-1.0000,-1.0000,-1.0000,-1.0000,-1.0000,-1.0000,-1.0000,-1.0000,-1,-1,-1,-1,-1,-1,-1,-1,-1,0,0,3277084360117,4.1707,3.1868,8.7424,-1,-1,162,6990,2165
stress-five-minute-soak,2638,81.8853,-1,79.8764,-1.0000,-1.0000,-1.0000,-1.0000,-1.0000,-1.0000,-1.0000,-1.0000,-1.0000,-1,-1,-1,-1,-1,-1,-1,-1,-1,0,0,3277084489360,10.0389,3.7649,11.9345,-1,-1,162,6990,2165
stress-five-minute-soak,2639,80.2818,-1,79.8415,-1.0000,-1.0000,-1.0000,-1.0000,-1.0000,-1.0000,-1.0000,-1.0000,-1.0000,-1,-1,-1,-1,-1,-1,-1,-1,-1,0,0,3277084709199,4.4835,3.7477,64.2247,-1,-1,162,6986,2165
stress-five-minute-soak,2640,77.2016,-1,81.1284,-1.0000,-1.0000,-1.0000,-1.0000,-1.0000,-1.0000,-1.0000,-1.0000,-1.0000,-1,-1,-1,-1,-1,-1,-1,-1,-1,0,0,3277085396392,17.9566,4.0372,61.5353,-1,-1,162,6992,2167
stress-five-minute-soak,2673,36.7223,-1,20.0092,-1.0000,-1.0000,-1.0000,-1.0000,-1.0000,-1.0000,-1.0000,-1.0000,-1.0000,-1,-1,-1,-1,-1,-1,-1,-1,-1,0,0,3277092482178,10.7828,3.1133,5.9369,-1,-1,162,6991,2166
stress-five-minute-soak,2674,25.8651,-1,36.3151,-1.0000,-1.0000,-1.0000,-1.0000,-1.0000,-1.0000,-1.0000,-1.0000,-1.0000,-1,-1,-1,-1,-1,-1,-1,-1,-1,0,0,3277092649479,4.2468,3.3352,13.3294,-1,-1,162,6991,2166
stress-five-minute-soak,2675,23.4423,-1,25.8611,-1.0000,-1.0000,-1.0000,-1.0000,-1.0000,-1.0000,-1.0000,-1.0000,-1.0000,-1,-1,-1,-1,-1,-1,-1,-1,-1,0,0,3277092825347,4.2028,3.3774,16.2065,-1,-1,162,6991,2166
stress-five-minute-soak,2727,30.0049,-1,19.1201,-1.0000,-1.0000,-1.0000,-1.0000,-1.0000,-1.0000,-1.0000,-1.0000,-1.0000,-1,-1,-1,-1,-1,-1,-1,-1,-1,0,0,3277100752243,4.6401,3.7369,7.7773,-1,-1,162,6987,2166
stress-five-minute-soak,2728,30.3246,-1,28.6538,-1.0000,-1.0000,-1.0000,-1.0000,-1.0000,-1.0000,-1.0000,-1.0000,-1.0000,-1,-1,-1,-1,-1,-1,-1,-1,-1,0,0,3277100876534,4.9095,3.5269,7.4232,-1,-1,162,6987,2166
stress-five-minute-soak,2729,28.5122,-1,30.8360,-1.0000,-1.0000,-1.0000,-1.0000,-1.0000,-1.0000,-1.0000,-1.0000,-1.0000,-1,-1,-1,-1,-1,-1,-1,-1,-1,0,0,3277100999983,11.1193,3.3162,7.2354,-1,-1,162,6991,2166
stress-five-minute-soak,2730,28.7228,-1,28.6700,-1.0000,-1.0000,-1.0000,-1.0000,-1.0000,-1.0000,-1.0000,-1.0000,-1.0000,-1,-1,-1,-1,-1,-1,-1,-1,-1,0,0,3277101183639,4.6389,3.1102,25.3566,-1,-1,162,6991,2166
stress-five-minute-soak,2731,28.1114,-1,28.2089,-1.0000,-1.0000,-1.0000,-1.0000,-1.0000,-1.0000,-1.0000,-1.0000,-1.0000,-1,-1,-1,-1,-1,-1,-1,-1,-1,0,0,3277101483689,10.8564,3.0456,19.4576,-1,-1,162,6990,2165
stress-five-minute-soak,2732,33.0231,-1,-1.0000,-1.0000,-1.0000,-1.0000,-1.0000,-1.0000,-1.0000,-1.0000,-1.0000,-1.0000,-1,-1,-1,-1,-1,-1,-1,-1,-1,0,0,3277101786944,6.4102,3.6265,22.0904,-1,-1,162,6990,2165
stress-five-minute-soak,2733,26.3523,-1,27.6380,-1.0000,-1.0000,-1.0000,-1.0000,-1.0000,-1.0000,-1.0000,-1.0000,-1.0000,-1,-1,-1,-1,-1,-1,-1,-1,-1,0,0,3277102072067,10.5749,3.4999,18.1364,-1,-1,162,6990,2165
stress-five-minute-soak,2776,22.7997,-1,12.9682,-1.0000,-1.0000,-1.0000,-1.0000,-1.0000,-1.0000,-1.0000,-1.0000,-1.0000,-1,-1,-1,-1,-1,-1,-1,-1,-1,0,0,3277108852087,4.5672,4.3212,8.4925,-1,-1,162,6989,2164
stress-five-minute-soak,2777,29.9215,-1,23.4918,-1.0000,-1.0000,-1.0000,-1.0000,-1.0000,-1.0000,-1.0000,-1.0000,-1.0000,-1,-1,-1,-1,-1,-1,-1,-1,-1,0,0,3277108982819,10.7288,3.5649,1.6074,-1,-1,162,6989,2164
stress-five-minute-soak,2778,34.7363,-1,30.3071,-1.0000,-1.0000,-1.0000,-1.0000,-1.0000,-1.0000,-1.0000,-1.0000,-1.0000,-1,-1,-1,-1,-1,-1,-1,-1,-1,0,0,3277109106310,5.1589,3.3711,10.8516,-1,-1,162,6989,2164
stress-five-minute-soak,2779,35.3715,-1,34.4781,-1.0000,-1.0000,-1.0000,-1.0000,-1.0000,-1.0000,-1.0000,-1.0000,-1.0000,-1,-1,-1,-1,-1,-1,-1,-1,-1,0,0,3277109266473,4.7282,3.5762,18.0623,-1,-1,162,6989,2164
stress-five-minute-soak,2780,36.3249,-1,35.4171,-1.0000,-1.0000,-1.0000,-1.0000,-1.0000,-1.0000,-1.0000,-1.0000,-1.0000,-1,-1,-1,-1,-1,-1,-1,-1,-1,0,0,3277109494499,11.4324,4.2413,18.4771,-1,-1,162,6989,2164
stress-five-minute-soak,2781,35.1312,-1,35.3828,-1.0000,-1.0000,-1.0000,-1.0000,-1.0000,-1.0000,-1.0000,-1.0000,-1.0000,-1,-1,-1,-1,-1,-1,-1,-1,-1,0,0,3277109793717,6.9283,3.6885,27.7978,-1,-1,162,6989,2164
stress-five-minute-soak,2782,28.5161,-1,34.8180,-1.0000,-1.0000,-1.0000,-1.0000,-1.0000,-1.0000,-1.0000,-1.0000,-1.0000,-1,-1,-1,-1,-1,-1,-1,-1,-1,0,0,3277110141098,12.1824,4.6964,23.1761,-1,-1,162,6985,2164
stress-five-minute-soak,2783,23.9200,-1,28.6651,-1.0000,-1.0000,-1.0000,-1.0000,-1.0000,-1.0000,-1.0000,-1.0000,-1.0000,-1,-1,-1,-1,-1,-1,-1,-1,-1,0,0,3277110494816,14.8832,4.0145,21.4261,-1,-1,162,6985,2164
stress-five-minute-soak,2826,24.9720,-1,12.3031,-1.0000,-1.0000,-1.0000,-1.0000,-1.0000,-1.0000,-1.0000,-1.0000,-1.0000,-1,-1,-1,-1,-1,-1,-1,-1,-1,0,0,3277116992745,12.1252,3.7594,1.5744,-1,-1,162,6987,2162
stress-five-minute-soak,2827,32.9153,-1,25.3069,-1.0000,-1.0000,-1.0000,-1.0000,-1.0000,-1.0000,-1.0000,-1.0000,-1.0000,-1,-1,-1,-1,-1,-1,-1,-1,-1,0,0,3277117129863,5.0890,3.5596,7.6250,-1,-1,162,6987,2162
stress-five-minute-soak,2828,30.0033,-1,32.1587,-1.0000,-1.0000,-1.0000,-1.0000,-1.0000,-1.0000,-1.0000,-1.0000,-1.0000,-1,-1,-1,-1,-1,-1,-1,-1,-1,0,0,3277117257063,5.0298,4.2558,7.7705,-1,-1,162,6987,2162
stress-five-minute-soak,2829,30.8262,-1,30.8060,-1.0000,-1.0000,-1.0000,-1.0000,-1.0000,-1.0000,-1.0000,-1.0000,-1.0000,-1,-1,-1,-1,-1,-1,-1,-1,-1,0,0,3277117385174,4.5740,3.2190,20.3877,-1,-1,162,6987,2162
stress-five-minute-soak,2830,29.5598,-1,-1.0000,-1.0000,-1.0000,-1.0000,-1.0000,-1.0000,-1.0000,-1.0000,-1.0000,-1.0000,-1,-1,-1,-1,-1,-1,-1,-1,-1,0,0,3277117634911,11.6452,3.3627,21.2822,-1,-1,162,6987,2162
stress-five-minute-soak,2831,29.8517,-1,27.9575,-1.0000,-1.0000,-1.0000,-1.0000,-1.0000,-1.0000,-1.0000,-1.0000,-1.0000,-1,-1,-1,-1,-1,-1,-1,-1,-1,0,0,3277117964302,15.5988,3.1291,14.3672,-1,-1,162,6987,2162
stress-five-minute-soak,2832,24.1250,-1,25.3804,-1.0000,-1.0000,-1.0000,-1.0000,-1.0000,-1.0000,-1.0000,-1.0000,-1.0000,-1,-1,-1,-1,-1,-1,-1,-1,-1,0,0,3277118264093,4.8891,3.6498,25.9421,-1,-1,162,6986,2161
stress-five-minute-soak,3000,46.2913,-1,12.1160,-1.0000,-1.0000,-1.0000,-1.0000,-1.0000,-1.0000,-1.0000,-1.0000,-1.0000,-1,-1,-1,-1,-1,-1,-1,-1,-1,0,0,3277141621094,4.7498,3.4657,11.6446,-1,-1,162,6976,2151
stress-five-minute-soak,3001,84.8545,-1,46.6371,-1.0000,-1.0000,-1.0000,-1.0000,-1.0000,-1.0000,-1.0000,-1.0000,-1.0000,-1,-1,-1,-1,-1,-1,-1,-1,-1,0,0,3277141785095,5.3305,3.5209,8.5692,-1,-1,162,6976,2151
stress-five-minute-soak,3002,74.8626,-1,83.5827,-1.0000,-1.0000,-1.0000,-1.0000,-1.0000,-1.0000,-1.0000,-1.0000,-1.0000,-1,-1,-1,-1,-1,-1,-1,-1,-1,0,0,3277141924196,4.6272,3.6768,7.6339,-1,-1,162,6976,2151
stress-five-minute-soak,3020,51.4342,-1,9.7428,-1.0000,-1.0000,-1.0000,-1.0000,-1.0000,-1.0000,-1.0000,-1.0000,-1.0000,-1,-1,-1,-1,-1,-1,-1,-1,-1,0,0,3277145788162,4.5597,4.9460,4.2793,-1,-1,162,6971,2150
stress-five-minute-soak,3021,82.9693,-1,47.2072,-1.0000,-1.0000,-1.0000,-1.0000,-1.0000,-1.0000,-1.0000,-1.0000,-1.0000,-1,-1,-1,-1,-1,-1,-1,-1,-1,0,0,3277145876676,6.4920,3.7429,3.6210,-1,-1,162,6971,2150
stress-five-minute-soak,3022,79.7031,-1,81.8801,-1.0000,-1.0000,-1.0000,-1.0000,-1.0000,-1.0000,-1.0000,-1.0000,-1.0000,-1,-1,-1,-1,-1,-1,-1,-1,-1,0,0,3277145977886,10.9940,3.7871,0.1201,-1,-1,162,6975,2150
stress-five-minute-soak,3023,80.0869,-1,80.5478,-1.0000,-1.0000,-1.0000,-1.0000,-1.0000,-1.0000,-1.0000,-1.0000,-1.0000,-1,-1,-1,-1,-1,-1,-1,-1,-1,0,0,3277146089145,5.5485,3.0445,45.8897,-1,-1,162,6975,2150
stress-five-minute-soak,3024,81.4951,-1,80.1569,-1.0000,-1.0000,-1.0000,-1.0000,-1.0000,-1.0000,-1.0000,-1.0000,-1.0000,-1,-1,-1,-1,-1,-1,-1,-1,-1,0,0,3277146603679,19.1709,5.1546,63.7666,-1,-1,162,6975,2150
stress-five-minute-soak,3025,39.0926,-1,80.1093,-1.0000,-1.0000,-1.0000,-1.0000,-1.0000,-1.0000,-1.0000,-1.0000,-1.0000,-1,-1,-1,-1,-1,-1,-1,-1,-1,0,0,3277147433361,30.2656,3.9108,49.3820,-1,-1,162,6975,2150
stress-five-minute-soak,3073,48.6747,-1,18.5851,-1.0000,-1.0000,-1.0000,-1.0000,-1.0000,-1.0000,-1.0000,-1.0000,-1.0000,-1,-1,-1,-1,-1,-1,-1,-1,-1,0,0,3277156009780,12.5941,3.4034,3.1391,-1,-1,162,6969,2148
stress-five-minute-soak,3074,81.2639,-1,48.5560,-1.0000,-1.0000,-1.0000,-1.0000,-1.0000,-1.0000,-1.0000,-1.0000,-1.0000,-1,-1,-1,-1,-1,-1,-1,-1,-1,0,0,3277156167234,4.7130,3.5917,6.0455,-1,-1,162,6973,2148
stress-five-minute-soak,3075,80.8779,-1,81.6599,-1.0000,-1.0000,-1.0000,-1.0000,-1.0000,-1.0000,-1.0000,-1.0000,-1.0000,-1,-1,-1,-1,-1,-1,-1,-1,-1,0,0,3277156274909,4.5570,3.1212,13.9980,-1,-1,162,6973,2148
stress-five-minute-soak,3076,77.8529,-1,80.3715,-1.0000,-1.0000,-1.0000,-1.0000,-1.0000,-1.0000,-1.0000,-1.0000,-1.0000,-1,-1,-1,-1,-1,-1,-1,-1,-1,0,0,3277156460578,11.6060,3.3557,37.0570,-1,-1,162,6974,2149
stress-five-minute-soak,3077,57.8514,-1,77.0762,-1.0000,-1.0000,-1.0000,-1.0000,-1.0000,-1.0000,-1.0000,-1.0000,-1.0000,-1,-1,-1,-1,-1,-1,-1,-1,-1,0,0,3277156947308,6.3495,3.5870,74.9042,-1,-1,162,6974,2149
stress-five-minute-soak,3078,28.2244,-1,57.9602,-1.0000,-1.0000,-1.0000,-1.0000,-1.0000,-1.0000,-1.0000,-1.0000,-1.0000,-1,-1,-1,-1,-1,-1,-1,-1,-1,0,0,3277157759966,20.3652,3.7643,60.4991,-1,-1,162,6974,2149
stress-five-minute-soak,3079,24.1374,-1,28.7898,-1.0000,-1.0000,-1.0000,-1.0000,-1.0000,-1.0000,-1.0000,-1.0000,-1.0000,-1,-1,-1,-1,-1,-1,-1,-1,-1,0,0,3277158568735,21.3256,3.4574,56.5153,-1,-1,162,6974,2149
stress-five-minute-soak,3125,58.0568,-1,15.2980,-1.0000,-1.0000,-1.0000,-1.0000,-1.0000,-1.0000,-1.0000,-1.0000,-1.0000,-1,-1,-1,-1,-1,-1,-1,-1,-1,0,0,3277166117995,5.9475,3.8042,9.9365,-1,-1,162,6974,2149
stress-five-minute-soak,3126,79.4898,-1,58.1857,-1.0000,-1.0000,-1.0000,-1.0000,-1.0000,-1.0000,-1.0000,-1.0000,-1.0000,-1,-1,-1,-1,-1,-1,-1,-1,-1,0,0,3277166276896,4.3720,3.2911,6.9752,-1,-1,162,6974,2149
stress-five-minute-soak,3127,68.7595,-1,79.8024,-1.0000,-1.0000,-1.0000,-1.0000,-1.0000,-1.0000,-1.0000,-1.0000,-1.0000,-1,-1,-1,-1,-1,-1,-1,-1,-1,0,0,3277166390491,5.2481,4.1373,10.7679,-1,-1,162,6974,2149
stress-five-minute-soak,3157,36.0837,-1,14.2152,-1.0000,-1.0000,-1.0000,-1.0000,-1.0000,-1.0000,-1.0000,-1.0000,-1.0000,-1,-1,-1,-1,-1,-1,-1,-1,-1,0,0,3277172238409,7.8186,5.3247,11.1030,-1,-1,162,6970,2145
stress-five-minute-soak,3158,81.1196,-1,33.0250,-1.0000,-1.0000,-1.0000,-1.0000,-1.0000,-1.0000,-1.0000,-1.0000,-1.0000,-1,-1,-1,-1,-1,-1,-1,-1,-1,0,0,3277172427727,6.7313,3.9400,10.8796,-1,-1,162,6970,2145
stress-five-minute-soak,3159,79.3591,-1,80.2921,-1.0000,-1.0000,-1.0000,-1.0000,-1.0000,-1.0000,-1.0000,-1.0000,-1.0000,-1,-1,-1,-1,-1,-1,-1,-1,-1,0,0,3277172604000,16.0187,3.2458,0.0096,-1,-1,162,6970,2145
stress-five-minute-soak,3160,81.5160,-1,80.4431,-1.0000,-1.0000,-1.0000,-1.0000,-1.0000,-1.0000,-1.0000,-1.0000,-1.0000,-1,-1,-1,-1,-1,-1,-1,-1,-1,0,0,3277172764460,5.1107,3.2154,30.9689,-1,-1,162,6970,2145
stress-five-minute-soak,3161,81.0277,-1,80.5253,-1.0000,-1.0000,-1.0000,-1.0000,-1.0000,-1.0000,-1.0000,-1.0000,-1.0000,-1,-1,-1,-1,-1,-1,-1,-1,-1,0,0,3277173125325,13.3908,3.8008,67.7183,-1,-1,162,6969,2144
stress-five-minute-soak,3162,52.1426,-1,80.0481,-1.0000,-1.0000,-1.0000,-1.0000,-1.0000,-1.0000,-1.0000,-1.0000,-1.0000,-1,-1,-1,-1,-1,-1,-1,-1,-1,0,0,3277173936559,14.5932,3.4388,64.7477,-1,-1,162,6970,2145
stress-five-minute-soak,3208,22.6431,-1,16.8430,-1.0000,-1.0000,-1.0000,-1.0000,-1.0000,-1.0000,-1.0000,-1.0000,-1.0000,-1,-1,-1,-1,-1,-1,-1,-1,-1,0,0,3277182598928,4.5646,3.6374,9.1060,-1,-1,162,6968,2143
stress-five-minute-soak,3210,23.6086,-1,22.6324,-1.0000,-1.0000,-1.0000,-1.0000,-1.0000,-1.0000,-1.0000,-1.0000,-1.0000,-1,-1,-1,-1,-1,-1,-1,-1,-1,0,0,3277182871094,4.8255,3.1069,11.8133,-1,-1,162,6968,2143
stress-five-minute-soak,3211,23.3847,-1,23.0912,-1.0000,-1.0000,-1.0000,-1.0000,-1.0000,-1.0000,-1.0000,-1.0000,-1.0000,-1,-1,-1,-1,-1,-1,-1,-1,-1,0,0,3277183037607,11.9321,2.9816,10.6958,-1,-1,162,6968,2143
stress-five-minute-soak,3212,24.2720,-1,22.5280,-1.0000,-1.0000,-1.0000,-1.0000,-1.0000,-1.0000,-1.0000,-1.0000,-1.0000,-1,-1,-1,-1,-1,-1,-1,-1,-1,0,0,3277183264005,4.3410,3.1490,17.1871,-1,-1,162,6968,2143
stress-five-minute-soak,3368,27.7564,-1,21.0112,-1.0000,-1.0000,-1.0000,-1.0000,-1.0000,-1.0000,-1.0000,-1.0000,-1.0000,-1,-1,-1,-1,-1,-1,-1,-1,-1,0,0,3277205239326,5.0044,3.1702,6.3958,-1,-1,162,6956,2131
stress-five-minute-soak,3369,27.9514,-1,27.8290,-1.0000,-1.0000,-1.0000,-1.0000,-1.0000,-1.0000,-1.0000,-1.0000,-1.0000,-1,-1,-1,-1,-1,-1,-1,-1,-1,0,0,3277205353428,4.7633,3.0904,8.4672,-1,-1,162,6952,2131
stress-five-minute-soak,3370,30.4613,-1,28.4339,-1.0000,-1.0000,-1.0000,-1.0000,-1.0000,-1.0000,-1.0000,-1.0000,-1.0000,-1,-1,-1,-1,-1,-1,-1,-1,-1,0,0,3277205485837,12.0668,3.1512,8.8793,-1,-1,162,6953,2132
stress-five-minute-soak,3371,28.9641,-1,29.2728,-1.0000,-1.0000,-1.0000,-1.0000,-1.0000,-1.0000,-1.0000,-1.0000,-1.0000,-1,-1,-1,-1,-1,-1,-1,-1,-1,0,0,3277205695415,4.1822,3.0840,23.5656,-1,-1,162,6953,2132
stress-five-minute-soak,3372,29.4381,-1,29.3847,-1.0000,-1.0000,-1.0000,-1.0000,-1.0000,-1.0000,-1.0000,-1.0000,-1.0000,-1,-1,-1,-1,-1,-1,-1,-1,-1,0,0,3277205972998,10.3744,3.7321,17.5642,-1,-1,162,6957,2132
stress-five-minute-soak,3373,28.5279,-1,29.2470,-1.0000,-1.0000,-1.0000,-1.0000,-1.0000,-1.0000,-1.0000,-1.0000,-1.0000,-1,-1,-1,-1,-1,-1,-1,-1,-1,0,0,3277206252503,5.6765,3.4339,24.7742,-1,-1,162,6957,2132
stress-five-minute-soak,3374,24.6462,-1,28.6863,-1.0000,-1.0000,-1.0000,-1.0000,-1.0000,-1.0000,-1.0000,-1.0000,-1.0000,-1,-1,-1,-1,-1,-1,-1,-1,-1,0,0,3277206557122,10.8603,3.8211,18.0907,-1,-1,162,6957,2132
stress-five-minute-soak,3402,29.8158,-1,21.7364,-1.0000,-1.0000,-1.0000,-1.0000,-1.0000,-1.0000,-1.0000,-1.0000,-1.0000,-1,-1,-1,-1,-1,-1,-1,-1,-1,0,0,3277211213504,4.1609,3.7018,13.5748,-1,-1,162,6957,2132
stress-five-minute-soak,3403,24.2316,-1,29.3827,-1.0000,-1.0000,-1.0000,-1.0000,-1.0000,-1.0000,-1.0000,-1.0000,-1.0000,-1,-1,-1,-1,-1,-1,-1,-1,-1,0,0,3277211390955,4.9150,3.9349,12.8828,-1,-1,162,6956,2131
stress-five-minute-soak,3404,22.3683,-1,24.4808,-1.0000,-1.0000,-1.0000,-1.0000,-1.0000,-1.0000,-1.0000,-1.0000,-1.0000,-1,-1,-1,-1,-1,-1,-1,-1,-1,0,0,3277211569051,12.0117,4.3818,9.7208,-1,-1,162,6956,2131
stress-five-minute-soak,3558,29.6629,-1,18.9857,-1.0000,-1.0000,-1.0000,-1.0000,-1.0000,-1.0000,-1.0000,-1.0000,-1.0000,-1,-1,-1,-1,-1,-1,-1,-1,-1,0,0,3277233753572,4.6681,3.2485,6.9750,-1,-1,162,6951,2126
stress-five-minute-soak,3559,31.1003,-1,28.4237,-1.0000,-1.0000,-1.0000,-1.0000,-1.0000,-1.0000,-1.0000,-1.0000,-1.0000,-1,-1,-1,-1,-1,-1,-1,-1,-1,0,0,3277233870121,5.3474,3.5514,6.6417,-1,-1,162,6951,2126
stress-five-minute-soak,3560,31.6928,-1,31.1941,-1.0000,-1.0000,-1.0000,-1.0000,-1.0000,-1.0000,-1.0000,-1.0000,-1.0000,-1,-1,-1,-1,-1,-1,-1,-1,-1,0,0,3277233990118,10.8982,3.1632,7.2374,-1,-1,162,6950,2125
stress-five-minute-soak,3561,30.5320,-1,31.5412,-1.0000,-1.0000,-1.0000,-1.0000,-1.0000,-1.0000,-1.0000,-1.0000,-1.0000,-1,-1,-1,-1,-1,-1,-1,-1,-1,0,0,3277234171570,4.3205,3.1033,25.3312,-1,-1,162,6950,2125
stress-five-minute-soak,3562,29.6714,-1,30.6826,-1.0000,-1.0000,-1.0000,-1.0000,-1.0000,-1.0000,-1.0000,-1.0000,-1.0000,-1,-1,-1,-1,-1,-1,-1,-1,-1,0,0,3277234468203,9.9617,3.1081,21.1282,-1,-1,162,6950,2125
stress-five-minute-soak,3563,31.4149,-1,30.2052,-1.0000,-1.0000,-1.0000,-1.0000,-1.0000,-1.0000,-1.0000,-1.0000,-1.0000,-1,-1,-1,-1,-1,-1,-1,-1,-1,0,0,3277234779228,5.1945,3.5226,26.4679,-1,-1,162,6950,2125
stress-five-minute-soak,3564,27.7696,-1,30.8910,-1.0000,-1.0000,-1.0000,-1.0000,-1.0000,-1.0000,-1.0000,-1.0000,-1.0000,-1,-1,-1,-1,-1,-1,-1,-1,-1,0,0,3277235096149,11.1309,3.6958,19.3857,-1,-1,162,6945,2124
stress-five-minute-soak,3565,23.1912,-1,27.5269,-1.0000,-1.0000,-1.0000,-1.0000,-1.0000,-1.0000,-1.0000,-1.0000,-1.0000,-1,-1,-1,-1,-1,-1,-1,-1,-1,0,0,3277235401449,4.8819,3.4686,24.7798,-1,-1,162,6945,2124
stress-five-minute-soak,3622,72.1319,-1,13.8406,-1.0000,-1.0000,-1.0000,-1.0000,-1.0000,-1.0000,-1.0000,-1.0000,-1.0000,-1,-1,-1,-1,-1,-1,-1,-1,-1,0,0,3277243877167,5.1089,3.7985,9.1033,-1,-1,162,6948,2123
stress-five-minute-soak,3623,79.4786,-1,70.3631,-1.0000,-1.0000,-1.0000,-1.0000,-1.0000,-1.0000,-1.0000,-1.0000,-1.0000,-1,-1,-1,-1,-1,-1,-1,-1,-1,0,0,3277244019399,11.8245,3.0633,2.1795,-1,-1,162,6948,2123
stress-five-minute-soak,3624,70.6829,-1,79.7089,-1.0000,-1.0000,-1.0000,-1.0000,-1.0000,-1.0000,-1.0000,-1.0000,-1.0000,-1,-1,-1,-1,-1,-1,-1,-1,-1,0,0,3277244159541,4.5634,3.0760,10.1780,-1,-1,162,6947,2122
stress-five-minute-soak,3625,47.7746,-1,-1.0000,-1.0000,-1.0000,-1.0000,-1.0000,-1.0000,-1.0000,-1.0000,-1.0000,-1.0000,-1,-1,-1,-1,-1,-1,-1,-1,-1,0,0,3277244307008,4.5017,3.0970,67.6267,-1,-1,162,6943,2122
stress-five-minute-soak,3654,23.6788,-1,16.4352,-1.0000,-1.0000,-1.0000,-1.0000,-1.0000,-1.0000,-1.0000,-1.0000,-1.0000,-1,-1,-1,-1,-1,-1,-1,-1,-1,0,0,3277250069795,4.4533,3.5338,12.6128,-1,-1,162,6947,2122
stress-five-minute-soak,3655,28.5553,-1,22.9722,-1.0000,-1.0000,-1.0000,-1.0000,-1.0000,-1.0000,-1.0000,-1.0000,-1.0000,-1,-1,-1,-1,-1,-1,-1,-1,-1,0,0,3277250240511,4.6544,3.3825,10.9773,-1,-1,162,6945,2122
stress-five-minute-soak,3656,34.3882,-1,-1.0000,-1.0000,-1.0000,-1.0000,-1.0000,-1.0000,-1.0000,-1.0000,-1.0000,-1.0000,-1,-1,-1,-1,-1,-1,-1,-1,-1,0,0,3277250396952,4.2488,3.0800,11.8690,-1,-1,162,6943,2122
stress-five-minute-soak,3875,27.0308,-1,-1.0000,-1.0000,-1.0000,-1.0000,-1.0000,-1.0000,-1.0000,-1.0000,-1.0000,-1.0000,-1,-1,-1,-1,-1,-1,-1,-1,-1,0,0,3277281015384,11.8727,3.8693,1.4207,-1,-1,161,6941,2118
stress-five-minute-soak,3882,25.4181,-1,11.2891,-1.0000,-1.0000,-1.0000,-1.0000,-1.0000,-1.0000,-1.0000,-1.0000,-1.0000,-1,-1,-1,-1,-1,-1,-1,-1,-1,0,0,3277282133109,6.5205,4.1495,8.9297,-1,-1,161,6943,2118
stress-five-minute-soak,3891,25.3526,-1,12.7263,-1.0000,-1.0000,-1.0000,-1.0000,-1.0000,-1.0000,-1.0000,-1.0000,-1.0000,-1,-1,-1,-1,-1,-1,-1,-1,-1,0,0,3277283503735,11.6641,3.7666,4.0923,-1,-1,161,6943,2118
stress-five-minute-soak,3915,24.7955,-1,-1.0000,-1.0000,-1.0000,-1.0000,-1.0000,-1.0000,-1.0000,-1.0000,-1.0000,-1.0000,-1,-1,-1,-1,-1,-1,-1,-1,-1,0,0,3277287050092,11.0734,4.0907,2.2538,-1,-1,161,6943,2118
stress-five-minute-soak,3922,33.6996,-1,-1.0000,-1.0000,-1.0000,-1.0000,-1.0000,-1.0000,-1.0000,-1.0000,-1.0000,-1.0000,-1,-1,-1,-1,-1,-1,-1,-1,-1,0,0,3277288161939,5.7487,4.6208,10.5403,-1,-1,161,6943,2118
stress-five-minute-soak,4497,26.6938,-1,15.8943,-1.0000,-1.0000,-1.0000,-1.0000,-1.0000,-1.0000,-1.0000,-1.0000,-1.0000,-1,-1,-1,-1,-1,-1,-1,-1,-1,0,0,3277366870680,4.3873,4.8945,9.2002,-1,-1,165,6935,2109
stress-five-minute-soak,4498,33.1092,-1,26.3777,-1.0000,-1.0000,-1.0000,-1.0000,-1.0000,-1.0000,-1.0000,-1.0000,-1.0000,-1,-1,-1,-1,-1,-1,-1,-1,-1,0,0,3277367006654,10.6261,3.1192,2.3976,-1,-1,165,6935,2109
stress-five-minute-soak,4499,41.0436,-1,33.7562,-1.0000,-1.0000,-1.0000,-1.0000,-1.0000,-1.0000,-1.0000,-1.0000,-1.0000,-1,-1,-1,-1,-1,-1,-1,-1,-1,0,0,3277367137002,5.4841,3.4814,13.0448,-1,-1,165,6935,2109
stress-five-minute-soak,4500,79.6771,-1,41.5683,-1.0000,-1.0000,-1.0000,-1.0000,-1.0000,-1.0000,-1.0000,-1.0000,-1.0000,-1,-1,-1,-1,-1,-1,-1,-1,-1,0,0,3277367322372,5.1446,3.8113,21.5337,-1,-1,165,6935,2109
stress-five-minute-soak,4501,29.4586,-1,78.8339,-1.0000,-1.0000,-1.0000,-1.0000,-1.0000,-1.0000,-1.0000,-1.0000,-1.0000,-1,-1,-1,-1,-1,-1,-1,-1,-1,0,0,3277367589281,10.3410,5.9850,22.7715,-1,-1,165,6935,2109
stress-five-minute-soak,4531,45.7301,-1,17.7042,-1.0000,-1.0000,-1.0000,-1.0000,-1.0000,-1.0000,-1.0000,-1.0000,-1.0000,-1,-1,-1,-1,-1,-1,-1,-1,-1,0,0,3277372820214,4.3814,3.7612,14.2688,-1,-1,165,6936,2110
stress-five-minute-soak,4532,81.7500,-1,46.0936,-1.0000,-1.0000,-1.0000,-1.0000,-1.0000,-1.0000,-1.0000,-1.0000,-1.0000,-1,-1,-1,-1,-1,-1,-1,-1,-1,0,0,3277373006820,12.8336,3.7418,4.1722,-1,-1,165,6935,2109
stress-five-minute-soak,4533,80.5052,-1,80.9618,-1.0000,-1.0000,-1.0000,-1.0000,-1.0000,-1.0000,-1.0000,-1.0000,-1.0000,-1,-1,-1,-1,-1,-1,-1,-1,-1,0,0,3277373176980,5.1275,3.7837,13.3516,-1,-1,165,6935,2109
stress-five-minute-soak,4534,79.9409,-1,80.3594,-1.0000,-1.0000,-1.0000,-1.0000,-1.0000,-1.0000,-1.0000,-1.0000,-1.0000,-1,-1,-1,-1,-1,-1,-1,-1,-1,0,0,3277373361892,4.5510,3.0799,41.1667,-1,-1,165,6935,2109
stress-five-minute-soak,4535,80.6706,-1,79.9232,-1.0000,-1.0000,-1.0000,-1.0000,-1.0000,-1.0000,-1.0000,-1.0000,-1.0000,-1,-1,-1,-1,-1,-1,-1,-1,-1,0,0,3277373819185,10.6615,3.3295,71.0985,-1,-1,165,6935,2109
stress-five-minute-soak,4536,58.6309,-1,80.3983,-1.0000,-1.0000,-1.0000,-1.0000,-1.0000,-1.0000,-1.0000,-1.0000,-1.0000,-1,-1,-1,-1,-1,-1,-1,-1,-1,0,0,3277374637025,32.8614,3.2854,47.5825,-1,-1,165,6931,2109
stress-five-minute-soak,4566,23.9844,-1,17.5644,-1.0000,-1.0000,-1.0000,-1.0000,-1.0000,-1.0000,-1.0000,-1.0000,-1.0000,-1,-1,-1,-1,-1,-1,-1,-1,-1,0,0,3277381073763,13.3724,3.1244,3.7650,-1,-1,165,6934,2108
stress-five-minute-soak,4567,79.6868,-1,24.4142,-1.0000,-1.0000,-1.0000,-1.0000,-1.0000,-1.0000,-1.0000,-1.0000,-1.0000,-1,-1,-1,-1,-1,-1,-1,-1,-1,0,0,3277381245236,4.6402,3.0608,9.3483,-1,-1,165,6934,2108
stress-five-minute-soak,4568,80.0329,-1,78.2689,-1.0000,-1.0000,-1.0000,-1.0000,-1.0000,-1.0000,-1.0000,-1.0000,-1.0000,-1,-1,-1,-1,-1,-1,-1,-1,-1,0,0,3277381385227,5.2556,3.4043,12.6127,-1,-1,165,6934,2108
stress-five-minute-soak,4569,78.5099,-1,80.2959,-1.0000,-1.0000,-1.0000,-1.0000,-1.0000,-1.0000,-1.0000,-1.0000,-1.0000,-1,-1,-1,-1,-1,-1,-1,-1,-1,0,0,3277381564019,9.8780,3.0827,14.0988,-1,-1,165,6934,2108
stress-five-minute-soak,4570,67.4473,-1,77.7933,-1.0000,-1.0000,-1.0000,-1.0000,-1.0000,-1.0000,-1.0000,-1.0000,-1.0000,-1,-1,-1,-1,-1,-1,-1,-1,-1,0,0,3277381803921,4.5978,3.4689,75.0770,-1,-1,165,6933,2107
stress-five-minute-soak,4571,31.3353,-1,67.8543,-1.0000,-1.0000,-1.0000,-1.0000,-1.0000,-1.0000,-1.0000,-1.0000,-1.0000,-1,-1,-1,-1,-1,-1,-1,-1,-1,0,0,3277382600794,19.8282,4.0078,60.2210,-1,-1,165,6934,2108
stress-five-minute-soak,4572,24.2927,-1,31.0577,-1.0000,-1.0000,-1.0000,-1.0000,-1.0000,-1.0000,-1.0000,-1.0000,-1.0000,-1,-1,-1,-1,-1,-1,-1,-1,-1,0,0,3277383401450,25.5927,3.1361,52.8544,-1,-1,165,6933,2107
stress-five-minute-soak,4604,45.5289,-1,17.4515,-1.0000,-1.0000,-1.0000,-1.0000,-1.0000,-1.0000,-1.0000,-1.0000,-1.0000,-1,-1,-1,-1,-1,-1,-1,-1,-1,0,0,3277389230949,4.1643,3.3392,13.6249,-1,-1,165,6935,2109
stress-five-minute-soak,4605,79.8031,-1,46.1560,-1.0000,-1.0000,-1.0000,-1.0000,-1.0000,-1.0000,-1.0000,-1.0000,-1.0000,-1,-1,-1,-1,-1,-1,-1,-1,-1,0,0,3277389408949,5.3876,3.4490,9.9749,-1,-1,165,6935,2109
stress-five-minute-soak,4606,80.3826,-1,79.7860,-1.0000,-1.0000,-1.0000,-1.0000,-1.0000,-1.0000,-1.0000,-1.0000,-1.0000,-1,-1,-1,-1,-1,-1,-1,-1,-1,0,0,3277389562679,10.1733,3.4900,8.2679,-1,-1,165,6935,2109
stress-five-minute-soak,4607,60.2631,-1,79.7693,-1.0000,-1.0000,-1.0000,-1.0000,-1.0000,-1.0000,-1.0000,-1.0000,-1.0000,-1,-1,-1,-1,-1,-1,-1,-1,-1,0,0,3277389747201,4.6455,3.0102,40.8725,-1,-1,165,6931,2109
stress-five-minute-soak,4608,28.8273,-1,60.3648,-1.0000,-1.0000,-1.0000,-1.0000,-1.0000,-1.0000,-1.0000,-1.0000,-1.0000,-1,-1,-1,-1,-1,-1,-1,-1,-1,0,0,3277390202493,10.3077,3.3991,69.4829,-1,-1,165,6936,2110
stress-five-minute-soak,4644,23.4889,-1,13.4513,-1.0000,-1.0000,-1.0000,-1.0000,-1.0000,-1.0000,-1.0000,-1.0000,-1.0000,-1,-1,-1,-1,-1,-1,-1,-1,-1,0,0,3277397497686,11.5514,3.3174,2.7315,-1,-1,165,6933,2107
stress-five-minute-soak,4645,76.7345,-1,23.5220,-1.0000,-1.0000,-1.0000,-1.0000,-1.0000,-1.0000,-1.0000,-1.0000,-1.0000,-1,-1,-1,-1,-1,-1,-1,-1,-1,0,0,3277397640622,4.7102,3.4764,12.0956,-1,-1,165,6932,2106
stress-five-minute-soak,4646,79.3102,-1,76.2880,-1.0000,-1.0000,-1.0000,-1.0000,-1.0000,-1.0000,-1.0000,-1.0000,-1.0000,-1,-1,-1,-1,-1,-1,-1,-1,-1,0,0,3277397808743,4.5716,3.3263,9.1174,-1,-1,165,6932,2106
stress-five-minute-soak,4647,77.7294,-1,79.5692,-1.0000,-1.0000,-1.0000,-1.0000,-1.0000,-1.0000,-1.0000,-1.0000,-1.0000,-1,-1,-1,-1,-1,-1,-1,-1,-1,0,0,3277397945730,4.6565,3.0276,18.8229,-1,-1,165,6932,2106
stress-five-minute-soak,4648,35.3322,-1,77.0708,-1.0000,-1.0000,-1.0000,-1.0000,-1.0000,-1.0000,-1.0000,-1.0000,-1.0000,-1,-1,-1,-1,-1,-1,-1,-1,-1,0,0,3277398180625,12.2660,3.2930,64.4756,-1,-1,165,6932,2106
stress-five-minute-soak,4649,25.9435,-1,35.5103,-1.0000,-1.0000,-1.0000,-1.0000,-1.0000,-1.0000,-1.0000,-1.0000,-1.0000,-1,-1,-1,-1,-1,-1,-1,-1,-1,0,0,3277398948262,18.3495,3.0912,60.9016,-1,-1,165,6932,2106
stress-five-minute-soak,4650,23.1454,-1,25.8107,-1.0000,-1.0000,-1.0000,-1.0000,-1.0000,-1.0000,-1.0000,-1.0000,-1.0000,-1,-1,-1,-1,-1,-1,-1,-1,-1,0,0,3277399741077,16.6736,3.6662,61.0436,-1,-1,165,6928,2106
stress-five-minute-soak,4687,85.4702,-1,10.7581,-1.0000,-1.0000,-1.0000,-1.0000,-1.0000,-1.0000,-1.0000,-1.0000,-1.0000,-1,-1,-1,-1,-1,-1,-1,-1,-1,0,0,3277405733047,5.7669,3.4280,6.6691,-1,-1,165,6928,2106
stress-five-minute-soak,4688,79.7651,-1,80.5640,-1.0000,-1.0000,-1.0000,-1.0000,-1.0000,-1.0000,-1.0000,-1.0000,-1.0000,-1,-1,-1,-1,-1,-1,-1,-1,-1,0,0,3277405857498,4.1918,3.7243,11.1089,-1,-1,165,6928,2106
stress-five-minute-soak,4689,80.4915,-1,80.0727,-1.0000,-1.0000,-1.0000,-1.0000,-1.0000,-1.0000,-1.0000,-1.0000,-1.0000,-1,-1,-1,-1,-1,-1,-1,-1,-1,0,0,3277406010611,11.2633,3.8564,0.0106,-1,-1,165,6933,2107
stress-five-minute-soak,4690,79.0438,-1,79.8515,-1.0000,-1.0000,-1.0000,-1.0000,-1.0000,-1.0000,-1.0000,-1.0000,-1.0000,-1,-1,-1,-1,-1,-1,-1,-1,-1,0,0,3277406123522,5.8689,3.4755,79.6097,-1,-1,165,6932,2106
stress-five-minute-soak,4691,80.5502,-1,79.7245,-1.0000,-1.0000,-1.0000,-1.0000,-1.0000,-1.0000,-1.0000,-1.0000,-1.0000,-1,-1,-1,-1,-1,-1,-1,-1,-1,0,0,3277406978454,47.9957,3.0797,31.7220,-1,-1,165,6932,2106
stress-five-minute-soak,4692,27.8905,-1,79.8380,-1.0000,-1.0000,-1.0000,-1.0000,-1.0000,-1.0000,-1.0000,-1.0000,-1.0000,-1,-1,-1,-1,-1,-1,-1,-1,-1,0,0,3277407775867,11.7599,3.2342,68.7401,-1,-1,165,6932,2106
stress-five-minute-soak,4725,24.3413,-1,16.1091,-1.0000,-1.0000,-1.0000,-1.0000,-1.0000,-1.0000,-1.0000,-1.0000,-1.0000,-1,-1,-1,-1,-1,-1,-1,-1,-1,0,0,3277414051826,10.7913,3.0537,0.0089,-1,-1,165,6931,2105
stress-five-minute-soak,4726,31.7808,-1,25.0755,-1.0000,-1.0000,-1.0000,-1.0000,-1.0000,-1.0000,-1.0000,-1.0000,-1.0000,-1,-1,-1,-1,-1,-1,-1,-1,-1,0,0,3277414159964,4.9430,3.2290,8.9614,-1,-1,165,6931,2105
stress-five-minute-soak,4727,29.7403,-1,31.4181,-1.0000,-1.0000,-1.0000,-1.0000,-1.0000,-1.0000,-1.0000,-1.0000,-1.0000,-1,-1,-1,-1,-1,-1,-1,-1,-1,0,0,3277414299069,5.0823,3.2956,12.0210,-1,-1,165,6931,2105
stress-five-minute-soak,4728,29.0293,-1,29.6138,-1.0000,-1.0000,-1.0000,-1.0000,-1.0000,-1.0000,-1.0000,-1.0000,-1.0000,-1,-1,-1,-1,-1,-1,-1,-1,-1,0,0,3277414470204,10.4736,3.9632,13.8568,-1,-1,165,6931,2105
stress-five-minute-soak,4729,27.6535,-1,28.9938,-1.0000,-1.0000,-1.0000,-1.0000,-1.0000,-1.0000,-1.0000,-1.0000,-1.0000,-1,-1,-1,-1,-1,-1,-1,-1,-1,0,0,3277414713624,4.7650,3.4256,27.0042,-1,-1,165,6931,2105
stress-five-minute-soak,4730,27.3563,-1,27.7404,-1.0000,-1.0000,-1.0000,-1.0000,-1.0000,-1.0000,-1.0000,-1.0000,-1.0000,-1,-1,-1,-1,-1,-1,-1,-1,-1,0,0,3277415031444,10.5008,3.2676,19.2272,-1,-1,165,6927,2105
stress-five-minute-soak,4731,25.6028,-1,27.1690,-1.0000,-1.0000,-1.0000,-1.0000,-1.0000,-1.0000,-1.0000,-1.0000,-1.0000,-1,-1,-1,-1,-1,-1,-1,-1,-1,0,0,3277415328836,4.7390,3.9544,24.2774,-1,-1,165,6927,2105
stress-five-minute-soak,4878,22.5919,-1,21.6392,-1.0000,-1.0000,-1.0000,-1.0000,-1.0000,-1.0000,-1.0000,-1.0000,-1.0000,-1,-1,-1,-1,-1,-1,-1,-1,-1,0,0,3277436661668,4.7422,4.2299,12.1293,-1,-1,165,6923,2097
stress-five-minute-soak,4880,23.2811,-1,22.3380,-1.0000,-1.0000,-1.0000,-1.0000,-1.0000,-1.0000,-1.0000,-1.0000,-1.0000,-1,-1,-1,-1,-1,-1,-1,-1,-1,0,0,3277436987756,13.0728,3.6101,8.0628,-1,-1,165,6923,2097
stress-five-minute-soak,4883,22.7488,-1,21.6481,-1.0000,-1.0000,-1.0000,-1.0000,-1.0000,-1.0000,-1.0000,-1.0000,-1.0000,-1,-1,-1,-1,-1,-1,-1,-1,-1,0,0,3277437639051,11.3541,3.2633,11.9175,-1,-1,165,6923,2097
stress-five-minute-soak,4884,31.7275,-1,-1.0000,-1.0000,-1.0000,-1.0000,-1.0000,-1.0000,-1.0000,-1.0000,-1.0000,-1.0000,-1,-1,-1,-1,-1,-1,-1,-1,-1,0,0,3277437871877,4.6240,3.4939,17.0641,-1,-1,165,6923,2097
stress-five-minute-soak,4885,22.8754,-1,21.5977,-1.0000,-1.0000,-1.0000,-1.0000,-1.0000,-1.0000,-1.0000,-1.0000,-1.0000,-1,-1,-1,-1,-1,-1,-1,-1,-1,0,0,3277438088887,13.8446,4.0865,7.8436,-1,-1,165,6923,2097
stress-five-minute-soak,4989,22.8504,-1,11.8994,-1.0000,-1.0000,-1.0000,-1.0000,-1.0000,-1.0000,-1.0000,-1.0000,-1.0000,-1,-1,-1,-1,-1,-1,-1,-1,-1,0,0,3277452666367,4.6322,3.6338,11.5281,-1,-1,165,6919,2093
stress-five-minute-soak,4990,25.6608,-1,18.5702,-1.0000,-1.0000,-1.0000,-1.0000,-1.0000,-1.0000,-1.0000,-1.0000,-1.0000,-1,-1,-1,-1,-1,-1,-1,-1,-1,0,0,3277452828029,5.6182,3.3976,6.7537,-1,-1,165,6919,2093
stress-five-minute-soak,4991,37.0422,-1,-1.0000,-1.0000,-1.0000,-1.0000,-1.0000,-1.0000,-1.0000,-1.0000,-1.0000,-1.0000,-1,-1,-1,-1,-1,-1,-1,-1,-1,0,0,3277452951866,13.4001,3.2179,0.0143,-1,-1,165,6919,2093
stress-five-minute-soak,4992,38.6958,-1,33.2951,-1.0000,-1.0000,-1.0000,-1.0000,-1.0000,-1.0000,-1.0000,-1.0000,-1.0000,-1,-1,-1,-1,-1,-1,-1,-1,-1,0,0,3277453086200,4.5354,3.0621,18.2981,-1,-1,165,6919,2093
stress-five-minute-soak,4993,34.4063,-1,34.1706,-1.0000,-1.0000,-1.0000,-1.0000,-1.0000,-1.0000,-1.0000,-1.0000,-1.0000,-1,-1,-1,-1,-1,-1,-1,-1,-1,0,0,3277453314606,4.2264,3.3357,21.4417,-1,-1,165,6920,2094
stress-five-minute-soak,4994,34.2674,-1,-1.0000,-1.0000,-1.0000,-1.0000,-1.0000,-1.0000,-1.0000,-1.0000,-1.0000,-1.0000,-1,-1,-1,-1,-1,-1,-1,-1,-1,0,0,3277453571463,36.9759,3.0670,0.0075,-1,-1,165,6920,2094
stress-five-minute-soak,4995,29.3389,-1,34.0357,-1.0000,-1.0000,-1.0000,-1.0000,-1.0000,-1.0000,-1.0000,-1.0000,-1.0000,-1,-1,-1,-1,-1,-1,-1,-1,-1,0,0,3277453941583,5.7356,3.4695,32.9603,-1,-1,165,6920,2094
stress-five-minute-soak,5013,52.1406,-1,15.0536,-1.0000,-1.0000,-1.0000,-1.0000,-1.0000,-1.0000,-1.0000,-1.0000,-1.0000,-1,-1,-1,-1,-1,-1,-1,-1,-1,0,0,3277457013680,10.1380,3.1359,8.0155,-1,-1,165,6918,2092
stress-five-minute-soak,5014,79.8041,-1,52.5496,-1.0000,-1.0000,-1.0000,-1.0000,-1.0000,-1.0000,-1.0000,-1.0000,-1.0000,-1,-1,-1,-1,-1,-1,-1,-1,-1,0,0,3277457195306,5.0655,4.1549,9.4901,-1,-1,165,6918,2092
stress-five-minute-soak,5015,80.6219,-1,79.7499,-1.0000,-1.0000,-1.0000,-1.0000,-1.0000,-1.0000,-1.0000,-1.0000,-1.0000,-1,-1,-1,-1,-1,-1,-1,-1,-1,0,0,3277457340968,4.4090,3.0491,11.1552,-1,-1,165,6919,2093
stress-five-minute-soak,5016,75.4296,-1,79.6360,-1.0000,-1.0000,-1.0000,-1.0000,-1.0000,-1.0000,-1.0000,-1.0000,-1.0000,-1,-1,-1,-1,-1,-1,-1,-1,-1,0,0,3277457496727,10.1573,3.1510,41.9732,-1,-1,165,6920,2094
stress-five-minute-soak,5017,35.4139,-1,75.4363,-1.0000,-1.0000,-1.0000,-1.0000,-1.0000,-1.0000,-1.0000,-1.0000,-1.0000,-1,-1,-1,-1,-1,-1,-1,-1,-1,0,0,3277458018143,12.9638,3.3136,66.8324,-1,-1,165,6920,2094
stress-five-minute-soak,5018,26.8677,-1,35.1398,-1.0000,-1.0000,-1.0000,-1.0000,-1.0000,-1.0000,-1.0000,-1.0000,-1.0000,-1,-1,-1,-1,-1,-1,-1,-1,-1,0,0,3277458816255,17.9821,3.2719,62.6174,-1,-1,165,6920,2094
stress-five-minute-soak,5020,23.6206,-1,21.9983,-1.0000,-1.0000,-1.0000,-1.0000,-1.0000,-1.0000,-1.0000,-1.0000,-1.0000,-1,-1,-1,-1,-1,-1,-1,-1,-1,0,0,3277460376733,12.8303,3.1617,22.5667,-1,-1,165,6915,2093
stress-five-minute-soak,5449,27.3427,-1,22.6322,-1.0000,-1.0000,-1.0000,-1.0000,-1.0000,-1.0000,-1.0000,-1.0000,-1.0000,-1,-1,-1,-1,-1,-1,-1,-1,-1,0,0,3277518494263,11.4794,3.6182,1.8502,-1,-1,165,6911,2085
stress-five-minute-soak,5450,29.3218,-1,27.2399,-1.0000,-1.0000,-1.0000,-1.0000,-1.0000,-1.0000,-1.0000,-1.0000,-1.0000,-1,-1,-1,-1,-1,-1,-1,-1,-1,0,0,3277518627659,4.6045,3.9649,16.6597,-1,-1,165,6910,2084
stress-five-minute-soak,5451,29.6300,-1,29.1540,-1.0000,-1.0000,-1.0000,-1.0000,-1.0000,-1.0000,-1.0000,-1.0000,-1.0000,-1,-1,-1,-1,-1,-1,-1,-1,-1,0,0,3277518840380,4.9149,3.9368,17.1313,-1,-1,165,6910,2084
stress-five-minute-soak,5452,28.1990,-1,29.1825,-1.0000,-1.0000,-1.0000,-1.0000,-1.0000,-1.0000,-1.0000,-1.0000,-1.0000,-1,-1,-1,-1,-1,-1,-1,-1,-1,0,0,3277519060971,10.1387,3.8188,17.1948,-1,-1,165,6910,2084
stress-five-minute-soak,5453,30.4637,-1,29.0222,-1.0000,-1.0000,-1.0000,-1.0000,-1.0000,-1.0000,-1.0000,-1.0000,-1.0000,-1,-1,-1,-1,-1,-1,-1,-1,-1,0,0,3277519334423,4.9566,4.7693,24.3513,-1,-1,165,6909,2083
stress-five-minute-soak,5454,28.2518,-1,29.2536,-1.0000,-1.0000,-1.0000,-1.0000,-1.0000,-1.0000,-1.0000,-1.0000,-1.0000,-1,-1,-1,-1,-1,-1,-1,-1,-1,0,0,3277519627623,16.9330,4.5271,12.6842,-1,-1,165,6907,2081
stress-five-minute-soak,5455,24.4101,-1,28.6779,-1.0000,-1.0000,-1.0000,-1.0000,-1.0000,-1.0000,-1.0000,-1.0000,-1.0000,-1,-1,-1,-1,-1,-1,-1,-1,-1,0,0,3277519923947,5.4549,4.3202,22.7289,-1,-1,165,6907,2081
stress-five-minute-soak,5456,23.5383,-1,25.1343,-1.0000,-1.0000,-1.0000,-1.0000,-1.0000,-1.0000,-1.0000,-1.0000,-1.0000,-1,-1,-1,-1,-1,-1,-1,-1,-1,0,0,3277520205923,11.7540,3.6946,18.6983,-1,-1,165,6903,2081
stress-five-minute-soak,5458,27.6618,-1,-1.0000,-1.0000,-1.0000,-1.0000,-1.0000,-1.0000,-1.0000,-1.0000,-1.0000,-1.0000,-1,-1,-1,-1,-1,-1,-1,-1,-1,0,0,3277520793072,5.7569,3.3322,18.6406,-1,-1,165,6903,2081
stress-five-minute-soak,5483,24.4807,-1,21.4500,-1.0000,-1.0000,-1.0000,-1.0000,-1.0000,-1.0000,-1.0000,-1.0000,-1.0000,-1,-1,-1,-1,-1,-1,-1,-1,-1,0,0,3277524611847,11.8655,3.8189,5.1079,-1,-1,165,6908,2082
stress-five-minute-soak,5796,24.9083,-1,-1.0000,-1.0000,-1.0000,-1.0000,-1.0000,-1.0000,-1.0000,-1.0000,-1.0000,-1.0000,-1,-1,-1,-1,-1,-1,-1,-1,-1,0,0,3277568011583,16.9894,4.4933,0.0131,-1,-1,164,6914,2088
stress-five-minute-soak,7603,22.8389,-1,-1.0000,-1.0000,-1.0000,-1.0000,-1.0000,-1.0000,-1.0000,-1.0000,-1.0000,-1.0000,-1,-1,-1,-1,-1,-1,-1,-1,-1,0,0,3277815041820,13.1625,6.0794,0.2959,-1,-1,164,6917,2091
stress-five-minute-soak,7636,38.0054,-1,-1.0000,-1.0000,-1.0000,-1.0000,-1.0000,-1.0000,-1.0000,-1.0000,-1.0000,-1.0000,-1,-1,-1,-1,-1,-1,-1,-1,-1,0,0,3277820016652,17.4552,3.7531,0.0123,-1,-1,164,6918,2092
stress-five-minute-soak,8011,24.6102,-1,13.0074,-1.0000,-1.0000,-1.0000,-1.0000,-1.0000,-1.0000,-1.0000,-1.0000,-1.0000,-1,-1,-1,-1,-1,-1,-1,-1,-1,0,0,3277872626233,4.2919,3.0637,9.3905,-1,-1,164,6932,2106
stress-five-minute-soak,8012,79.6635,-1,23.6831,-1.0000,-1.0000,-1.0000,-1.0000,-1.0000,-1.0000,-1.0000,-1.0000,-1.0000,-1,-1,-1,-1,-1,-1,-1,-1,-1,0,0,3277872763120,4.6781,3.3464,9.5987,-1,-1,164,6932,2106
stress-five-minute-soak,8013,80.1613,-1,79.8205,-1.0000,-1.0000,-1.0000,-1.0000,-1.0000,-1.0000,-1.0000,-1.0000,-1.0000,-1,-1,-1,-1,-1,-1,-1,-1,-1,0,0,3277872905984,5.4615,3.0467,7.3065,-1,-1,164,6932,2106
stress-five-minute-soak,8014,36.4145,-1,80.1234,-1.0000,-1.0000,-1.0000,-1.0000,-1.0000,-1.0000,-1.0000,-1.0000,-1.0000,-1,-1,-1,-1,-1,-1,-1,-1,-1,0,0,3277873033758,11.8863,3.4178,12.7175,-1,-1,164,6932,2106
stress-five-minute-soak,8043,42.1187,-1,11.5297,-1.0000,-1.0000,-1.0000,-1.0000,-1.0000,-1.0000,-1.0000,-1.0000,-1.0000,-1,-1,-1,-1,-1,-1,-1,-1,-1,0,0,3277878626943,10.9093,2.9100,6.6690,-1,-1,164,6929,2103
stress-five-minute-soak,8044,79.9897,-1,37.3524,-1.0000,-1.0000,-1.0000,-1.0000,-1.0000,-1.0000,-1.0000,-1.0000,-1.0000,-1,-1,-1,-1,-1,-1,-1,-1,-1,0,0,3277878802831,4.5836,3.3922,12.7110,-1,-1,164,6929,2103
stress-five-minute-soak,8045,79.7777,-1,80.0730,-1.0000,-1.0000,-1.0000,-1.0000,-1.0000,-1.0000,-1.0000,-1.0000,-1.0000,-1,-1,-1,-1,-1,-1,-1,-1,-1,0,0,3277878975895,13.5875,3.4090,0.0174,-1,-1,164,6929,2103
stress-five-minute-soak,8046,79.6028,-1,79.5745,-1.0000,-1.0000,-1.0000,-1.0000,-1.0000,-1.0000,-1.0000,-1.0000,-1.0000,-1,-1,-1,-1,-1,-1,-1,-1,-1,0,0,3277879112192,4.6622,3.6734,37.4407,-1,-1,164,6928,2102
stress-five-minute-soak,8047,79.7386,-1,79.6603,-1.0000,-1.0000,-1.0000,-1.0000,-1.0000,-1.0000,-1.0000,-1.0000,-1.0000,-1,-1,-1,-1,-1,-1,-1,-1,-1,0,0,3277879533291,11.7980,3.1254,68.1846,-1,-1,164,6924,2102
stress-five-minute-soak,8048,79.3440,-1,79.0710,-1.0000,-1.0000,-1.0000,-1.0000,-1.0000,-1.0000,-1.0000,-1.0000,-1.0000,-1,-1,-1,-1,-1,-1,-1,-1,-1,0,0,3277880333243,17.3647,3.0775,62.3962,-1,-1,164,6929,2103
stress-five-minute-soak,8094,33.2940,-1,22.6941,-1.0000,-1.0000,-1.0000,-1.0000,-1.0000,-1.0000,-1.0000,-1.0000,-1.0000,-1,-1,-1,-1,-1,-1,-1,-1,-1,0,0,3277889186066,5.1903,3.9960,8.8240,-1,-1,164,6929,2103
stress-five-minute-soak,8095,34.4067,-1,31.4437,-1.0000,-1.0000,-1.0000,-1.0000,-1.0000,-1.0000,-1.0000,-1.0000,-1.0000,-1,-1,-1,-1,-1,-1,-1,-1,-1,0,0,3277889326270,4.3645,3.3860,9.0376,-1,-1,164,6929,2103
stress-five-minute-soak,8096,35.7164,-1,35.4199,-1.0000,-1.0000,-1.0000,-1.0000,-1.0000,-1.0000,-1.0000,-1.0000,-1.0000,-1,-1,-1,-1,-1,-1,-1,-1,-1,0,0,3277889460387,10.9260,3.4134,11.0296,-1,-1,164,6929,2103
stress-five-minute-soak,8097,34.2986,-1,35.5784,-1.0000,-1.0000,-1.0000,-1.0000,-1.0000,-1.0000,-1.0000,-1.0000,-1.0000,-1,-1,-1,-1,-1,-1,-1,-1,-1,0,0,3277889680085,4.7465,3.2445,28.5427,-1,-1,164,6928,2102
stress-five-minute-soak,8098,32.7693,-1,34.1975,-1.0000,-1.0000,-1.0000,-1.0000,-1.0000,-1.0000,-1.0000,-1.0000,-1.0000,-1,-1,-1,-1,-1,-1,-1,-1,-1,0,0,3277890013136,18.9793,3.2569,15.3856,-1,-1,164,6924,2102
stress-five-minute-soak,8099,29.9412,-1,33.6937,-1.0000,-1.0000,-1.0000,-1.0000,-1.0000,-1.0000,-1.0000,-1.0000,-1.0000,-1,-1,-1,-1,-1,-1,-1,-1,-1,0,0,3277890357029,4.8013,3.2957,30.9040,-1,-1,164,6924,2102
stress-five-minute-soak,8100,22.9240,-1,28.2734,-1.0000,-1.0000,-1.0000,-1.0000,-1.0000,-1.0000,-1.0000,-1.0000,-1.0000,-1,-1,-1,-1,-1,-1,-1,-1,-1,0,0,3277890714200,12.1856,3.4718,22.0983,-1,-1,164,6928,2102
stress-five-minute-soak,8141,58.0191,-1,16.6111,-1.0000,-1.0000,-1.0000,-1.0000,-1.0000,-1.0000,-1.0000,-1.0000,-1.0000,-1,-1,-1,-1,-1,-1,-1,-1,-1,0,0,3277897355774,4.2630,3.3782,9.0536,-1,-1,164,6930,2104
stress-five-minute-soak,8142,80.6969,-1,57.7930,-1.0000,-1.0000,-1.0000,-1.0000,-1.0000,-1.0000,-1.0000,-1.0000,-1.0000,-1,-1,-1,-1,-1,-1,-1,-1,-1,0,0,3277897489057,10.0256,3.7019,3.8851,-1,-1,164,6930,2104
stress-five-minute-soak,8143,79.8793,-1,80.0120,-1.0000,-1.0000,-1.0000,-1.0000,-1.0000,-1.0000,-1.0000,-1.0000,-1.0000,-1,-1,-1,-1,-1,-1,-1,-1,-1,0,0,3277897628273,4.1904,3.5024,12.5934,-1,-1,164,6930,2104
stress-five-minute-soak,8144,80.1860,-1,79.8600,-1.0000,-1.0000,-1.0000,-1.0000,-1.0000,-1.0000,-1.0000,-1.0000,-1.0000,-1,-1,-1,-1,-1,-1,-1,-1,-1,0,0,3277897796214,5.1162,3.0936,52.8670,-1,-1,164,6930,2104
stress-five-minute-soak,8145,79.3029,-1,79.7245,-1.0000,-1.0000,-1.0000,-1.0000,-1.0000,-1.0000,-1.0000,-1.0000,-1.0000,-1,-1,-1,-1,-1,-1,-1,-1,-1,0,0,3277898376420,12.0511,3.3950,68.6323,-1,-1,164,6930,2104
stress-five-minute-soak,8146,39.6829,-1,79.5482,-1.0000,-1.0000,-1.0000,-1.0000,-1.0000,-1.0000,-1.0000,-1.0000,-1.0000,-1,-1,-1,-1,-1,-1,-1,-1,-1,0,0,3277899183394,19.5148,3.6216,60.3512,-1,-1,164,6925,2103
stress-five-minute-soak,8194,23.1380,-1,15.5868,-1.0000,-1.0000,-1.0000,-1.0000,-1.0000,-1.0000,-1.0000,-1.0000,-1.0000,-1,-1,-1,-1,-1,-1,-1,-1,-1,0,0,3277907725092,4.4766,3.7279,5.3658,-1,-1,164,6932,2106
stress-five-minute-soak,8277,45.9248,-1,13.8568,-1.0000,-1.0000,-1.0000,-1.0000,-1.0000,-1.0000,-1.0000,-1.0000,-1.0000,-1,-1,-1,-1,-1,-1,-1,-1,-1,0,0,3277919805026,5.9926,3.6587,5.7418,-1,-1,164,6931,2105
stress-five-minute-soak,8278,82.9814,-1,45.0307,-1.0000,-1.0000,-1.0000,-1.0000,-1.0000,-1.0000,-1.0000,-1.0000,-1.0000,-1,-1,-1,-1,-1,-1,-1,-1,-1,0,0,3277919922459,4.7863,3.4855,7.1047,-1,-1,164,6935,2109
stress-five-minute-soak,8279,78.8874,-1,82.8516,-1.0000,-1.0000,-1.0000,-1.0000,-1.0000,-1.0000,-1.0000,-1.0000,-1.0000,-1,-1,-1,-1,-1,-1,-1,-1,-1,0,0,3277920041476,9.9132,3.1797,4.5789,-1,-1,164,6931,2109
stress-five-minute-soak,8310,22.2767,-1,17.6579,-1.0000,-1.0000,-1.0000,-1.0000,-1.0000,-1.0000,-1.0000,-1.0000,-1.0000,-1,-1,-1,-1,-1,-1,-1,-1,-1,0,0,3277925823150,4.1277,3.3476,13.9976,-1,-1,164,6931,2109
stress-five-minute-soak,8311,72.2916,-1,22.5751,-1.0000,-1.0000,-1.0000,-1.0000,-1.0000,-1.0000,-1.0000,-1.0000,-1.0000,-1,-1,-1,-1,-1,-1,-1,-1,-1,0,0,3277926004513,13.7161,3.5434,3.1860,-1,-1,164,6935,2109
stress-five-minute-soak,8312,79.5294,-1,71.1895,-1.0000,-1.0000,-1.0000,-1.0000,-1.0000,-1.0000,-1.0000,-1.0000,-1.0000,-1,-1,-1,-1,-1,-1,-1,-1,-1,0,0,3277926173630,4.2604,3.4131,14.4506,-1,-1,164,6935,2109
stress-five-minute-soak,8313,80.1391,-1,80.0806,-1.0000,-1.0000,-1.0000,-1.0000,-1.0000,-1.0000,-1.0000,-1.0000,-1.0000,-1,-1,-1,-1,-1,-1,-1,-1,-1,0,0,3277926360844,4.6033,3.4246,17.6653,-1,-1,164,6936,2110
stress-five-minute-soak,8314,76.8274,-1,79.4739,-1.0000,-1.0000,-1.0000,-1.0000,-1.0000,-1.0000,-1.0000,-1.0000,-1.0000,-1,-1,-1,-1,-1,-1,-1,-1,-1,0,0,3277926583629,10.6835,3.8959,61.5978,-1,-1,164,6936,2110
stress-five-minute-soak,8315,41.7878,-1,76.6666,-1.0000,-1.0000,-1.0000,-1.0000,-1.0000,-1.0000,-1.0000,-1.0000,-1.0000,-1,-1,-1,-1,-1,-1,-1,-1,-1,0,0,3277927306552,10.7839,4.1398,68.7456,-1,-1,164,6937,2111
stress-five-minute-soak,8316,27.4711,-1,41.9016,-1.0000,-1.0000,-1.0000,-1.0000,-1.0000,-1.0000,-1.0000,-1.0000,-1.0000,-1,-1,-1,-1,-1,-1,-1,-1,-1,0,0,3277928101978,22.1064,6.0060,58.0087,-1,-1,164,6937,2111
stress-five-minute-soak,8347,23.7233,-1,21.7362,-1.0000,-1.0000,-1.0000,-1.0000,-1.0000,-1.0000,-1.0000,-1.0000,-1.0000,-1,-1,-1,-1,-1,-1,-1,-1,-1,0,0,3277934142655,5.6212,3.7618,12.1251,-1,-1,164,6937,2111
stress-five-minute-soak,8359,79.1980,-1,17.7600,-1.0000,-1.0000,-1.0000,-1.0000,-1.0000,-1.0000,-1.0000,-1.0000,-1.0000,-1,-1,-1,-1,-1,-1,-1,-1,-1,0,0,3277936128325,4.7546,4.1698,9.6366,-1,-1,164,6936,2110
stress-five-minute-soak,8360,79.7237,-1,79.0671,-1.0000,-1.0000,-1.0000,-1.0000,-1.0000,-1.0000,-1.0000,-1.0000,-1.0000,-1,-1,-1,-1,-1,-1,-1,-1,-1,0,0,3277936272305,4.3942,3.9104,8.7558,-1,-1,164,6936,2110
stress-five-minute-soak,8361,50.4899,-1,79.9327,-1.0000,-1.0000,-1.0000,-1.0000,-1.0000,-1.0000,-1.0000,-1.0000,-1.0000,-1,-1,-1,-1,-1,-1,-1,-1,-1,0,0,3277936403920,5.6034,3.4593,12.0723,-1,-1,164,6938,2112
stress-five-minute-soak,8392,70.1412,-1,17.2444,-1.0000,-1.0000,-1.0000,-1.0000,-1.0000,-1.0000,-1.0000,-1.0000,-1.0000,-1,-1,-1,-1,-1,-1,-1,-1,-1,0,0,3277942342403,4.8272,3.5931,13.7456,-1,-1,164,6938,2112
stress-five-minute-soak,8393,78.8130,-1,69.8263,-1.0000,-1.0000,-1.0000,-1.0000,-1.0000,-1.0000,-1.0000,-1.0000,-1.0000,-1,-1,-1,-1,-1,-1,-1,-1,-1,0,0,3277942528228,9.6789,3.0184,7.2461,-1,-1,164,6938,2112
stress-five-minute-soak,8394,80.7977,-1,79.5059,-1.0000,-1.0000,-1.0000,-1.0000,-1.0000,-1.0000,-1.0000,-1.0000,-1.0000,-1,-1,-1,-1,-1,-1,-1,-1,-1,0,0,3277942697584,4.2603,3.2614,13.5003,-1,-1,164,6938,2112
stress-five-minute-soak,8395,80.5234,-1,79.4788,-1.0000,-1.0000,-1.0000,-1.0000,-1.0000,-1.0000,-1.0000,-1.0000,-1.0000,-1,-1,-1,-1,-1,-1,-1,-1,-1,0,0,3277942875290,4.4223,3.6035,65.7056,-1,-1,164,6938,2112
stress-five-minute-soak,8396,78.8097,-1,79.7051,-1.0000,-1.0000,-1.0000,-1.0000,-1.0000,-1.0000,-1.0000,-1.0000,-1.0000,-1,-1,-1,-1,-1,-1,-1,-1,-1,0,0,3277943576686,21.0005,4.8669,57.7945,-1,-1,164,6937,2111
stress-five-minute-soak,8397,28.2064,-1,79.4788,-1.0000,-1.0000,-1.0000,-1.0000,-1.0000,-1.0000,-1.0000,-1.0000,-1.0000,-1,-1,-1,-1,-1,-1,-1,-1,-1,0,0,3277944364794,12.9083,3.7392,67.8739,-1,-1,164,6933,2111
stress-five-minute-soak,8427,39.7936,-1,20.7503,-1.0000,-1.0000,-1.0000,-1.0000,-1.0000,-1.0000,-1.0000,-1.0000,-1.0000,-1,-1,-1,-1,-1,-1,-1,-1,-1,0,0,3277950506096,12.5499,3.1704,5.0451,-1,-1,164,6933,2111
stress-five-minute-soak,8428,28.8572,-1,38.5413,-1.0000,-1.0000,-1.0000,-1.0000,-1.0000,-1.0000,-1.0000,-1.0000,-1.0000,-1,-1,-1,-1,-1,-1,-1,-1,-1,0,0,3277950682299,4.1457,3.2512,9.5822,-1,-1,164,6933,2111
stress-five-minute-soak,8429,26.2367,-1,29.2388,-1.0000,-1.0000,-1.0000,-1.0000,-1.0000,-1.0000,-1.0000,-1.0000,-1.0000,-1,-1,-1,-1,-1,-1,-1,-1,-1,0,0,3277950819679,4.5332,3.2031,16.2001,-1,-1,164,6937,2111
stress-five-minute-soak,8430,23.1445,-1,25.8847,-1.0000,-1.0000,-1.0000,-1.0000,-1.0000,-1.0000,-1.0000,-1.0000,-1.0000,-1,-1,-1,-1,-1,-1,-1,-1,-1,0,0,3277951027102,12.2932,3.3914,27.4896,-1,-1,164,6937,2111
stress-five-minute-soak,8431,23.9581,-1,23.6027,-1.0000,-1.0000,-1.0000,-1.0000,-1.0000,-1.0000,-1.0000,-1.0000,-1.0000,-1,-1,-1,-1,-1,-1,-1,-1,-1,0,0,3277951425055,5.2997,3.1063,23.5452,-1,-1,164,6937,2111
stress-five-minute-soak,8553,22.8517,-1,20.6103,-1.0000,-1.0000,-1.0000,-1.0000,-1.0000,-1.0000,-1.0000,-1.0000,-1.0000,-1,-1,-1,-1,-1,-1,-1,-1,-1,0,0,3277969166212,5.3242,4.1635,13.5419,-1,-1,164,6937,2111
stress-five-minute-soak,8554,22.5937,-1,22.6161,-1.0000,-1.0000,-1.0000,-1.0000,-1.0000,-1.0000,-1.0000,-1.0000,-1.0000,-1,-1,-1,-1,-1,-1,-1,-1,-1,0,0,3277969354940,4.6324,3.3428,13.2633,-1,-1,164,6937,2111
stress-five-minute-soak,8555,23.8345,-1,23.3042,-1.0000,-1.0000,-1.0000,-1.0000,-1.0000,-1.0000,-1.0000,-1.0000,-1.0000,-1,-1,-1,-1,-1,-1,-1,-1,-1,0,0,3277969534005,10.5818,3.2607,10.2158,-1,-1,164,6937,2111
stress-five-minute-soak,8556,23.2927,-1,23.3144,-1.0000,-1.0000,-1.0000,-1.0000,-1.0000,-1.0000,-1.0000,-1.0000,-1.0000,-1,-1,-1,-1,-1,-1,-1,-1,-1,0,0,3277969742090,4.1321,3.2688,18.7092,-1,-1,164,6937,2111
stress-five-minute-soak,8557,24.4213,-1,23.3272,-1.0000,-1.0000,-1.0000,-1.0000,-1.0000,-1.0000,-1.0000,-1.0000,-1.0000,-1,-1,-1,-1,-1,-1,-1,-1,-1,0,0,3277969970624,10.9127,3.4320,11.6699,-1,-1,164,6937,2111
stress-five-minute-soak,8558,22.5403,-1,23.3262,-1.0000,-1.0000,-1.0000,-1.0000,-1.0000,-1.0000,-1.0000,-1.0000,-1.0000,-1,-1,-1,-1,-1,-1,-1,-1,-1,0,0,3277970196563,4.3460,3.2942,19.4750,-1,-1,164,6933,2111
stress-five-minute-soak,8559,23.5242,-1,23.3853,-1.0000,-1.0000,-1.0000,-1.0000,-1.0000,-1.0000,-1.0000,-1.0000,-1.0000,-1,-1,-1,-1,-1,-1,-1,-1,-1,0,0,3277970434892,6.5080,3.1090,16.7735,-1,-1,164,6933,2111
stress-five-minute-soak,8664,30.6956,-1,13.8104,-1.0000,-1.0000,-1.0000,-1.0000,-1.0000,-1.0000,-1.0000,-1.0000,-1.0000,-1,-1,-1,-1,-1,-1,-1,-1,-1,0,0,3277985296649,4.5925,3.7612,8.7877,-1,-1,164,6937,2111
stress-five-minute-soak,8665,34.5462,-1,26.3867,-1.0000,-1.0000,-1.0000,-1.0000,-1.0000,-1.0000,-1.0000,-1.0000,-1.0000,-1,-1,-1,-1,-1,-1,-1,-1,-1,0,0,3277985430571,4.5221,4.3499,6.3401,-1,-1,164,6933,2111
stress-five-minute-soak,8666,34.3510,-1,33.5094,-1.0000,-1.0000,-1.0000,-1.0000,-1.0000,-1.0000,-1.0000,-1.0000,-1.0000,-1,-1,-1,-1,-1,-1,-1,-1,-1,0,0,3277985539320,14.4588,3.4057,0.0111,-1,-1,164,6933,2111
stress-five-minute-soak,8667,35.2766,-1,35.4468,-1.0000,-1.0000,-1.0000,-1.0000,-1.0000,-1.0000,-1.0000,-1.0000,-1.0000,-1,-1,-1,-1,-1,-1,-1,-1,-1,0,0,3277985684156,6.1304,3.6267,24.5620,-1,-1,164,6937,2111
stress-five-minute-soak,8668,35.4026,-1,35.3070,-1.0000,-1.0000,-1.0000,-1.0000,-1.0000,-1.0000,-1.0000,-1.0000,-1.0000,-1,-1,-1,-1,-1,-1,-1,-1,-1,0,0,3277985991146,10.7352,6.6761,23.8159,-1,-1,164,6937,2111
stress-five-minute-soak,8669,34.6641,-1,35.2845,-1.0000,-1.0000,-1.0000,-1.0000,-1.0000,-1.0000,-1.0000,-1.0000,-1.0000,-1,-1,-1,-1,-1,-1,-1,-1,-1,0,0,3277986336841,14.5977,3.2333,19.7092,-1,-1,164,6936,2110
stress-five-minute-soak,8670,28.7927,-1,34.0623,-1.0000,-1.0000,-1.0000,-1.0000,-1.0000,-1.0000,-1.0000,-1.0000,-1.0000,-1,-1,-1,-1,-1,-1,-1,-1,-1,0,0,3277986680132,10.9359,3.9955,24.3278,-1,-1,164,6936,2110
stress-five-minute-soak,8671,25.6588,-1,29.3914,-1.0000,-1.0000,-1.0000,-1.0000,-1.0000,-1.0000,-1.0000,-1.0000,-1.0000,-1,-1,-1,-1,-1,-1,-1,-1,-1,0,0,3277987032900,11.3831,3.3279,24.0065,-1,-1,164,6936,2110
stress-five-minute-soak,8700,25.7903,-1,16.9449,-1.0000,-1.0000,-1.0000,-1.0000,-1.0000,-1.0000,-1.0000,-1.0000,-1.0000,-1,-1,-1,-1,-1,-1,-1,-1,-1,0,0,3277991803277,4.6341,3.6266,6.4657,-1,-1,164,6936,2110
stress-five-minute-soak,8701,22.9054,-1,25.7234,-1.0000,-1.0000,-1.0000,-1.0000,-1.0000,-1.0000,-1.0000,-1.0000,-1.0000,-1,-1,-1,-1,-1,-1,-1,-1,-1,0,0,3277991914392,5.0591,3.8273,6.2250,-1,-1,164,6936,2110
stress-five-minute-soak,8753,26.9716,-1,19.4888,-1.0000,-1.0000,-1.0000,-1.0000,-1.0000,-1.0000,-1.0000,-1.0000,-1.0000,-1,-1,-1,-1,-1,-1,-1,-1,-1,0,0,3277999774552,4.7137,3.7933,6.6533,-1,-1,164,6940,2114
stress-five-minute-soak,8754,26.8081,-1,26.4415,-1.0000,-1.0000,-1.0000,-1.0000,-1.0000,-1.0000,-1.0000,-1.0000,-1.0000,-1,-1,-1,-1,-1,-1,-1,-1,-1,0,0,3277999888354,4.4793,3.5707,8.0390,-1,-1,164,6940,2114
stress-five-minute-soak,8755,26.4262,-1,26.4806,-1.0000,-1.0000,-1.0000,-1.0000,-1.0000,-1.0000,-1.0000,-1.0000,-1.0000,-1,-1,-1,-1,-1,-1,-1,-1,-1,0,0,3278000013663,11.0348,3.2537,7.6665,-1,-1,164,6940,2114
stress-five-minute-soak,8756,26.6169,-1,26.4822,-1.0000,-1.0000,-1.0000,-1.0000,-1.0000,-1.0000,-1.0000,-1.0000,-1.0000,-1,-1,-1,-1,-1,-1,-1,-1,-1,0,0,3278000200801,4.6077,3.2849,22.3533,-1,-1,164,6936,2114
stress-five-minute-soak,8757,27.2178,-1,26.2569,-1.0000,-1.0000,-1.0000,-1.0000,-1.0000,-1.0000,-1.0000,-1.0000,-1.0000,-1,-1,-1,-1,-1,-1,-1,-1,-1,0,0,3278000470533,12.5164,3.0851,14.2796,-1,-1,164,6936,2114
stress-five-minute-soak,8758,25.0177,-1,26.4489,-1.0000,-1.0000,-1.0000,-1.0000,-1.0000,-1.0000,-1.0000,-1.0000,-1.0000,-1,-1,-1,-1,-1,-1,-1,-1,-1,0,0,3278000738608,4.7962,3.4383,21.6187,-1,-1,164,6936,2114
stress-five-minute-soak,8759,25.7230,-1,25.6430,-1.0000,-1.0000,-1.0000,-1.0000,-1.0000,-1.0000,-1.0000,-1.0000,-1.0000,-1,-1,-1,-1,-1,-1,-1,-1,-1,0,0,3278001002887,10.4623,3.1432,16.1715,-1,-1,164,6940,2114
stress-five-minute-soak,8892,25.2831,-1,21.2521,-1.0000,-1.0000,-1.0000,-1.0000,-1.0000,-1.0000,-1.0000,-1.0000,-1.0000,-1,-1,-1,-1,-1,-1,-1,-1,-1,0,0,3278020257443,4.6973,3.8281,6.3243,-1,-1,164,6947,2121
stress-five-minute-soak,8893,26.0574,-1,24.7480,-1.0000,-1.0000,-1.0000,-1.0000,-1.0000,-1.0000,-1.0000,-1.0000,-1.0000,-1,-1,-1,-1,-1,-1,-1,-1,-1,0,0,3278020367768,4.8662,3.4478,9.6527,-1,-1,164,6943,2121
stress-five-minute-soak,8894,26.7132,-1,26.5728,-1.0000,-1.0000,-1.0000,-1.0000,-1.0000,-1.0000,-1.0000,-1.0000,-1.0000,-1,-1,-1,-1,-1,-1,-1,-1,-1,0,0,3278020513075,12.3937,3.9772,8.9314,-1,-1,164,6943,2121
stress-five-minute-soak,8895,25.7177,-1,26.4507,-1.0000,-1.0000,-1.0000,-1.0000,-1.0000,-1.0000,-1.0000,-1.0000,-1.0000,-1,-1,-1,-1,-1,-1,-1,-1,-1,0,0,3278020726451,4.3718,3.3106,20.9001,-1,-1,164,6943,2121
stress-five-minute-soak,8896,26.2374,-1,25.8196,-1.0000,-1.0000,-1.0000,-1.0000,-1.0000,-1.0000,-1.0000,-1.0000,-1.0000,-1,-1,-1,-1,-1,-1,-1,-1,-1,0,0,3278020979283,11.2038,3.0566,14.8430,-1,-1,164,6947,2121
stress-five-minute-soak,8897,25.0316,-1,25.8156,-1.0000,-1.0000,-1.0000,-1.0000,-1.0000,-1.0000,-1.0000,-1.0000,-1.0000,-1,-1,-1,-1,-1,-1,-1,-1,-1,0,0,3278021239872,4.5713,3.5083,22.1282,-1,-1,164,6946,2120
stress-five-minute-soak,8898,25.3741,-1,25.3645,-1.0000,-1.0000,-1.0000,-1.0000,-1.0000,-1.0000,-1.0000,-1.0000,-1.0000,-1,-1,-1,-1,-1,-1,-1,-1,-1,0,0,3278021506998,14.5295,3.3264,11.1783,-1,-1,164,6946,2120
stress-five-minute-soak,8929,26.3499,-1,21.6407,-1.0000,-1.0000,-1.0000,-1.0000,-1.0000,-1.0000,-1.0000,-1.0000,-1.0000,-1,-1,-1,-1,-1,-1,-1,-1,-1,0,0,3278026345037,6.0672,3.2495,10.5424,-1,-1,164,6946,2120
stress-five-minute-soak,12050,23.4027,-1,-1.0000,-1.0000,-1.0000,-1.0000,-1.0000,-1.0000,-1.0000,-1.0000,-1.0000,-1.0000,-1,-1,-1,-1,-1,-1,-1,-1,-1,0,0,3278459941539,6.3644,6.0681,6.9028,-1,-1,164,7035,2208
stress-five-minute-soak,12795,37.9313,-1,13.2979,-1.0000,-1.0000,-1.0000,-1.0000,-1.0000,-1.0000,-1.0000,-1.0000,-1.0000,-1,-1,-1,-1,-1,-1,-1,-1,-1,0,0,3278564910318,4.9847,4.7262,7.5499,-1,-1,164,7066,2239
stress-five-minute-soak,12796,79.8840,-1,37.9331,-1.0000,-1.0000,-1.0000,-1.0000,-1.0000,-1.0000,-1.0000,-1.0000,-1.0000,-1,-1,-1,-1,-1,-1,-1,-1,-1,0,0,3278565035776,11.1610,3.7514,2.5301,-1,-1,164,7066,2239
stress-five-minute-soak,12797,80.3534,-1,80.0215,-1.0000,-1.0000,-1.0000,-1.0000,-1.0000,-1.0000,-1.0000,-1.0000,-1.0000,-1,-1,-1,-1,-1,-1,-1,-1,-1,0,0,3278565172810,7.7221,3.8038,7.0641,-1,-1,164,7062,2239
stress-five-minute-soak,12798,23.8924,-1,79.8382,-1.0000,-1.0000,-1.0000,-1.0000,-1.0000,-1.0000,-1.0000,-1.0000,-1.0000,-1,-1,-1,-1,-1,-1,-1,-1,-1,0,0,3278565320733,5.2569,3.8696,32.6637,-1,-1,164,7065,2238
stress-five-minute-soak,12827,59.8243,-1,17.7426,-1.0000,-1.0000,-1.0000,-1.0000,-1.0000,-1.0000,-1.0000,-1.0000,-1.0000,-1,-1,-1,-1,-1,-1,-1,-1,-1,0,0,3278570948071,4.3805,3.4800,14.3909,-1,-1,164,7064,2239
stress-five-minute-soak,12828,78.5714,-1,58.5298,-1.0000,-1.0000,-1.0000,-1.0000,-1.0000,-1.0000,-1.0000,-1.0000,-1.0000,-1,-1,-1,-1,-1,-1,-1,-1,-1,0,0,3278571135898,10.5952,3.5394,7.5060,-1,-1,164,7066,2239
stress-five-minute-soak,12829,80.6634,-1,79.8733,-1.0000,-1.0000,-1.0000,-1.0000,-1.0000,-1.0000,-1.0000,-1.0000,-1.0000,-1,-1,-1,-1,-1,-1,-1,-1,-1,0,0,3278571317018,4.3523,3.3527,13.0943,-1,-1,164,7066,2239
stress-five-minute-soak,12830,79.6241,-1,79.9160,-1.0000,-1.0000,-1.0000,-1.0000,-1.0000,-1.0000,-1.0000,-1.0000,-1.0000,-1,-1,-1,-1,-1,-1,-1,-1,-1,0,0,3278571491611,11.9511,3.3018,47.8649,-1,-1,164,7066,2239
stress-five-minute-soak,12831,80.5333,-1,79.8810,-1.0000,-1.0000,-1.0000,-1.0000,-1.0000,-1.0000,-1.0000,-1.0000,-1.0000,-1,-1,-1,-1,-1,-1,-1,-1,-1,0,0,3278572089937,23.5444,3.1292,54.9982,-1,-1,164,7066,2239
stress-five-minute-soak,12832,55.3807,-1,80.1155,-1.0000,-1.0000,-1.0000,-1.0000,-1.0000,-1.0000,-1.0000,-1.0000,-1.0000,-1,-1,-1,-1,-1,-1,-1,-1,-1,0,0,3278572875572,13.0338,3.3768,67.6140,-1,-1,164,7067,2240
stress-five-minute-soak,12861,75.9425,-1,21.0511,-1.0000,-1.0000,-1.0000,-1.0000,-1.0000,-1.0000,-1.0000,-1.0000,-1.0000,-1,-1,-1,-1,-1,-1,-1,-1,-1,0,0,3278579251423,4.8618,3.2613,12.0419,-1,-1,164,7066,2238
stress-five-minute-soak,12862,79.3862,-1,75.2620,-1.0000,-1.0000,-1.0000,-1.0000,-1.0000,-1.0000,-1.0000,-1.0000,-1.0000,-1,-1,-1,-1,-1,-1,-1,-1,-1,0,0,3278579420573,5.0502,4.0626,13.2938,-1,-1,164,7066,2238
stress-five-minute-soak,12863,81.6057,-1,80.1311,-1.0000,-1.0000,-1.0000,-1.0000,-1.0000,-1.0000,-1.0000,-1.0000,-1.0000,-1,-1,-1,-1,-1,-1,-1,-1,-1,0,0,3278579604125,11.1414,4.1816,10.1976,-1,-1,164,7063,2237
stress-five-minute-soak,12864,81.0888,-1,80.1641,-1.0000,-1.0000,-1.0000,-1.0000,-1.0000,-1.0000,-1.0000,-1.0000,-1.0000,-1,-1,-1,-1,-1,-1,-1,-1,-1,0,0,3278579817648,4.3377,3.4419,71.6024,-1,-1,164,7065,2237
stress-five-minute-soak,12865,80.0001,-1,81.3059,-1.0000,-1.0000,-1.0000,-1.0000,-1.0000,-1.0000,-1.0000,-1.0000,-1.0000,-1,-1,-1,-1,-1,-1,-1,-1,-1,0,0,3278580577251,22.0877,3.9043,57.2434,-1,-1,164,7065,2237
stress-five-minute-soak,12895,35.4543,-1,17.5383,-1.0000,-1.0000,-1.0000,-1.0000,-1.0000,-1.0000,-1.0000,-1.0000,-1.0000,-1,-1,-1,-1,-1,-1,-1,-1,-1,0,0,3278587415027,4.4925,3.0425,13.8738,-1,-1,164,7068,2240
stress-five-minute-soak,12896,79.0340,-1,34.7965,-1.0000,-1.0000,-1.0000,-1.0000,-1.0000,-1.0000,-1.0000,-1.0000,-1.0000,-1,-1,-1,-1,-1,-1,-1,-1,-1,0,0,3278587598819,11.2129,3.5994,6.8772,-1,-1,164,7068,2240
stress-five-minute-soak,12897,80.2676,-1,79.3861,-1.0000,-1.0000,-1.0000,-1.0000,-1.0000,-1.0000,-1.0000,-1.0000,-1.0000,-1,-1,-1,-1,-1,-1,-1,-1,-1,0,0,3278587779818,4.5474,3.0885,12.7320,-1,-1,164,7068,2240
stress-five-minute-soak,12898,79.9142,-1,79.8600,-1.0000,-1.0000,-1.0000,-1.0000,-1.0000,-1.0000,-1.0000,-1.0000,-1.0000,-1,-1,-1,-1,-1,-1,-1,-1,-1,0,0,3278587952718,13.5683,8.6656,21.8899,-1,-1,164,7068,2240
stress-five-minute-soak,12899,74.1867,-1,78.7825,-1.0000,-1.0000,-1.0000,-1.0000,-1.0000,-1.0000,-1.0000,-1.0000,-1.0000,-1,-1,-1,-1,-1,-1,-1,-1,-1,0,0,3278588307489,13.8830,3.2892,65.1007,-1,-1,164,7068,2240
stress-five-minute-soak,12900,67.1963,-1,75.3766,-1.0000,-1.0000,-1.0000,-1.0000,-1.0000,-1.0000,-1.0000,-1.0000,-1.0000,-1,-1,-1,-1,-1,-1,-1,-1,-1,0,0,3278589097618,18.8175,5.1296,61.4425,-1,-1,164,7064,2240
stress-five-minute-soak,12928,58.0940,-1,17.6545,-1.0000,-1.0000,-1.0000,-1.0000,-1.0000,-1.0000,-1.0000,-1.0000,-1.0000,-1,-1,-1,-1,-1,-1,-1,-1,-1,0,0,3278595537799,13.2473,3.1832,5.0840,-1,-1,164,7066,2242
stress-five-minute-soak,12929,79.6021,-1,57.4177,-1.0000,-1.0000,-1.0000,-1.0000,-1.0000,-1.0000,-1.0000,-1.0000,-1.0000,-1,-1,-1,-1,-1,-1,-1,-1,-1,0,0,3278595721219,4.5918,3.3105,13.9089,-1,-1,164,7066,2242
stress-five-minute-soak,12930,79.3594,-1,79.6892,-1.0000,-1.0000,-1.0000,-1.0000,-1.0000,-1.0000,-1.0000,-1.0000,-1.0000,-1,-1,-1,-1,-1,-1,-1,-1,-1,0,0,3278595906321,4.4164,3.2080,12.6471,-1,-1,164,7070,2242
stress-five-minute-soak,12931,81.1256,-1,79.6782,-1.0000,-1.0000,-1.0000,-1.0000,-1.0000,-1.0000,-1.0000,-1.0000,-1.0000,-1,-1,-1,-1,-1,-1,-1,-1,-1,0,0,3278596077064,10.6715,3.2873,47.4278,-1,-1,164,7070,2242
stress-five-minute-soak,12932,77.5949,-1,79.8812,-1.0000,-1.0000,-1.0000,-1.0000,-1.0000,-1.0000,-1.0000,-1.0000,-1.0000,-1,-1,-1,-1,-1,-1,-1,-1,-1,0,0,3278596658261,28.6091,3.6507,50.9447,-1,-1,164,7070,2242
stress-five-minute-soak,12933,41.0192,-1,78.5060,-1.0000,-1.0000,-1.0000,-1.0000,-1.0000,-1.0000,-1.0000,-1.0000,-1.0000,-1,-1,-1,-1,-1,-1,-1,-1,-1,0,0,3278597454040,16.5804,3.5447,62.7711,-1,-1,164,7070,2242
stress-five-minute-soak,12934,40.3119,-1,-1.0000,-1.0000,-1.0000,-1.0000,-1.0000,-1.0000,-1.0000,-1.0000,-1.0000,-1.0000,-1,-1,-1,-1,-1,-1,-1,-1,-1,0,0,3278598247700,15.1308,3.3399,65.9873,-1,-1,164,7070,2242
stress-five-minute-soak,12962,64.8670,-1,20.1405,-1.0000,-1.0000,-1.0000,-1.0000,-1.0000,-1.0000,-1.0000,-1.0000,-1.0000,-1,-1,-1,-1,-1,-1,-1,-1,-1,0,0,3278603911247,4.3937,3.2771,12.6577,-1,-1,164,7075,2247
stress-five-minute-soak,12963,80.9273,-1,64.8627,-1.0000,-1.0000,-1.0000,-1.0000,-1.0000,-1.0000,-1.0000,-1.0000,-1.0000,-1,-1,-1,-1,-1,-1,-1,-1,-1,0,0,3278604081859,11.6845,3.1219,6.6887,-1,-1,164,7075,2247
stress-five-minute-soak,12964,78.4098,-1,80.2959,-1.0000,-1.0000,-1.0000,-1.0000,-1.0000,-1.0000,-1.0000,-1.0000,-1.0000,-1,-1,-1,-1,-1,-1,-1,-1,-1,0,0,3278604265702,4.3941,3.4066,15.6739,-1,-1,164,7075,2247
stress-five-minute-soak,12965,42.1890,-1,77.8281,-1.0000,-1.0000,-1.0000,-1.0000,-1.0000,-1.0000,-1.0000,-1.0000,-1.0000,-1,-1,-1,-1,-1,-1,-1,-1,-1,0,0,3278604466490,10.9049,3.4296,53.9579,-1,-1,164,7071,2247
stress-five-minute-soak,12966,27.0024,-1,42.2336,-1.0000,-1.0000,-1.0000,-1.0000,-1.0000,-1.0000,-1.0000,-1.0000,-1.0000,-1,-1,-1,-1,-1,-1,-1,-1,-1,0,0,3278605115263,20.6770,3.4602,60.2237,-1,-1,164,7075,2247
stress-five-minute-soak,13072,22.2770,-1,12.0812,-1.0000,-1.0000,-1.0000,-1.0000,-1.0000,-1.0000,-1.0000,-1.0000,-1.0000,-1,-1,-1,-1,-1,-1,-1,-1,-1,0,0,3278622304109,4.5547,3.9291,7.7223,-1,-1,164,7077,2249
stress-five-minute-soak,13073,24.5020,-1,19.2983,-1.0000,-1.0000,-1.0000,-1.0000,-1.0000,-1.0000,-1.0000,-1.0000,-1.0000,-1,-1,-1,-1,-1,-1,-1,-1,-1,0,0,3278622426978,4.5708,3.9463,6.5697,-1,-1,164,7077,2249
stress-five-minute-soak,13074,24.3580,-1,23.8899,-1.0000,-1.0000,-1.0000,-1.0000,-1.0000,-1.0000,-1.0000,-1.0000,-1.0000,-1,-1,-1,-1,-1,-1,-1,-1,-1,0,0,3278622538509,11.3625,3.2723,1.0008,-1,-1,164,7077,2249
stress-five-minute-soak,13075,24.8416,-1,24.6579,-1.0000,-1.0000,-1.0000,-1.0000,-1.0000,-1.0000,-1.0000,-1.0000,-1.0000,-1,-1,-1,-1,-1,-1,-1,-1,-1,0,0,3278622662269,4.8192,3.1845,17.4537,-1,-1,164,7077,2249
stress-five-minute-soak,13076,24.5557,-1,25.0424,-1.0000,-1.0000,-1.0000,-1.0000,-1.0000,-1.0000,-1.0000,-1.0000,-1.0000,-1,-1,-1,-1,-1,-1,-1,-1,-1,0,0,3278622885055,4.1200,4.1256,20.3705,-1,-1,164,7077,2249
stress-five-minute-soak,13077,26.6824,-1,24.9580,-1.0000,-1.0000,-1.0000,-1.0000,-1.0000,-1.0000,-1.0000,-1.0000,-1.0000,-1,-1,-1,-1,-1,-1,-1,-1,-1,0,0,3278623130086,12.5946,3.2641,11.7523,-1,-1,164,7077,2249
stress-five-minute-soak,13078,24.8234,-1,24.8092,-1.0000,-1.0000,-1.0000,-1.0000,-1.0000,-1.0000,-1.0000,-1.0000,-1.0000,-1,-1,-1,-1,-1,-1,-1,-1,-1,0,0,3278623373666,4.2997,3.4150,20.5294,-1,-1,164,7077,2249
stress-five-minute-soak,13079,23.6947,-1,25.3939,-1.0000,-1.0000,-1.0000,-1.0000,-1.0000,-1.0000,-1.0000,-1.0000,-1.0000,-1,-1,-1,-1,-1,-1,-1,-1,-1,0,0,3278623622075,10.2809,3.5097,14.2632,-1,-1,164,7077,2249
stress-five-minute-soak,13140,24.9435,-1,13.5823,-1.0000,-1.0000,-1.0000,-1.0000,-1.0000,-1.0000,-1.0000,-1.0000,-1.0000,-1,-1,-1,-1,-1,-1,-1,-1,-1,0,0,3278632641360,5.5276,3.5768,10.3365,-1,-1,164,7073,2245
stress-five-minute-soak,13141,30.0522,-1,24.0865,-1.0000,-1.0000,-1.0000,-1.0000,-1.0000,-1.0000,-1.0000,-1.0000,-1.0000,-1,-1,-1,-1,-1,-1,-1,-1,-1,0,0,3278632800066,4.8245,3.8731,6.5277,-1,-1,164,7073,2245
stress-five-minute-soak,13142,33.9292,-1,30.5288,-1.0000,-1.0000,-1.0000,-1.0000,-1.0000,-1.0000,-1.0000,-1.0000,-1.0000,-1,-1,-1,-1,-1,-1,-1,-1,-1,0,0,3278632913688,4.6896,3.7288,7.7341,-1,-1,164,7073,2245
stress-five-minute-soak,13143,32.9158,-1,32.7949,-1.0000,-1.0000,-1.0000,-1.0000,-1.0000,-1.0000,-1.0000,-1.0000,-1.0000,-1,-1,-1,-1,-1,-1,-1,-1,-1,0,0,3278633038036,14.6536,3.4969,10.2786,-1,-1,164,7073,2245
stress-five-minute-soak,13144,30.1621,-1,32.8207,-1.0000,-1.0000,-1.0000,-1.0000,-1.0000,-1.0000,-1.0000,-1.0000,-1.0000,-1,-1,-1,-1,-1,-1,-1,-1,-1,0,0,3278633287471,4.5086,3.1406,25.5313,-1,-1,164,7073,2245
stress-five-minute-soak,13145,31.3341,-1,30.8685,-1.0000,-1.0000,-1.0000,-1.0000,-1.0000,-1.0000,-1.0000,-1.0000,-1.0000,-1,-1,-1,-1,-1,-1,-1,-1,-1,0,0,3278633587996,11.7941,3.3316,22.1230,-1,-1,164,7073,2245
stress-five-minute-soak,13146,26.3684,-1,30.3780,-1.0000,-1.0000,-1.0000,-1.0000,-1.0000,-1.0000,-1.0000,-1.0000,-1.0000,-1,-1,-1,-1,-1,-1,-1,-1,-1,0,0,3278633927283,5.2468,3.1438,27.6588,-1,-1,164,7073,2245
stress-five-minute-soak,13147,22.4114,-1,26.6772,-1.0000,-1.0000,-1.0000,-1.0000,-1.0000,-1.0000,-1.0000,-1.0000,-1.0000,-1,-1,-1,-1,-1,-1,-1,-1,-1,0,0,3278634256444,12.9150,3.2564,17.2364,-1,-1,164,7073,2245
stress-five-minute-soak,13218,64.4087,-1,16.5804,-1.0000,-1.0000,-1.0000,-1.0000,-1.0000,-1.0000,-1.0000,-1.0000,-1.0000,-1,-1,-1,-1,-1,-1,-1,-1,-1,0,0,3278644822648,5.2648,3.8810,6.6254,-1,-1,164,7074,2246
stress-five-minute-soak,13219,80.6417,-1,63.7934,-1.0000,-1.0000,-1.0000,-1.0000,-1.0000,-1.0000,-1.0000,-1.0000,-1.0000,-1,-1,-1,-1,-1,-1,-1,-1,-1,0,0,3278644941673,4.4841,3.0119,6.5555,-1,-1,164,7075,2247
stress-five-minute-soak,13220,58.4312,-1,80.3318,-1.0000,-1.0000,-1.0000,-1.0000,-1.0000,-1.0000,-1.0000,-1.0000,-1.0000,-1,-1,-1,-1,-1,-1,-1,-1,-1,0,0,3278645052162,10.6680,4.0082,6.6689,-1,-1,164,7071,2247
stress-five-minute-soak,13237,25.0904,-1,17.3243,-1.0000,-1.0000,-1.0000,-1.0000,-1.0000,-1.0000,-1.0000,-1.0000,-1.0000,-1,-1,-1,-1,-1,-1,-1,-1,-1,0,0,3278648899126,4.9036,4.4226,11.5660,-1,-1,164,7075,2247
stress-five-minute-soak,13238,24.4227,-1,24.4984,-1.0000,-1.0000,-1.0000,-1.0000,-1.0000,-1.0000,-1.0000,-1.0000,-1.0000,-1,-1,-1,-1,-1,-1,-1,-1,-1,0,0,3278649063960,11.7893,4.2152,5.8045,-1,-1,164,7075,2247
stress-five-minute-soak,13308,79.8289,-1,21.7866,-1.0000,-1.0000,-1.0000,-1.0000,-1.0000,-1.0000,-1.0000,-1.0000,-1.0000,-1,-1,-1,-1,-1,-1,-1,-1,-1,0,0,3278659137547,5.0444,4.5106,12.0052,-1,-1,164,7077,2249
stress-five-minute-soak,13309,79.4017,-1,78.7840,-1.0000,-1.0000,-1.0000,-1.0000,-1.0000,-1.0000,-1.0000,-1.0000,-1.0000,-1,-1,-1,-1,-1,-1,-1,-1,-1,0,0,3278659308109,4.5550,3.4233,6.5268,-1,-1,164,7077,2249
stress-five-minute-soak,13310,42.2021,-1,80.0868,-1.0000,-1.0000,-1.0000,-1.0000,-1.0000,-1.0000,-1.0000,-1.0000,-1.0000,-1,-1,-1,-1,-1,-1,-1,-1,-1,0,0,3278659419009,5.2753,2.9871,16.2962,-1,-1,164,7077,2249
stress-five-minute-soak,14781,22.4129,-1,-1.0000,-1.0000,-1.0000,-1.0000,-1.0000,-1.0000,-1.0000,-1.0000,-1.0000,-1.0000,-1,-1,-1,-1,-1,-1,-1,-1,-1,0,0,3278865483990,18.8063,6.6228,0.0144,-1,-1,164,7084,2259
stress-five-minute-soak,17019,27.6970,-1,12.9615,-1.0000,-1.0000,-1.0000,-1.0000,-1.0000,-1.0000,-1.0000,-1.0000,-1.0000,-1,-1,-1,-1,-1,-1,-1,-1,-1,0,0,3279177532088,14.7868,4.8182,0.0147,-1,-1,164,7152,2321
stress-five-minute-soak,17415,605.9300,-1,13.3166,-1.0000,-1.0000,-1.0000,-1.0000,-1.0000,-1.0000,-1.0000,-1.0000,-1.0000,-1,-1,-1,-1,-1,-1,-1,-1,-1,0,0,3279233357999,5.1635,4.3013,7.6088,-1,-1,128,4853,0
stress-five-minute-soak,17416,52.5605,-1,-1.0000,-1.0000,-1.0000,-1.0000,-1.0000,-1.0000,-1.0000,-1.0000,-1.0000,-1.0000,-1,-1,-1,-1,-1,-1,-1,-1,-1,0,0,3279233485839,10.9316,3.5636,1.8645,-1,-1,128,4853,0
stress-five-minute-soak,17488,24.4225,-1,20.3059,-1.0000,-1.0000,-1.0000,-1.0000,-1.0000,-1.0000,-1.0000,-1.0000,-1.0000,-1,-1,-1,-1,-1,-1,-1,-1,-1,0,0,3279249162062,4.3410,2.8281,6.1286,-1,-1,128,4853,0
stress-five-minute-soak,17489,25.9192,-1,23.9964,-1.0000,-1.0000,-1.0000,-1.0000,-1.0000,-1.0000,-1.0000,-1.0000,-1.0000,-1,-1,-1,-1,-1,-1,-1,-1,-1,0,0,3279249266837,9.3630,2.7959,2.4685,-1,-1,128,4853,0
stress-five-minute-soak,17490,27.2155,-1,27.0124,-1.0000,-1.0000,-1.0000,-1.0000,-1.0000,-1.0000,-1.0000,-1.0000,-1.0000,-1,-1,-1,-1,-1,-1,-1,-1,-1,0,0,3279249385259,4.2267,2.0619,17.8762,-1,-1,128,4853,0
stress-five-minute-soak,17491,28.5422,-1,27.3004,-1.0000,-1.0000,-1.0000,-1.0000,-1.0000,-1.0000,-1.0000,-1.0000,-1.0000,-1,-1,-1,-1,-1,-1,-1,-1,-1,0,0,3279249606348,5.1444,2.1531,19.2670,-1,-1,128,4853,0
stress-five-minute-soak,17492,29.8102,-1,28.5271,-1.0000,-1.0000,-1.0000,-1.0000,-1.0000,-1.0000,-1.0000,-1.0000,-1.0000,-1,-1,-1,-1,-1,-1,-1,-1,-1,0,0,3279249850580,8.8248,2.4424,17.0870,-1,-1,128,4853,0
stress-five-minute-soak,17493,27.5492,-1,28.4672,-1.0000,-1.0000,-1.0000,-1.0000,-1.0000,-1.0000,-1.0000,-1.0000,-1.0000,-1,-1,-1,-1,-1,-1,-1,-1,-1,0,0,3279250109830,7.0482,2.0975,20.1498,-1,-1,128,4853,0
stress-five-minute-soak,17494,25.0690,-1,27.3654,-1.0000,-1.0000,-1.0000,-1.0000,-1.0000,-1.0000,-1.0000,-1.0000,-1.0000,-1,-1,-1,-1,-1,-1,-1,-1,-1,0,0,3279250381928,9.4051,2.6582,19.1271,-1,-1,128,4853,0
stress-five-minute-soak,17649,24.9799,-1,10.9827,-1.0000,-1.0000,-1.0000,-1.0000,-1.0000,-1.0000,-1.0000,-1.0000,-1.0000,-1,-1,-1,-1,-1,-1,-1,-1,-1,0,0,3279271499012,4.4763,2.3713,7.4766,-1,-1,128,4853,0
stress-five-minute-soak,17650,27.3422,-1,21.5949,-1.0000,-1.0000,-1.0000,-1.0000,-1.0000,-1.0000,-1.0000,-1.0000,-1.0000,-1,-1,-1,-1,-1,-1,-1,-1,-1,0,0,3279271618657,5.6297,3.2327,5.7767,-1,-1,128,4853,0
stress-five-minute-soak,17651,31.3864,-1,-1.0000,-1.0000,-1.0000,-1.0000,-1.0000,-1.0000,-1.0000,-1.0000,-1.0000,-1.0000,-1,-1,-1,-1,-1,-1,-1,-1,-1,0,0,3279271732820,9.2916,2.2363,1.2002,-1,-1,128,4853,0
stress-five-minute-soak,17652,75.0417,-1,30.9202,-1.0000,-1.0000,-1.0000,-1.0000,-1.0000,-1.0000,-1.0000,-1.0000,-1.0000,-1,-1,-1,-1,-1,-1,-1,-1,-1,0,0,3279271837834,4.5153,2.4643,20.4630,-1,-1,180,10791,6315
stress-five-minute-soak,17653,23.9729,-1,-1.0000,-1.0000,-1.0000,-1.0000,-1.0000,-1.0000,-1.0000,-1.0000,-1.0000,-1.0000,-1,-1,-1,-1,-1,-1,-1,-1,-1,0,0,3279272087683,5.6804,74.8058,21.6472,-1,-1,180,10791,6315
stress-five-minute-soak,17654,28.8927,-1,22.7840,-1.0000,-1.0000,-1.0000,-1.0000,-1.0000,-1.0000,-1.0000,-1.0000,-1.0000,-1,-1,-1,-1,-1,-1,-1,-1,-1,0,0,3279272361093,11.2205,5.8244,20.1542,-1,-1,180,10785,6313
stress-five-minute-soak,17655,23.6056,-1,26.3032,-1.0000,-1.0000,-1.0000,-1.0000,-1.0000,-1.0000,-1.0000,-1.0000,-1.0000,-1,-1,-1,-1,-1,-1,-1,-1,-1,0,0,3279272674954,7.9255,6.4135,67.1122,-1,-1,180,10785,6313
stress-five-minute-soak,17657,23.6002,-1,22.2602,-1.0000,-1.0000,-1.0000,-1.0000,-1.0000,-1.0000,-1.0000,-1.0000,-1.0000,-1,-1,-1,-1,-1,-1,-1,-1,-1,0,0,3279273665105,7.4723,5.2923,21.4144,-1,-1,180,10789,6313
stress-five-minute-soak,17678,28.7436,-1,20.5640,-1.0000,-1.0000,-1.0000,-1.0000,-1.0000,-1.0000,-1.0000,-1.0000,-1.0000,-1,-1,-1,-1,-1,-1,-1,-1,-1,0,0,3279277304782,6.0167,4.1896,14.2774,-1,-1,180,10789,6313
stress-five-minute-soak,17679,28.2893,-1,28.5094,-1.0000,-1.0000,-1.0000,-1.0000,-1.0000,-1.0000,-1.0000,-1.0000,-1.0000,-1,-1,-1,-1,-1,-1,-1,-1,-1,0,0,3279277507787,5.6056,4.1769,14.1773,-1,-1,180,10789,6313
stress-five-minute-soak,17689,67.6671,-1,16.2813,-1.0000,-1.0000,-1.0000,-1.0000,-1.0000,-1.0000,-1.0000,-1.0000,-1.0000,-1,-1,-1,-1,-1,-1,-1,-1,-1,0,0,3279279602098,7.7994,5.7757,8.2550,-1,-1,180,10789,6313
stress-five-minute-soak,17690,97.1002,-1,67.0582,-1.0000,-1.0000,-1.0000,-1.0000,-1.0000,-1.0000,-1.0000,-1.0000,-1.0000,-1,-1,-1,-1,-1,-1,-1,-1,-1,0,0,3279279762769,10.4167,4.3739,6.6888,-1,-1,180,10789,6313
stress-five-minute-soak,17691,62.8395,-1,95.6575,-1.0000,-1.0000,-1.0000,-1.0000,-1.0000,-1.0000,-1.0000,-1.0000,-1.0000,-1,-1,-1,-1,-1,-1,-1,-1,-1,0,0,3279279933940,5.7040,4.3249,10.6509,-1,-1,180,10789,6313
stress-five-minute-soak,17716,25.2995,-1,21.1484,-1.0000,-1.0000,-1.0000,-1.0000,-1.0000,-1.0000,-1.0000,-1.0000,-1.0000,-1,-1,-1,-1,-1,-1,-1,-1,-1,0,0,3279285516192,6.8172,4.7682,12.3820,-1,-1,180,10782,6306
stress-five-minute-soak,17717,32.4007,-1,24.5268,-1.0000,-1.0000,-1.0000,-1.0000,-1.0000,-1.0000,-1.0000,-1.0000,-1.0000,-1,-1,-1,-1,-1,-1,-1,-1,-1,0,0,3279285708287,13.0903,4.2145,6.7021,-1,-1,180,10782,6306
stress-five-minute-soak,17718,31.2554,-1,33.1735,-1.0000,-1.0000,-1.0000,-1.0000,-1.0000,-1.0000,-1.0000,-1.0000,-1.0000,-1,-1,-1,-1,-1,-1,-1,-1,-1,0,0,3279285906329,5.3372,4.2445,16.0766,-1,-1,180,10782,6306
stress-five-minute-soak,17719,24.4551,-1,29.6796,-1.0000,-1.0000,-1.0000,-1.0000,-1.0000,-1.0000,-1.0000,-1.0000,-1.0000,-1,-1,-1,-1,-1,-1,-1,-1,-1,0,0,3279286120566,7.1186,4.2081,18.1665,-1,-1,180,10782,6306
stress-five-minute-soak,17720,24.4741,-1,25.5549,-1.0000,-1.0000,-1.0000,-1.0000,-1.0000,-1.0000,-1.0000,-1.0000,-1.0000,-1,-1,-1,-1,-1,-1,-1,-1,-1,0,0,3279286373557,10.7724,4.4480,21.6174,-1,-1,180,10782,6306
stress-five-minute-soak,17775,25.4772,-1,14.6102,-1.0000,-1.0000,-1.0000,-1.0000,-1.0000,-1.0000,-1.0000,-1.0000,-1.0000,-1,-1,-1,-1,-1,-1,-1,-1,-1,0,0,3279296031386,6.9886,4.7694,7.6640,-1,-1,180,10814,6338
stress-five-minute-soak,17776,35.5021,-1,23.7558,-1.0000,-1.0000,-1.0000,-1.0000,-1.0000,-1.0000,-1.0000,-1.0000,-1.0000,-1,-1,-1,-1,-1,-1,-1,-1,-1,0,0,3279296178031,9.9760,4.1952,4.9924,-1,-1,180,10814,6338
stress-five-minute-soak,17777,43.0382,-1,36.6418,-1.0000,-1.0000,-1.0000,-1.0000,-1.0000,-1.0000,-1.0000,-1.0000,-1.0000,-1,-1,-1,-1,-1,-1,-1,-1,-1,0,0,3279296327823,5.4787,4.1992,8.8374,-1,-1,180,10814,6338
stress-five-minute-soak,17778,42.2594,-1,42.2753,-1.0000,-1.0000,-1.0000,-1.0000,-1.0000,-1.0000,-1.0000,-1.0000,-1.0000,-1,-1,-1,-1,-1,-1,-1,-1,-1,0,0,3279296471084,5.5363,4.7645,19.9345,-1,-1,180,10814,6338
stress-five-minute-soak,17779,42.4109,-1,41.7326,-1.0000,-1.0000,-1.0000,-1.0000,-1.0000,-1.0000,-1.0000,-1.0000,-1.0000,-1,-1,-1,-1,-1,-1,-1,-1,-1,0,0,3279296725933,11.3772,4.5493,24.1054,-1,-1,180,10814,6338
stress-five-minute-soak,17780,35.2047,-1,41.5519,-1.0000,-1.0000,-1.0000,-1.0000,-1.0000,-1.0000,-1.0000,-1.0000,-1.0000,-1,-1,-1,-1,-1,-1,-1,-1,-1,0,0,3279297080885,8.8879,5.0767,34.1388,-1,-1,180,10811,6335
stress-five-minute-soak,17781,30.1631,-1,35.6618,-1.0000,-1.0000,-1.0000,-1.0000,-1.0000,-1.0000,-1.0000,-1.0000,-1.0000,-1,-1,-1,-1,-1,-1,-1,-1,-1,0,0,3279297511287,15.1492,5.7229,27.0975,-1,-1,180,10807,6335
stress-five-minute-soak,17782,25.3545,-1,29.0744,-1.0000,-1.0000,-1.0000,-1.0000,-1.0000,-1.0000,-1.0000,-1.0000,-1.0000,-1,-1,-1,-1,-1,-1,-1,-1,-1,0,0,3279297933890,13.3486,5.3479,29.0483,-1,-1,180,10807,6335
stress-five-minute-soak,17783,24.9226,-1,25.8601,-1.0000,-1.0000,-1.0000,-1.0000,-1.0000,-1.0000,-1.0000,-1.0000,-1.0000,-1,-1,-1,-1,-1,-1,-1,-1,-1,0,0,3279298357994,16.9308,4.0467,18.2579,-1,-1,180,10809,6335
stress-five-minute-soak,17784,23.9791,-1,24.0148,-1.0000,-1.0000,-1.0000,-1.0000,-1.0000,-1.0000,-1.0000,-1.0000,-1.0000,-1,-1,-1,-1,-1,-1,-1,-1,-1,0,0,3279298710019,12.5280,4.5439,17.6225,-1,-1,180,10810,6334
stress-five-minute-soak,17786,22.7408,-1,22.5989,-1.0000,-1.0000,-1.0000,-1.0000,-1.0000,-1.0000,-1.0000,-1.0000,-1.0000,-1,-1,-1,-1,-1,-1,-1,-1,-1,0,0,3279299265187,11.5519,3.2690,13.3601,-1,-1,180,10810,6334
stress-five-minute-soak,17841,24.6154,-1,19.3830,-1.0000,-1.0000,-1.0000,-1.0000,-1.0000,-1.0000,-1.0000,-1.0000,-1.0000,-1,-1,-1,-1,-1,-1,-1,-1,-1,0,0,3279308299588,12.2691,3.6735,3.3335,-1,-1,180,10808,6337
stress-five-minute-soak,17842,27.6307,-1,25.2413,-1.0000,-1.0000,-1.0000,-1.0000,-1.0000,-1.0000,-1.0000,-1.0000,-1.0000,-1,-1,-1,-1,-1,-1,-1,-1,-1,0,0,3279308455759,6.6299,4.3256,8.4301,-1,-1,180,10808,6337
stress-five-minute-soak,17843,27.9775,-1,27.6664,-1.0000,-1.0000,-1.0000,-1.0000,-1.0000,-1.0000,-1.0000,-1.0000,-1.0000,-1,-1,-1,-1,-1,-1,-1,-1,-1,0,0,3279308606419,7.3517,4.4131,13.1417,-1,-1,180,10812,6337
stress-five-minute-soak,17844,30.1388,-1,27.4957,-1.0000,-1.0000,-1.0000,-1.0000,-1.0000,-1.0000,-1.0000,-1.0000,-1.0000,-1,-1,-1,-1,-1,-1,-1,-1,-1,0,0,3279308811479,10.2658,5.5807,14.3370,-1,-1,180,10812,6337
stress-five-minute-soak,17845,28.1630,-1,28.3423,-1.0000,-1.0000,-1.0000,-1.0000,-1.0000,-1.0000,-1.0000,-1.0000,-1.0000,-1,-1,-1,-1,-1,-1,-1,-1,-1,0,0,3279309057624,8.5665,4.1373,19.0543,-1,-1,180,10812,6337
stress-five-minute-soak,17846,28.3796,-1,28.0023,-1.0000,-1.0000,-1.0000,-1.0000,-1.0000,-1.0000,-1.0000,-1.0000,-1.0000,-1,-1,-1,-1,-1,-1,-1,-1,-1,0,0,3279309333937,10.4419,4.3444,17.5230,-1,-1,180,10812,6337
stress-five-minute-soak,17847,25.3541,-1,28.1620,-1.0000,-1.0000,-1.0000,-1.0000,-1.0000,-1.0000,-1.0000,-1.0000,-1.0000,-1,-1,-1,-1,-1,-1,-1,-1,-1,0,0,3279309613716,6.7289,4.4766,23.3974,-1,-1,180,10812,6337
stress-five-minute-soak,17848,23.1730,-1,26.2779,-1.0000,-1.0000,-1.0000,-1.0000,-1.0000,-1.0000,-1.0000,-1.0000,-1.0000,-1,-1,-1,-1,-1,-1,-1,-1,-1,0,0,3279309915091,9.9241,4.5354,18.2272,-1,-1,180,10812,6337
stress-five-minute-soak,17912,32.0584,-1,14.5743,-1.0000,-1.0000,-1.0000,-1.0000,-1.0000,-1.0000,-1.0000,-1.0000,-1.0000,-1,-1,-1,-1,-1,-1,-1,-1,-1,0,0,3279320526963,6.2556,5.6117,9.9238,-1,-1,180,10830,6355
stress-five-minute-soak,17913,87.7600,-1,30.2794,-1.0000,-1.0000,-1.0000,-1.0000,-1.0000,-1.0000,-1.0000,-1.0000,-1.0000,-1,-1,-1,-1,-1,-1,-1,-1,-1,0,0,3279320688874,13.5366,5.1965,1.6571,-1,-1,180,10830,6355
stress-five-minute-soak,17914,94.6307,-1,87.4990,-1.0000,-1.0000,-1.0000,-1.0000,-1.0000,-1.0000,-1.0000,-1.0000,-1.0000,-1,-1,-1,-1,-1,-1,-1,-1,-1,0,0,3279320840950,6.3393,4.3995,10.9204,-1,-1,180,10830,6355
stress-five-minute-soak,17938,22.9142,-1,21.0555,-1.0000,-1.0000,-1.0000,-1.0000,-1.0000,-1.0000,-1.0000,-1.0000,-1.0000,-1,-1,-1,-1,-1,-1,-1,-1,-1,0,0,3279326150471,6.5102,3.9989,13.3058,-1,-1,180,10829,6354
stress-five-minute-soak,17940,83.6890,-1,21.4057,-1.0000,-1.0000,-1.0000,-1.0000,-1.0000,-1.0000,-1.0000,-1.0000,-1.0000,-1,-1,-1,-1,-1,-1,-1,-1,-1,0,0,3279326559489,6.4916,3.9083,14.8505,-1,-1,180,10829,6354
stress-five-minute-soak,17941,98.2472,-1,83.0807,-1.0000,-1.0000,-1.0000,-1.0000,-1.0000,-1.0000,-1.0000,-1.0000,-1.0000,-1,-1,-1,-1,-1,-1,-1,-1,-1,0,0,3279326773008,11.3928,4.3637,11.5088,-1,-1,180,10829,6354
stress-five-minute-soak,17942,97.5309,-1,96.3712,-1.0000,-1.0000,-1.0000,-1.0000,-1.0000,-1.0000,-1.0000,-1.0000,-1.0000,-1,-1,-1,-1,-1,-1,-1,-1,-1,0,0,3279327002146,4.8152,3.2161,16.7278,-1,-1,180,10829,6354
stress-five-minute-soak,17943,95.1274,-1,96.5780,-1.0000,-1.0000,-1.0000,-1.0000,-1.0000,-1.0000,-1.0000,-1.0000,-1.0000,-1,-1,-1,-1,-1,-1,-1,-1,-1,0,0,3279327217684,12.8774,3.9413,70.8009,-1,-1,180,10827,6354
stress-five-minute-soak,17944,56.3034,-1,93.6059,-1.0000,-1.0000,-1.0000,-1.0000,-1.0000,-1.0000,-1.0000,-1.0000,-1.0000,-1,-1,-1,-1,-1,-1,-1,-1,-1,0,0,3279328054591,14.6784,4.7203,83.5708,-1,-1,180,10829,6354
stress-five-minute-soak,17965,23.0132,-1,20.1108,-1.0000,-1.0000,-1.0000,-1.0000,-1.0000,-1.0000,-1.0000,-1.0000,-1.0000,-1,-1,-1,-1,-1,-1,-1,-1,-1,0,0,3279334041986,7.1756,4.7900,5.0891,-1,-1,180,10822,6349
stress-five-minute-soak,17969,75.9586,-1,21.1876,-1.0000,-1.0000,-1.0000,-1.0000,-1.0000,-1.0000,-1.0000,-1.0000,-1.0000,-1,-1,-1,-1,-1,-1,-1,-1,-1,0,0,3279334781436,10.0240,4.4304,10.7607,-1,-1,180,10823,6350
stress-five-minute-soak,17970,97.3178,-1,74.4694,-1.0000,-1.0000,-1.0000,-1.0000,-1.0000,-1.0000,-1.0000,-1.0000,-1.0000,-1,-1,-1,-1,-1,-1,-1,-1,-1,0,0,3279334989404,5.4316,4.3446,15.5599,-1,-1,180,10823,6350
stress-five-minute-soak,17971,97.0401,-1,96.8755,-1.0000,-1.0000,-1.0000,-1.0000,-1.0000,-1.0000,-1.0000,-1.0000,-1.0000,-1,-1,-1,-1,-1,-1,-1,-1,-1,0,0,3279335199442,10.9632,4.4837,10.6921,-1,-1,180,10823,6350
stress-five-minute-soak,17972,97.6903,-1,96.4526,-1.0000,-1.0000,-1.0000,-1.0000,-1.0000,-1.0000,-1.0000,-1.0000,-1.0000,-1,-1,-1,-1,-1,-1,-1,-1,-1,0,0,3279335416105,5.1490,4.4634,70.8136,-1,-1,180,10823,6350
stress-five-minute-soak,17973,52.1623,-1,96.7296,-1.0000,-1.0000,-1.0000,-1.0000,-1.0000,-1.0000,-1.0000,-1.0000,-1.0000,-1,-1,-1,-1,-1,-1,-1,-1,-1,0,0,3279336175924,42.9956,4.1599,54.2711,-1,-1,180,10823,6350
stress-five-minute-soak,17998,27.9363,-1,20.9370,-1.0000,-1.0000,-1.0000,-1.0000,-1.0000,-1.0000,-1.0000,-1.0000,-1.0000,-1,-1,-1,-1,-1,-1,-1,-1,-1,0,0,3279342913804,4.9733,3.9467,16.3748,-1,-1,180,10817,6354
stress-five-minute-soak,17999,92.6677,-1,27.7647,-1.0000,-1.0000,-1.0000,-1.0000,-1.0000,-1.0000,-1.0000,-1.0000,-1.0000,-1,-1,-1,-1,-1,-1,-1,-1,-1,0,0,3279343127401,6.6353,4.2578,14.6456,-1,-1,180,10817,6354
stress-five-minute-soak,18000,99.7157,-1,92.8305,-1.0000,-1.0000,-1.0000,-1.0000,-1.0000,-1.0000,-1.0000,-1.0000,-1.0000,-1,-1,-1,-1,-1,-1,-1,-1,-1,0,0,3279343340330,13.5547,4.0115,7.6263,-1,-1,180,10817,6354
stress-five-minute-soak,18001,93.9885,-1,96.4805,-1.0000,-1.0000,-1.0000,-1.0000,-1.0000,-1.0000,-1.0000,-1.0000,-1.0000,-1,-1,-1,-1,-1,-1,-1,-1,-1,0,0,3279343552264,7.0931,4.1221,20.8289,-1,-1,180,10821,6354
stress-five-minute-soak,18002,90.5442,-1,93.9448,-1.0000,-1.0000,-1.0000,-1.0000,-1.0000,-1.0000,-1.0000,-1.0000,-1.0000,-1,-1,-1,-1,-1,-1,-1,-1,-1,0,0,3279343831613,12.3169,4.3555,80.3422,-1,-1,180,10821,6354
stress-five-minute-soak,18003,30.8958,-1,89.9564,-1.0000,-1.0000,-1.0000,-1.0000,-1.0000,-1.0000,-1.0000,-1.0000,-1.0000,-1,-1,-1,-1,-1,-1,-1,-1,-1,0,0,3279344758322,21.9768,4.2513,77.7422,-1,-1,180,10821,6354
stress-five-minute-soak,18027,40.0048,-1,20.6479,-1.0000,-1.0000,-1.0000,-1.0000,-1.0000,-1.0000,-1.0000,-1.0000,-1.0000,-1,-1,-1,-1,-1,-1,-1,-1,-1,0,0,3279351066629,7.8610,4.5166,13.2336,-1,-1,180,10818,6351
stress-five-minute-soak,18028,98.2638,-1,39.0497,-1.0000,-1.0000,-1.0000,-1.0000,-1.0000,-1.0000,-1.0000,-1.0000,-1.0000,-1,-1,-1,-1,-1,-1,-1,-1,-1,0,0,3279351277693,9.7377,4.2212,9.0562,-1,-1,180,10818,6351
stress-five-minute-soak,18029,98.3959,-1,97.3266,-1.0000,-1.0000,-1.0000,-1.0000,-1.0000,-1.0000,-1.0000,-1.0000,-1.0000,-1,-1,-1,-1,-1,-1,-1,-1,-1,0,0,3279351465749,5.3070,4.0041,15.5857,-1,-1,180,10818,6351
stress-five-minute-soak,18030,90.5848,-1,96.8274,-1.0000,-1.0000,-1.0000,-1.0000,-1.0000,-1.0000,-1.0000,-1.0000,-1.0000,-1,-1,-1,-1,-1,-1,-1,-1,-1,0,0,3279351674795,7.3176,4.5259,32.6807,-1,-1,180,10818,6351
stress-five-minute-soak,18031,48.1890,-1,89.7705,-1.0000,-1.0000,-1.0000,-1.0000,-1.0000,-1.0000,-1.0000,-1.0000,-1.0000,-1,-1,-1,-1,-1,-1,-1,-1,-1,0,0,3279352074886,11.5640,4.6084,86.6823,-1,-1,180,10816,6351
stress-five-minute-soak,18032,29.8329,-1,47.7660,-1.0000,-1.0000,-1.0000,-1.0000,-1.0000,-1.0000,-1.0000,-1.0000,-1.0000,-1,-1,-1,-1,-1,-1,-1,-1,-1,0,0,3279353057468,17.9318,5.1832,80.4667,-1,-1,180,10818,6351
stress-five-minute-soak,18033,27.2924,-1,30.4845,-1.0000,-1.0000,-1.0000,-1.0000,-1.0000,-1.0000,-1.0000,-1.0000,-1.0000,-1,-1,-1,-1,-1,-1,-1,-1,-1,0,0,3279354041660,46.3476,4.6628,44.1993,-1,-1,180,10818,6351
stress-five-minute-soak,18058,76.0546,-1,20.4237,-1.0000,-1.0000,-1.0000,-1.0000,-1.0000,-1.0000,-1.0000,-1.0000,-1.0000,-1,-1,-1,-1,-1,-1,-1,-1,-1,0,0,3279359388575,10.0830,4.5861,11.1271,-1,-1,180,10822,6355
stress-five-minute-soak,18059,96.5393,-1,74.8303,-1.0000,-1.0000,-1.0000,-1.0000,-1.0000,-1.0000,-1.0000,-1.0000,-1.0000,-1,-1,-1,-1,-1,-1,-1,-1,-1,0,0,3279359600768,6.6758,4.5473,14.3590,-1,-1,180,10822,6355
stress-five-minute-soak,18060,98.5100,-1,96.0532,-1.0000,-1.0000,-1.0000,-1.0000,-1.0000,-1.0000,-1.0000,-1.0000,-1.0000,-1,-1,-1,-1,-1,-1,-1,-1,-1,0,0,3279359811260,10.7277,5.9879,10.2268,-1,-1,180,10822,6355
stress-five-minute-soak,18061,97.1714,-1,96.7360,-1.0000,-1.0000,-1.0000,-1.0000,-1.0000,-1.0000,-1.0000,-1.0000,-1.0000,-1,-1,-1,-1,-1,-1,-1,-1,-1,0,0,3279360020914,6.9449,4.2129,69.1124,-1,-1,180,10822,6355
stress-five-minute-soak,18062,53.1001,-1,96.7660,-1.0000,-1.0000,-1.0000,-1.0000,-1.0000,-1.0000,-1.0000,-1.0000,-1.0000,-1,-1,-1,-1,-1,-1,-1,-1,-1,0,0,3279360781680,43.2295,4.9537,53.2674,-1,-1,180,10822,6355
stress-five-minute-soak,18088,28.6811,-1,14.6345,-1.0000,-1.0000,-1.0000,-1.0000,-1.0000,-1.0000,-1.0000,-1.0000,-1.0000,-1,-1,-1,-1,-1,-1,-1,-1,-1,0,0,3279367523515,7.8150,4.5989,6.6986,-1,-1,180,10835,6368
stress-five-minute-soak,18089,97.8340,-1,27.5540,-1.0000,-1.0000,-1.0000,-1.0000,-1.0000,-1.0000,-1.0000,-1.0000,-1.0000,-1,-1,-1,-1,-1,-1,-1,-1,-1,0,0,3279367668759,5.8995,5.0050,13.3759,-1,-1,180,10835,6368
stress-five-minute-soak,18090,99.4984,-1,97.1988,-1.0000,-1.0000,-1.0000,-1.0000,-1.0000,-1.0000,-1.0000,-1.0000,-1.0000,-1,-1,-1,-1,-1,-1,-1,-1,-1,0,0,3279367861628,10.0348,4.7038,4.6498,-1,-1,180,10833,6368
stress-five-minute-soak,18091,92.8480,-1,96.9134,-1.0000,-1.0000,-1.0000,-1.0000,-1.0000,-1.0000,-1.0000,-1.0000,-1.0000,-1,-1,-1,-1,-1,-1,-1,-1,-1,0,0,3279368008595,5.8169,4.6843,22.8598,-1,-1,180,10835,6368
stress-five-minute-soak,18092,55.8217,-1,93.5629,-1.0000,-1.0000,-1.0000,-1.0000,-1.0000,-1.0000,-1.0000,-1.0000,-1.0000,-1,-1,-1,-1,-1,-1,-1,-1,-1,0,0,3279368295523,15.7600,3.7558,82.0703,-1,-1,180,10835,6368
stress-five-minute-soak,18093,32.6977,-1,-1.0000,-1.0000,-1.0000,-1.0000,-1.0000,-1.0000,-1.0000,-1.0000,-1.0000,-1.0000,-1,-1,-1,-1,-1,-1,-1,-1,-1,0,0,3279369274054,46.3290,4.3281,53.1266,-1,-1,180,10835,6368
stress-five-minute-soak,18094,30.9486,-1,31.6314,-1.0000,-1.0000,-1.0000,-1.0000,-1.0000,-1.0000,-1.0000,-1.0000,-1.0000,-1,-1,-1,-1,-1,-1,-1,-1,-1,0,0,3279370269006,41.5989,3.9744,51.1946,-1,-1,180,10835,6368
stress-five-minute-soak,18122,61.1476,-1,17.7554,-1.0000,-1.0000,-1.0000,-1.0000,-1.0000,-1.0000,-1.0000,-1.0000,-1.0000,-1,-1,-1,-1,-1,-1,-1,-1,-1,0,0,3279375890842,6.4610,4.2957,10.9526,-1,-1,180,10847,6380
stress-five-minute-soak,18123,98.2663,-1,60.4406,-1.0000,-1.0000,-1.0000,-1.0000,-1.0000,-1.0000,-1.0000,-1.0000,-1.0000,-1,-1,-1,-1,-1,-1,-1,-1,-1,0,0,3279376065039,6.8698,4.2662,10.4411,-1,-1,180,10847,6380
stress-five-minute-soak,18124,82.1552,-1,97.2227,-1.0000,-1.0000,-1.0000,-1.0000,-1.0000,-1.0000,-1.0000,-1.0000,-1.0000,-1,-1,-1,-1,-1,-1,-1,-1,-1,0,0,3279376238267,9.5995,4.0963,7.8704,-1,-1,180,10847,6380
stress-five-minute-soak,18125,35.8585,-1,-1.0000,-1.0000,-1.0000,-1.0000,-1.0000,-1.0000,-1.0000,-1.0000,-1.0000,-1.0000,-1,-1,-1,-1,-1,-1,-1,-1,-1,0,0,3279376413076,5.3816,4.0010,55.7572,-1,-1,180,10847,6380
stress-five-minute-soak,18126,26.4548,-1,35.3784,-1.0000,-1.0000,-1.0000,-1.0000,-1.0000,-1.0000,-1.0000,-1.0000,-1.0000,-1,-1,-1,-1,-1,-1,-1,-1,-1,0,0,3279377024574,13.6828,5.4174,84.5704,-1,-1,180,10843,6380
stress-five-minute-soak,18127,23.1365,-1,26.3859,-1.0000,-1.0000,-1.0000,-1.0000,-1.0000,-1.0000,-1.0000,-1.0000,-1.0000,-1,-1,-1,-1,-1,-1,-1,-1,-1,0,0,3279378007234,16.9177,6.7120,65.2390,-1,-1,180,10847,6380
stress-five-minute-soak,18128,23.6045,-1,23.3656,-1.0000,-1.0000,-1.0000,-1.0000,-1.0000,-1.0000,-1.0000,-1.0000,-1.0000,-1,-1,-1,-1,-1,-1,-1,-1,-1,0,0,3279378828965,31.0857,4.0224,4.7324,-1,-1,180,10847,6380
stress-five-minute-soak,18209,25.6254,-1,14.5306,-1.0000,-1.0000,-1.0000,-1.0000,-1.0000,-1.0000,-1.0000,-1.0000,-1.0000,-1,-1,-1,-1,-1,-1,-1,-1,-1,0,0,3279392174779,5.7779,4.7494,8.9596,-1,-1,180,10862,6396
stress-five-minute-soak,18210,47.1957,-1,26.5620,-1.0000,-1.0000,-1.0000,-1.0000,-1.0000,-1.0000,-1.0000,-1.0000,-1.0000,-1,-1,-1,-1,-1,-1,-1,-1,-1,0,0,3279392322267,10.4235,4.9044,6.1854,-1,-1,180,10862,6396
stress-five-minute-soak,18211,96.3845,-1,45.3420,-1.0000,-1.0000,-1.0000,-1.0000,-1.0000,-1.0000,-1.0000,-1.0000,-1.0000,-1,-1,-1,-1,-1,-1,-1,-1,-1,0,0,3279392488472,6.4591,4.4469,7.4680,-1,-1,180,10862,6396
stress-five-minute-soak,18212,50.8161,-1,95.8410,-1.0000,-1.0000,-1.0000,-1.0000,-1.0000,-1.0000,-1.0000,-1.0000,-1.0000,-1,-1,-1,-1,-1,-1,-1,-1,-1,0,0,3279392627884,7.2407,4.1027,18.3658,-1,-1,180,10858,6396
stress-five-minute-soak,18226,27.5994,-1,21.0002,-1.0000,-1.0000,-1.0000,-1.0000,-1.0000,-1.0000,-1.0000,-1.0000,-1.0000,-1,-1,-1,-1,-1,-1,-1,-1,-1,0,0,3279396146920,6.5279,4.8900,13.5341,-1,-1,180,10866,6400
stress-five-minute-soak,18227,25.1326,-1,27.4004,-1.0000,-1.0000,-1.0000,-1.0000,-1.0000,-1.0000,-1.0000,-1.0000,-1.0000,-1,-1,-1,-1,-1,-1,-1,-1,-1,0,0,3279396347604,11.0289,4.9444,8.9337,-1,-1,180,10866,6400
stress-five-minute-soak,18237,81.9099,-1,20.5988,-1.0000,-1.0000,-1.0000,-1.0000,-1.0000,-1.0000,-1.0000,-1.0000,-1.0000,-1,-1,-1,-1,-1,-1,-1,-1,-1,0,0,3279398327976,11.1976,4.0685,4.3690,-1,-1,180,10860,6398
stress-five-minute-soak,18238,97.8519,-1,80.6031,-1.0000,-1.0000,-1.0000,-1.0000,-1.0000,-1.0000,-1.0000,-1.0000,-1.0000,-1,-1,-1,-1,-1,-1,-1,-1,-1,0,0,3279398483759,5.3054,4.8902,10.1928,-1,-1,180,10860,6398
stress-five-minute-soak,18239,97.6181,-1,97.0936,-1.0000,-1.0000,-1.0000,-1.0000,-1.0000,-1.0000,-1.0000,-1.0000,-1.0000,-1,-1,-1,-1,-1,-1,-1,-1,-1,0,0,3279398638801,6.3795,4.1712,14.5749,-1,-1,180,10864,6398
stress-five-minute-soak,18240,97.9006,-1,96.6625,-1.0000,-1.0000,-1.0000,-1.0000,-1.0000,-1.0000,-1.0000,-1.0000,-1.0000,-1,-1,-1,-1,-1,-1,-1,-1,-1,0,0,3279398848439,10.4778,4.3563,71.4371,-1,-1,180,10864,6398
stress-five-minute-soak,18241,52.2654,-1,96.5409,-1.0000,-1.0000,-1.0000,-1.0000,-1.0000,-1.0000,-1.0000,-1.0000,-1.0000,-1,-1,-1,-1,-1,-1,-1,-1,-1,0,0,3279399667781,27.8905,5.2502,69.9079,-1,-1,180,10864,6398
stress-five-minute-soak,18268,24.1905,-1,19.6805,-1.0000,-1.0000,-1.0000,-1.0000,-1.0000,-1.0000,-1.0000,-1.0000,-1.0000,-1,-1,-1,-1,-1,-1,-1,-1,-1,0,0,3279406488382,5.9952,4.3172,4.8027,-1,-1,180,10870,6404
stress-five-minute-soak,18282,29.7039,-1,18.7379,-1.0000,-1.0000,-1.0000,-1.0000,-1.0000,-1.0000,-1.0000,-1.0000,-1.0000,-1,-1,-1,-1,-1,-1,-1,-1,-1,0,0,3279408708939,10.7590,4.3640,2.7296,-1,-1,180,10866,6404
stress-five-minute-soak,18283,32.9338,-1,29.3883,-1.0000,-1.0000,-1.0000,-1.0000,-1.0000,-1.0000,-1.0000,-1.0000,-1.0000,-1,-1,-1,-1,-1,-1,-1,-1,-1,0,0,3279408843942,5.1988,4.5264,8.8303,-1,-1,180,10870,6404
stress-five-minute-soak,18284,32.9383,-1,32.4577,-1.0000,-1.0000,-1.0000,-1.0000,-1.0000,-1.0000,-1.0000,-1.0000,-1.0000,-1,-1,-1,-1,-1,-1,-1,-1,-1,0,0,3279408984301,5.8534,4.1831,12.8853,-1,-1,180,10870,6404
stress-five-minute-soak,18285,31.6037,-1,32.4818,-1.0000,-1.0000,-1.0000,-1.0000,-1.0000,-1.0000,-1.0000,-1.0000,-1.0000,-1,-1,-1,-1,-1,-1,-1,-1,-1,0,0,3279409171801,7.5446,4.2860,22.1452,-1,-1,180,10870,6404
stress-five-minute-soak,18286,31.0820,-1,31.2704,-1.0000,-1.0000,-1.0000,-1.0000,-1.0000,-1.0000,-1.0000,-1.0000,-1.0000,-1,-1,-1,-1,-1,-1,-1,-1,-1,0,0,3279409468827,10.9941,4.2977,21.9309,-1,-1,180,10870,6404
stress-five-minute-soak,18287,28.5286,-1,30.2490,-1.0000,-1.0000,-1.0000,-1.0000,-1.0000,-1.0000,-1.0000,-1.0000,-1.0000,-1,-1,-1,-1,-1,-1,-1,-1,-1,0,0,3279409798164,11.8260,4.6307,21.1000,-1,-1,180,10870,6404
stress-five-minute-soak,18288,24.4522,-1,29.1156,-1.0000,-1.0000,-1.0000,-1.0000,-1.0000,-1.0000,-1.0000,-1.0000,-1.0000,-1,-1,-1,-1,-1,-1,-1,-1,-1,0,0,3279410127552,6.9221,4.0846,24.6691,-1,-1,180,10870,6404
stress-five-minute-soak,18289,23.2258,-1,24.4163,-1.0000,-1.0000,-1.0000,-1.0000,-1.0000,-1.0000,-1.0000,-1.0000,-1.0000,-1,-1,-1,-1,-1,-1,-1,-1,-1,0,0,3279410443596,11.7480,4.1855,19.3252,-1,-1,180,10870,6404
stress-five-minute-soak,18339,27.9299,-1,18.2228,-1.0000,-1.0000,-1.0000,-1.0000,-1.0000,-1.0000,-1.0000,-1.0000,-1.0000,-1,-1,-1,-1,-1,-1,-1,-1,-1,0,0,3279418960797,5.9941,4.7432,8.4667,-1,-1,180,10877,6411
stress-five-minute-soak,18340,33.7266,-1,27.3226,-1.0000,-1.0000,-1.0000,-1.0000,-1.0000,-1.0000,-1.0000,-1.0000,-1.0000,-1,-1,-1,-1,-1,-1,-1,-1,-1,0,0,3279419105496,7.2117,4.5440,8.5568,-1,-1,180,10877,6411
stress-five-minute-soak,18341,31.7468,-1,31.9849,-1.0000,-1.0000,-1.0000,-1.0000,-1.0000,-1.0000,-1.0000,-1.0000,-1.0000,-1,-1,-1,-1,-1,-1,-1,-1,-1,0,0,3279419263285,10.0761,4.5636,7.7462,-1,-1,180,10877,6411
stress-five-minute-soak,18342,33.4146,-1,32.9605,-1.0000,-1.0000,-1.0000,-1.0000,-1.0000,-1.0000,-1.0000,-1.0000,-1.0000,-1,-1,-1,-1,-1,-1,-1,-1,-1,0,0,3279419441632,5.3161,4.4550,22.6038,-1,-1,180,10877,6411
stress-five-minute-soak,18343,32.6487,-1,32.5386,-1.0000,-1.0000,-1.0000,-1.0000,-1.0000,-1.0000,-1.0000,-1.0000,-1.0000,-1,-1,-1,-1,-1,-1,-1,-1,-1,0,0,3279419720931,11.0725,4.3369,22.6420,-1,-1,180,10877,6411
stress-five-minute-soak,18344,31.1262,-1,32.5553,-1.0000,-1.0000,-1.0000,-1.0000,-1.0000,-1.0000,-1.0000,-1.0000,-1.0000,-1,-1,-1,-1,-1,-1,-1,-1,-1,0,0,3279420058190,7.5000,3.9534,24.2353,-1,-1,180,10877,6411
stress-five-minute-soak,18345,27.5616,-1,31.4066,-1.0000,-1.0000,-1.0000,-1.0000,-1.0000,-1.0000,-1.0000,-1.0000,-1.0000,-1,-1,-1,-1,-1,-1,-1,-1,-1,0,0,3279420375661,10.7327,4.4366,22.6698,-1,-1,180,10877,6411
stress-five-minute-soak,18346,24.0945,-1,26.1701,-1.0000,-1.0000,-1.0000,-1.0000,-1.0000,-1.0000,-1.0000,-1.0000,-1.0000,-1,-1,-1,-1,-1,-1,-1,-1,-1,0,0,3279420709807,15.1848,4.5139,17.4540,-1,-1,180,10877,6411
stress-five-minute-soak,18459,71.6696,-1,15.3733,-1.0000,-1.0000,-1.0000,-1.0000,-1.0000,-1.0000,-1.0000,-1.0000,-1.0000,-1,-1,-1,-1,-1,-1,-1,-1,-1,0,0,3279439297817,9.4833,3.5720,6.2315,-1,-1,180,10888,6423
stress-five-minute-soak,18460,98.1314,-1,69.7641,-1.0000,-1.0000,-1.0000,-1.0000,-1.0000,-1.0000,-1.0000,-1.0000,-1.0000,-1,-1,-1,-1,-1,-1,-1,-1,-1,0,0,3279439455058,5.4109,4.5010,10.1475,-1,-1,180,10888,6423
stress-five-minute-soak,18461,49.9007,-1,97.0732,-1.0000,-1.0000,-1.0000,-1.0000,-1.0000,-1.0000,-1.0000,-1.0000,-1.0000,-1,-1,-1,-1,-1,-1,-1,-1,-1,0,0,3279439610749,7.2404,4.0567,7.4461,-1,-1,180,10888,6423
stress-five-minute-soak,18485,22.5999,-1,20.5558,-1.0000,-1.0000,-1.0000,-1.0000,-1.0000,-1.0000,-1.0000,-1.0000,-1.0000,-1,-1,-1,-1,-1,-1,-1,-1,-1,0,0,3279444985742,5.7746,4.5653,8.5540,-1,-1,182,10893,6427
stress-five-minute-soak,18487,28.8119,-1,21.2869,-1.0000,-1.0000,-1.0000,-1.0000,-1.0000,-1.0000,-1.0000,-1.0000,-1.0000,-1,-1,-1,-1,-1,-1,-1,-1,-1,0,0,3279445314491,11.9493,4.4120,8.9536,-1,-1,182,10893,6427
stress-five-minute-soak,18488,96.2359,-1,28.7194,-1.0000,-1.0000,-1.0000,-1.0000,-1.0000,-1.0000,-1.0000,-1.0000,-1.0000,-1,-1,-1,-1,-1,-1,-1,-1,-1,0,0,3279445523633,7.4718,4.3867,15.1086,-1,-1,182,10893,6427
stress-five-minute-soak,18489,97.2481,-1,94.0388,-1.0000,-1.0000,-1.0000,-1.0000,-1.0000,-1.0000,-1.0000,-1.0000,-1.0000,-1,-1,-1,-1,-1,-1,-1,-1,-1,0,0,3279445749541,14.1464,4.1715,7.0509,-1,-1,182,10893,6427
stress-five-minute-soak,18490,97.0401,-1,96.9441,-1.0000,-1.0000,-1.0000,-1.0000,-1.0000,-1.0000,-1.0000,-1.0000,-1.0000,-1,-1,-1,-1,-1,-1,-1,-1,-1,0,0,3279445961618,5.2510,4.2619,23.5502,-1,-1,182,10893,6427
stress-five-minute-soak,18491,94.5983,-1,95.9386,-1.0000,-1.0000,-1.0000,-1.0000,-1.0000,-1.0000,-1.0000,-1.0000,-1.0000,-1,-1,-1,-1,-1,-1,-1,-1,-1,0,0,3279446249744,12.8012,4.5013,83.4375,-1,-1,182,10899,6434
stress-five-minute-soak,18492,40.9909,-1,-1.0000,-1.0000,-1.0000,-1.0000,-1.0000,-1.0000,-1.0000,-1.0000,-1.0000,-1.0000,-1,-1,-1,-1,-1,-1,-1,-1,-1,0,0,3279447212308,45.6724,6.1606,51.5413,-1,-1,182,10899,6434
stress-five-minute-soak,18515,24.7662,-1,19.6813,-1.0000,-1.0000,-1.0000,-1.0000,-1.0000,-1.0000,-1.0000,-1.0000,-1.0000,-1,-1,-1,-1,-1,-1,-1,-1,-1,0,0,3279453391616,6.3063,3.6524,14.5122,-1,-1,182,10895,6434
stress-five-minute-soak,18516,77.1800,-1,24.6577,-1.0000,-1.0000,-1.0000,-1.0000,-1.0000,-1.0000,-1.0000,-1.0000,-1.0000,-1,-1,-1,-1,-1,-1,-1,-1,-1,0,0,3279453599929,7.6939,4.4052,13.5632,-1,-1,182,10897,6434
stress-five-minute-soak,18517,99.6544,-1,77.4943,-1.0000,-1.0000,-1.0000,-1.0000,-1.0000,-1.0000,-1.0000,-1.0000,-1.0000,-1,-1,-1,-1,-1,-1,-1,-1,-1,0,0,3279453812632,10.9205,4.7536,9.1316,-1,-1,182,10899,6434
stress-five-minute-soak,18518,94.3843,-1,97.1873,-1.0000,-1.0000,-1.0000,-1.0000,-1.0000,-1.0000,-1.0000,-1.0000,-1.0000,-1,-1,-1,-1,-1,-1,-1,-1,-1,0,0,3279454013269,6.7712,4.2461,17.9833,-1,-1,182,10899,6434
stress-five-minute-soak,18519,59.9198,-1,94.1340,-1.0000,-1.0000,-1.0000,-1.0000,-1.0000,-1.0000,-1.0000,-1.0000,-1.0000,-1,-1,-1,-1,-1,-1,-1,-1,-1,0,0,3279454260935,10.2923,4.8043,66.8839,-1,-1,182,10899,6434
stress-five-minute-soak,18520,33.2427,-1,58.7878,-1.0000,-1.0000,-1.0000,-1.0000,-1.0000,-1.0000,-1.0000,-1.0000,-1.0000,-1,-1,-1,-1,-1,-1,-1,-1,-1,0,0,3279455032822,13.6704,4.3833,85.9633,-1,-1,182,10904,6440
stress-five-minute-soak,18521,27.6619,-1,32.0579,-1.0000,-1.0000,-1.0000,-1.0000,-1.0000,-1.0000,-1.0000,-1.0000,-1.0000,-1,-1,-1,-1,-1,-1,-1,-1,-1,0,0,3279456029292,24.3223,4.8761,70.0648,-1,-1,182,10904,6440
stress-five-minute-soak,18548,56.9948,-1,21.1909,-1.0000,-1.0000,-1.0000,-1.0000,-1.0000,-1.0000,-1.0000,-1.0000,-1.0000,-1,-1,-1,-1,-1,-1,-1,-1,-1,0,0,3279461797396,11.6123,4.6106,9.5920,-1,-1,182,10904,6440
stress-five-minute-soak,18549,99.1725,-1,56.9170,-1.0000,-1.0000,-1.0000,-1.0000,-1.0000,-1.0000,-1.0000,-1.0000,-1.0000,-1,-1,-1,-1,-1,-1,-1,-1,-1,0,0,3279462009564,5.7685,4.5012,14.0325,-1,-1,182,10904,6440
stress-five-minute-soak,18550,97.7971,-1,97.9732,-1.0000,-1.0000,-1.0000,-1.0000,-1.0000,-1.0000,-1.0000,-1.0000,-1.0000,-1,-1,-1,-1,-1,-1,-1,-1,-1,0,0,3279462207685,12.4101,4.4025,8.8417,-1,-1,182,10904,6440
stress-five-minute-soak,18551,98.0672,-1,96.9380,-1.0000,-1.0000,-1.0000,-1.0000,-1.0000,-1.0000,-1.0000,-1.0000,-1.0000,-1,-1,-1,-1,-1,-1,-1,-1,-1,0,0,3279462420322,6.4834,4.1553,50.5004,-1,-1,182,10900,6440
stress-five-minute-soak,18552,67.6567,-1,96.9812,-1.0000,-1.0000,-1.0000,-1.0000,-1.0000,-1.0000,-1.0000,-1.0000,-1.0000,-1,-1,-1,-1,-1,-1,-1,-1,-1,0,0,3279462990271,13.1037,4.4886,86.0586,-1,-1,182,10912,6449
stress-five-minute-soak,18576,38.3912,-1,21.3315,-1.0000,-1.0000,-1.0000,-1.0000,-1.0000,-1.0000,-1.0000,-1.0000,-1.0000,-1,-1,-1,-1,-1,-1,-1,-1,-1,0,0,3279469792065,11.0034,5.7732,9.9153,-1,-1,182,10912,6449
stress-five-minute-soak,18577,98.5474,-1,37.5473,-1.0000,-1.0000,-1.0000,-1.0000,-1.0000,-1.0000,-1.0000,-1.0000,-1.0000,-1,-1,-1,-1,-1,-1,-1,-1,-1,0,0,3279470001367,7.0994,4.6806,14.8278,-1,-1,182,10912,6449
stress-five-minute-soak,18578,98.0849,-1,97.4991,-1.0000,-1.0000,-1.0000,-1.0000,-1.0000,-1.0000,-1.0000,-1.0000,-1.0000,-1,-1,-1,-1,-1,-1,-1,-1,-1,0,0,3279470220744,12.6704,4.2635,8.9726,-1,-1,182,10912,6449
stress-five-minute-soak,18579,95.8375,-1,97.3233,-1.0000,-1.0000,-1.0000,-1.0000,-1.0000,-1.0000,-1.0000,-1.0000,-1.0000,-1,-1,-1,-1,-1,-1,-1,-1,-1,0,0,3279470437302,6.1893,4.3461,32.1940,-1,-1,182,10912,6449
stress-five-minute-soak,18580,58.9181,-1,94.5116,-1.0000,-1.0000,-1.0000,-1.0000,-1.0000,-1.0000,-1.0000,-1.0000,-1.0000,-1,-1,-1,-1,-1,-1,-1,-1,-1,0,0,3279470821229,13.7182,4.1315,84.8336,-1,-1,182,10912,6449
stress-five-minute-soak,18581,32.9883,-1,57.9343,-1.0000,-1.0000,-1.0000,-1.0000,-1.0000,-1.0000,-1.0000,-1.0000,-1.0000,-1,-1,-1,-1,-1,-1,-1,-1,-1,0,0,3279471806935,47.5472,4.3118,50.4855,-1,-1,182,10908,6449
stress-five-minute-soak,18606,23.0566,-1,21.1896,-1.0000,-1.0000,-1.0000,-1.0000,-1.0000,-1.0000,-1.0000,-1.0000,-1.0000,-1,-1,-1,-1,-1,-1,-1,-1,-1,0,0,3279477938739,5.9150,4.3723,15.3960,-1,-1,182,10908,6449
stress-five-minute-soak,18607,84.6661,-1,20.9820,-1.0000,-1.0000,-1.0000,-1.0000,-1.0000,-1.0000,-1.0000,-1.0000,-1.0000,-1,-1,-1,-1,-1,-1,-1,-1,-1,0,0,3279478151959,7.1963,4.2313,13.6776,-1,-1,182,10908,6449
stress-five-minute-soak,18608,98.6421,-1,85.6276,-1.0000,-1.0000,-1.0000,-1.0000,-1.0000,-1.0000,-1.0000,-1.0000,-1.0000,-1,-1,-1,-1,-1,-1,-1,-1,-1,0,0,3279478360787,12.0852,4.3397,9.3507,-1,-1,182,10908,6449
stress-five-minute-soak,18609,98.4233,-1,97.2982,-1.0000,-1.0000,-1.0000,-1.0000,-1.0000,-1.0000,-1.0000,-1.0000,-1.0000,-1,-1,-1,-1,-1,-1,-1,-1,-1,0,0,3279478575257,6.5125,4.3512,16.5344,-1,-1,182,10912,6449
stress-five-minute-soak,18610,97.3367,-1,97.1059,-1.0000,-1.0000,-1.0000,-1.0000,-1.0000,-1.0000,-1.0000,-1.0000,-1.0000,-1,-1,-1,-1,-1,-1,-1,-1,-1,0,0,3279478805828,11.2834,4.0791,73.3706,-1,-1,182,10912,6449
stress-five-minute-soak,18611,41.2821,-1,95.7076,-1.0000,-1.0000,-1.0000,-1.0000,-1.0000,-1.0000,-1.0000,-1.0000,-1.0000,-1,-1,-1,-1,-1,-1,-1,-1,-1,0,0,3279479652493,14.2725,4.5046,84.3584,-1,-1,182,10913,6450
stress-five-minute-soak,18634,23.4628,-1,21.2938,-1.0000,-1.0000,-1.0000,-1.0000,-1.0000,-1.0000,-1.0000,-1.0000,-1.0000,-1,-1,-1,-1,-1,-1,-1,-1,-1,0,0,3279485860435,12.0460,4.2909,8.7434,-1,-1,182,10913,6450
stress-five-minute-soak,18637,85.0322,-1,19.4173,-1.0000,-1.0000,-1.0000,-1.0000,-1.0000,-1.0000,-1.0000,-1.0000,-1.0000,-1,-1,-1,-1,-1,-1,-1,-1,-1,0,0,3279486487528,6.2979,5.1750,17.1552,-1,-1,182,10913,6450
stress-five-minute-soak,18638,97.2489,-1,84.3028,-1.0000,-1.0000,-1.0000,-1.0000,-1.0000,-1.0000,-1.0000,-1.0000,-1.0000,-1,-1,-1,-1,-1,-1,-1,-1,-1,0,0,3279486722164,11.7469,5.4515,5.8218,-1,-1,182,10913,6450
stress-five-minute-soak,18639,97.8856,-1,97.1507,-1.0000,-1.0000,-1.0000,-1.0000,-1.0000,-1.0000,-1.0000,-1.0000,-1.0000,-1,-1,-1,-1,-1,-1,-1,-1,-1,0,0,3279486897962,5.6032,5.4327,13.9323,-1,-1,182,10913,6450
stress-five-minute-soak,18640,99.6290,-1,97.0220,-1.0000,-1.0000,-1.0000,-1.0000,-1.0000,-1.0000,-1.0000,-1.0000,-1.0000,-1,-1,-1,-1,-1,-1,-1,-1,-1,0,0,3279487093425,7.0419,4.4547,77.9872,-1,-1,182,10913,6454
stress-five-minute-soak,18641,38.9343,-1,96.2017,-1.0000,-1.0000,-1.0000,-1.0000,-1.0000,-1.0000,-1.0000,-1.0000,-1.0000,-1,-1,-1,-1,-1,-1,-1,-1,-1,0,0,3279487943857,28.3985,4.3627,68.8249,-1,-1,182,10916,6453
stress-five-minute-soak,18662,22.6412,-1,21.1210,-1.0000,-1.0000,-1.0000,-1.0000,-1.0000,-1.0000,-1.0000,-1.0000,-1.0000,-1,-1,-1,-1,-1,-1,-1,-1,-1,0,0,3279493734089,11.0013,4.4290,7.5501,-1,-1,182,10916,6453
stress-five-minute-soak,18665,24.0853,-1,21.1814,-1.0000,-1.0000,-1.0000,-1.0000,-1.0000,-1.0000,-1.0000,-1.0000,-1.0000,-1,-1,-1,-1,-1,-1,-1,-1,-1,0,0,3279494336949,10.0494,3.9770,12.5813,-1,-1,182,10916,6453
stress-five-minute-soak,18666,78.8982,-1,23.5315,-1.0000,-1.0000,-1.0000,-1.0000,-1.0000,-1.0000,-1.0000,-1.0000,-1.0000,-1,-1,-1,-1,-1,-1,-1,-1,-1,0,0,3279494563359,7.7835,4.1464,9.9741,-1,-1,182,10916,6453
stress-five-minute-soak,18667,97.5405,-1,78.0631,-1.0000,-1.0000,-1.0000,-1.0000,-1.0000,-1.0000,-1.0000,-1.0000,-1.0000,-1,-1,-1,-1,-1,-1,-1,-1,-1,0,0,3279494741046,9.8550,4.0700,11.7672,-1,-1,182,10916,6453
stress-five-minute-soak,18668,59.5681,-1,96.7347,-1.0000,-1.0000,-1.0000,-1.0000,-1.0000,-1.0000,-1.0000,-1.0000,-1.0000,-1,-1,-1,-1,-1,-1,-1,-1,-1,0,0,3279494957372,5.3070,4.2563,18.7671,-1,-1,182,10916,6453
stress-five-minute-soak,18669,31.4538,-1,58.0700,-1.0000,-1.0000,-1.0000,-1.0000,-1.0000,-1.0000,-1.0000,-1.0000,-1.0000,-1,-1,-1,-1,-1,-1,-1,-1,-1,0,0,3279495198226,12.1819,4.3239,66.7106,-1,-1,182,10916,6453
stress-five-minute-soak,18670,26.0640,-1,31.8359,-1.0000,-1.0000,-1.0000,-1.0000,-1.0000,-1.0000,-1.0000,-1.0000,-1.0000,-1,-1,-1,-1,-1,-1,-1,-1,-1,0,0,3279495987271,18.3256,4.4152,79.1992,-1,-1,182,10916,6453
stress-five-minute-soak,18671,22.7887,-1,25.5058,-1.0000,-1.0000,-1.0000,-1.0000,-1.0000,-1.0000,-1.0000,-1.0000,-1.0000,-1,-1,-1,-1,-1,-1,-1,-1,-1,0,0,3279496962655,20.3626,4.1164,39.1908,-1,-1,182,10917,6454
stress-five-minute-soak,18716,23.8611,-1,17.6294,-1.0000,-1.0000,-1.0000,-1.0000,-1.0000,-1.0000,-1.0000,-1.0000,-1.0000,-1,-1,-1,-1,-1,-1,-1,-1,-1,0,0,3279505005871,6.5427,5.2487,7.9682,-1,-1,182,10917,6454
stress-five-minute-soak,18717,26.0471,-1,23.4908,-1.0000,-1.0000,-1.0000,-1.0000,-1.0000,-1.0000,-1.0000,-1.0000,-1.0000,-1,-1,-1,-1,-1,-1,-1,-1,-1,0,0,3279505151104,7.2063,4.6295,6.9678,-1,-1,182,10917,6454
stress-five-minute-soak,18718,26.5646,-1,25.7912,-1.0000,-1.0000,-1.0000,-1.0000,-1.0000,-1.0000,-1.0000,-1.0000,-1.0000,-1,-1,-1,-1,-1,-1,-1,-1,-1,0,0,3279505292962,11.8832,4.8010,6.2254,-1,-1,182,10917,6454
stress-five-minute-soak,18719,24.4938,-1,25.6945,-1.0000,-1.0000,-1.0000,-1.0000,-1.0000,-1.0000,-1.0000,-1.0000,-1.0000,-1,-1,-1,-1,-1,-1,-1,-1,-1,0,0,3279505474166,6.1077,4.4167,17.7402,-1,-1,182,10917,6454
stress-five-minute-soak,18720,26.8616,-1,25.4751,-1.0000,-1.0000,-1.0000,-1.0000,-1.0000,-1.0000,-1.0000,-1.0000,-1.0000,-1,-1,-1,-1,-1,-1,-1,-1,-1,0,0,3279505712763,14.5820,4.3773,11.4553,-1,-1,182,10921,6458
stress-five-minute-soak,18721,25.3001,-1,25.6302,-1.0000,-1.0000,-1.0000,-1.0000,-1.0000,-1.0000,-1.0000,-1.0000,-1.0000,-1,-1,-1,-1,-1,-1,-1,-1,-1,0,0,3279505973248,5.5002,4.6650,21.0524,-1,-1,182,10921,6458
stress-five-minute-soak,18722,24.7069,-1,25.0202,-1.0000,-1.0000,-1.0000,-1.0000,-1.0000,-1.0000,-1.0000,-1.0000,-1.0000,-1,-1,-1,-1,-1,-1,-1,-1,-1,0,0,3279506238880,16.9106,5.2681,7.5716,-1,-1,182,10921,6458
stress-five-minute-soak,18723,23.3540,-1,24.3351,-1.0000,-1.0000,-1.0000,-1.0000,-1.0000,-1.0000,-1.0000,-1.0000,-1.0000,-1,-1,-1,-1,-1,-1,-1,-1,-1,0,0,3279506483818,6.3468,4.0490,20.5042,-1,-1,182,10921,6458
stress-five-minute-soak,18789,27.9301,-1,14.5633,-1.0000,-1.0000,-1.0000,-1.0000,-1.0000,-1.0000,-1.0000,-1.0000,-1.0000,-1,-1,-1,-1,-1,-1,-1,-1,-1,0,0,3279517212107,11.5355,4.3360,3.5376,-1,-1,182,10928,6465
stress-five-minute-soak,18790,54.9837,-1,27.9629,-1.0000,-1.0000,-1.0000,-1.0000,-1.0000,-1.0000,-1.0000,-1.0000,-1.0000,-1,-1,-1,-1,-1,-1,-1,-1,-1,0,0,3279517362947,6.6726,4.4324,9.0075,-1,-1,182,10928,6465
stress-five-minute-soak,18791,98.0841,-1,54.1798,-1.0000,-1.0000,-1.0000,-1.0000,-1.0000,-1.0000,-1.0000,-1.0000,-1.0000,-1,-1,-1,-1,-1,-1,-1,-1,-1,0,0,3279517519806,8.9335,3.4180,5.3046,-1,-1,182,10928,6465
stress-five-minute-soak,18792,39.7530,-1,97.3957,-1.0000,-1.0000,-1.0000,-1.0000,-1.0000,-1.0000,-1.0000,-1.0000,-1.0000,-1,-1,-1,-1,-1,-1,-1,-1,-1,0,0,3279517662306,5.8940,5.9985,22.0280,-1,-1,182,10924,6465
stress-five-minute-soak,18806,25.1506,-1,21.0819,-1.0000,-1.0000,-1.0000,-1.0000,-1.0000,-1.0000,-1.0000,-1.0000,-1.0000,-1,-1,-1,-1,-1,-1,-1,-1,-1,0,0,3279521190955,11.3916,4.3332,4.0608,-1,-1,182,10932,6469
stress-five-minute-soak,18807,26.8141,-1,24.5740,-1.0000,-1.0000,-1.0000,-1.0000,-1.0000,-1.0000,-1.0000,-1.0000,-1.0000,-1,-1,-1,-1,-1,-1,-1,-1,-1,0,0,3279521345533,5.9905,4.3227,14.5833,-1,-1,182,10932,6469
stress-five-minute-soak,18816,47.2075,-1,15.3743,-1.0000,-1.0000,-1.0000,-1.0000,-1.0000,-1.0000,-1.0000,-1.0000,-1.0000,-1,-1,-1,-1,-1,-1,-1,-1,-1,0,0,3279523179937,15.4479,4.1468,0.5492,-1,-1,182,10937,6478
stress-five-minute-soak,18817,97.2982,-1,45.1348,-1.0000,-1.0000,-1.0000,-1.0000,-1.0000,-1.0000,-1.0000,-1.0000,-1.0000,-1,-1,-1,-1,-1,-1,-1,-1,-1,0,0,3279523340032,5.8202,5.1579,12.8864,-1,-1,182,10937,6478
stress-five-minute-soak,18818,84.7198,-1,97.4295,-1.0000,-1.0000,-1.0000,-1.0000,-1.0000,-1.0000,-1.0000,-1.0000,-1.0000,-1,-1,-1,-1,-1,-1,-1,-1,-1,0,0,3279523527163,7.0148,4.3196,8.4672,-1,-1,182,10941,6478
stress-five-minute-soak,18819,22.7260,-1,-1.0000,-1.0000,-1.0000,-1.0000,-1.0000,-1.0000,-1.0000,-1.0000,-1.0000,-1.0000,-1,-1,-1,-1,-1,-1,-1,-1,-1,0,0,3279523682089,9.9465,4.1498,37.2681,-1,-1,182,10941,6478
stress-five-minute-soak,18845,24.2692,-1,13.5255,-1.0000,-1.0000,-1.0000,-1.0000,-1.0000,-1.0000,-1.0000,-1.0000,-1.0000,-1,-1,-1,-1,-1,-1,-1,-1,-1,0,0,3279529330464,5.8018,4.6752,8.5562,-1,-1,182,10941,6478
stress-five-minute-soak,18846,97.8045,-1,22.5887,-1.0000,-1.0000,-1.0000,-1.0000,-1.0000,-1.0000,-1.0000,-1.0000,-1.0000,-1,-1,-1,-1,-1,-1,-1,-1,-1,0,0,3279529474106,5.7090,4.4211,8.0323,-1,-1,182,10941,6478
stress-five-minute-soak,18847,98.1049,-1,97.1361,-1.0000,-1.0000,-1.0000,-1.0000,-1.0000,-1.0000,-1.0000,-1.0000,-1.0000,-1,-1,-1,-1,-1,-1,-1,-1,-1,0,0,3279529611639,7.0727,4.5470,6.5276,-1,-1,182,10941,6478
stress-five-minute-soak,18848,98.2088,-1,97.1535,-1.0000,-1.0000,-1.0000,-1.0000,-1.0000,-1.0000,-1.0000,-1.0000,-1.0000,-1,-1,-1,-1,-1,-1,-1,-1,-1,0,0,3279529747749,10.2994,5.0579,13.9625,-1,-1,182,10941,6478
stress-five-minute-soak,18849,98.3385,-1,97.2285,-1.0000,-1.0000,-1.0000,-1.0000,-1.0000,-1.0000,-1.0000,-1.0000,-1.0000,-1,-1,-1,-1,-1,-1,-1,-1,-1,0,0,3279529990467,5.6285,4.1919,92.1638,-1,-1,182,10949,6486
stress-five-minute-soak,18850,41.5713,-1,97.0644,-1.0000,-1.0000,-1.0000,-1.0000,-1.0000,-1.0000,-1.0000,-1.0000,-1.0000,-1,-1,-1,-1,-1,-1,-1,-1,-1,0,0,3279530968518,22.0558,4.5635,76.0352,-1,-1,182,10949,6486
stress-five-minute-soak,18877,24.1859,-1,20.2094,-1.0000,-1.0000,-1.0000,-1.0000,-1.0000,-1.0000,-1.0000,-1.0000,-1.0000,-1,-1,-1,-1,-1,-1,-1,-1,-1,0,0,3279537647689,6.2278,5.5081,5.7960,-1,-1,182,10949,6486
stress-five-minute-soak,18891,33.1016,-1,20.2383,-1.0000,-1.0000,-1.0000,-1.0000,-1.0000,-1.0000,-1.0000,-1.0000,-1.0000,-1,-1,-1,-1,-1,-1,-1,-1,-1,0,0,3279539782229,10.0596,4.5353,4.1383,-1,-1,182,10950,6487
stress-five-minute-soak,18892,32.9047,-1,32.8602,-1.0000,-1.0000,-1.0000,-1.0000,-1.0000,-1.0000,-1.0000,-1.0000,-1.0000,-1,-1,-1,-1,-1,-1,-1,-1,-1,0,0,3279539924328,5.8587,4.3610,10.9583,-1,-1,182,10950,6487
stress-five-minute-soak,18893,29.8286,-1,31.9468,-1.0000,-1.0000,-1.0000,-1.0000,-1.0000,-1.0000,-1.0000,-1.0000,-1.0000,-1,-1,-1,-1,-1,-1,-1,-1,-1,0,0,3279540092643,7.2685,4.1450,13.6162,-1,-1,182,10950,6487
stress-five-minute-soak,18894,29.4831,-1,30.2513,-1.0000,-1.0000,-1.0000,-1.0000,-1.0000,-1.0000,-1.0000,-1.0000,-1.0000,-1,-1,-1,-1,-1,-1,-1,-1,-1,0,0,3279540301584,10.3830,4.4596,22.7088,-1,-1,182,10950,6487
stress-five-minute-soak,18895,27.6108,-1,29.1510,-1.0000,-1.0000,-1.0000,-1.0000,-1.0000,-1.0000,-1.0000,-1.0000,-1.0000,-1,-1,-1,-1,-1,-1,-1,-1,-1,0,0,3279540632607,7.9339,4.6093,24.9613,-1,-1,182,10950,6487
stress-five-minute-soak,18896,27.9192,-1,27.7996,-1.0000,-1.0000,-1.0000,-1.0000,-1.0000,-1.0000,-1.0000,-1.0000,-1.0000,-1,-1,-1,-1,-1,-1,-1,-1,-1,0,0,3279540961705,13.8519,4.3015,15.9588,-1,-1,182,10950,6487
stress-five-minute-soak,18897,26.5848,-1,27.0019,-1.0000,-1.0000,-1.0000,-1.0000,-1.0000,-1.0000,-1.0000,-1.0000,-1.0000,-1,-1,-1,-1,-1,-1,-1,-1,-1,0,0,3279541259942,12.1375,4.3949,17.3346,-1,-1,182,10950,6487
stress-five-minute-soak,18898,25.7360,-1,26.2185,-1.0000,-1.0000,-1.0000,-1.0000,-1.0000,-1.0000,-1.0000,-1.0000,-1.0000,-1,-1,-1,-1,-1,-1,-1,-1,-1,0,0,3279541554770,7.4217,4.1061,20.1794,-1,-1,182,10950,6487
stress-five-minute-soak,18899,24.7648,-1,25.4456,-1.0000,-1.0000,-1.0000,-1.0000,-1.0000,-1.0000,-1.0000,-1.0000,-1.0000,-1,-1,-1,-1,-1,-1,-1,-1,-1,0,0,3279541830882,11.2526,4.1986,16.6541,-1,-1,182,10950,6487
stress-five-minute-soak,18900,26.0536,-1,25.1105,-1.0000,-1.0000,-1.0000,-1.0000,-1.0000,-1.0000,-1.0000,-1.0000,-1.0000,-1,-1,-1,-1,-1,-1,-1,-1,-1,0,0,3279542110074,10.4186,4.3173,16.1541,-1,-1,182,10950,6487
stress-five-minute-soak,18901,25.1831,-1,25.2104,-1.0000,-1.0000,-1.0000,-1.0000,-1.0000,-1.0000,-1.0000,-1.0000,-1.0000,-1,-1,-1,-1,-1,-1,-1,-1,-1,0,0,3279542375924,11.7565,4.0583,13.9680,-1,-1,182,10950,6487
stress-five-minute-soak,18902,23.4197,-1,24.1874,-1.0000,-1.0000,-1.0000,-1.0000,-1.0000,-1.0000,-1.0000,-1.0000,-1.0000,-1,-1,-1,-1,-1,-1,-1,-1,-1,0,0,3279542633285,6.6238,4.0458,18.1288,-1,-1,182,10950,6487
stress-five-minute-soak,18903,24.5573,-1,23.7240,-1.0000,-1.0000,-1.0000,-1.0000,-1.0000,-1.0000,-1.0000,-1.0000,-1.0000,-1,-1,-1,-1,-1,-1,-1,-1,-1,0,0,3279542880921,9.7401,4.3487,16.3026,-1,-1,182,10946,6487
stress-five-minute-soak,18904,23.4374,-1,23.8510,-1.0000,-1.0000,-1.0000,-1.0000,-1.0000,-1.0000,-1.0000,-1.0000,-1.0000,-1,-1,-1,-1,-1,-1,-1,-1,-1,0,0,3279543141467,7.2402,5.5768,17.9317,-1,-1,182,10946,6487
stress-five-minute-soak,18957,30.1055,-1,19.8295,-1.0000,-1.0000,-1.0000,-1.0000,-1.0000,-1.0000,-1.0000,-1.0000,-1.0000,-1,-1,-1,-1,-1,-1,-1,-1,-1,0,0,3279552075378,7.2790,4.8078,7.7048,-1,-1,182,10953,6490
stress-five-minute-soak,18958,32.6047,-1,29.6177,-1.0000,-1.0000,-1.0000,-1.0000,-1.0000,-1.0000,-1.0000,-1.0000,-1.0000,-1,-1,-1,-1,-1,-1,-1,-1,-1,0,0,3279552225323,9.7587,3.4374,5.0830,-1,-1,182,10953,6490
stress-five-minute-soak,18959,35.8564,-1,32.2440,-1.0000,-1.0000,-1.0000,-1.0000,-1.0000,-1.0000,-1.0000,-1.0000,-1.0000,-1,-1,-1,-1,-1,-1,-1,-1,-1,0,0,3279552373859,6.7457,4.1137,13.3207,-1,-1,182,10953,6490
stress-five-minute-soak,18960,33.8716,-1,34.6104,-1.0000,-1.0000,-1.0000,-1.0000,-1.0000,-1.0000,-1.0000,-1.0000,-1.0000,-1,-1,-1,-1,-1,-1,-1,-1,-1,0,0,3279552574632,7.5027,4.1536,22.5909,-1,-1,182,10953,6490
stress-five-minute-soak,18961,33.6396,-1,34.2016,-1.0000,-1.0000,-1.0000,-1.0000,-1.0000,-1.0000,-1.0000,-1.0000,-1.0000,-1,-1,-1,-1,-1,-1,-1,-1,-1,0,0,3279552875688,11.3175,4.0494,21.2763,-1,-1,182,10949,6490
stress-five-minute-soak,18962,30.4562,-1,32.9300,-1.0000,-1.0000,-1.0000,-1.0000,-1.0000,-1.0000,-1.0000,-1.0000,-1.0000,-1,-1,-1,-1,-1,-1,-1,-1,-1,0,0,3279553201728,13.9825,4.8715,21.8791,-1,-1,182,10949,6490
stress-five-minute-soak,18963,26.3640,-1,31.2074,-1.0000,-1.0000,-1.0000,-1.0000,-1.0000,-1.0000,-1.0000,-1.0000,-1.0000,-1,-1,-1,-1,-1,-1,-1,-1,-1,0,0,3279553560537,16.7896,4.5335,17.0303,-1,-1,182,10953,6490
stress-five-minute-soak,19103,41.2667,-1,16.4301,-1.0000,-1.0000,-1.0000,-1.0000,-1.0000,-1.0000,-1.0000,-1.0000,-1.0000,-1,-1,-1,-1,-1,-1,-1,-1,-1,0,0,3279576617122,9.1423,5.6260,5.7805,-1,-1,182,10964,6500
stress-five-minute-soak,19104,98.8091,-1,40.3571,-1.0000,-1.0000,-1.0000,-1.0000,-1.0000,-1.0000,-1.0000,-1.0000,-1.0000,-1,-1,-1,-1,-1,-1,-1,-1,-1,0,0,3279576766462,11.5736,4.9978,5.2356,-1,-1,182,10964,6500
stress-five-minute-soak,19105,72.2815,-1,97.7183,-1.0000,-1.0000,-1.0000,-1.0000,-1.0000,-1.0000,-1.0000,-1.0000,-1.0000,-1,-1,-1,-1,-1,-1,-1,-1,-1,0,0,3279576934634,6.4654,4.5993,9.7644,-1,-1,182,10964,6500
stress-five-minute-soak,19131,52.3929,-1,21.2928,-1.0000,-1.0000,-1.0000,-1.0000,-1.0000,-1.0000,-1.0000,-1.0000,-1.0000,-1,-1,-1,-1,-1,-1,-1,-1,-1,0,0,3279582592080,6.6930,4.0289,13.8212,-1,-1,182,10968,6504
stress-five-minute-soak,19132,40.9155,-1,51.2760,-1.0000,-1.0000,-1.0000,-1.0000,-1.0000,-1.0000,-1.0000,-1.0000,-1.0000,-1,-1,-1,-1,-1,-1,-1,-1,-1,0,0,3279582797311,10.6247,4.1174,10.5396,-1,-1,182,10968,6504
stress-five-minute-soak,19133,34.7038,-1,39.5167,-1.0000,-1.0000,-1.0000,-1.0000,-1.0000,-1.0000,-1.0000,-1.0000,-1.0000,-1,-1,-1,-1,-1,-1,-1,-1,-1,0,0,3279583009064,5.3345,4.1790,15.7148,-1,-1,182,10964,6504
stress-five-minute-soak,19134,29.8963,-1,33.7613,-1.0000,-1.0000,-1.0000,-1.0000,-1.0000,-1.0000,-1.0000,-1.0000,-1.0000,-1,-1,-1,-1,-1,-1,-1,-1,-1,0,0,3279583219645,12.5891,4.0656,39.7937,-1,-1,182,10968,6504
stress-five-minute-soak,19135,27.1634,-1,30.7602,-1.0000,-1.0000,-1.0000,-1.0000,-1.0000,-1.0000,-1.0000,-1.0000,-1.0000,-1,-1,-1,-1,-1,-1,-1,-1,-1,0,0,3279583743586,13.2039,7.7285,27.7146,-1,-1,182,10968,6504
stress-five-minute-soak,19136,27.0888,-1,27.3354,-1.0000,-1.0000,-1.0000,-1.0000,-1.0000,-1.0000,-1.0000,-1.0000,-1.0000,-1,-1,-1,-1,-1,-1,-1,-1,-1,0,0,3279584152958,21.2297,4.5358,13.4250,-1,-1,182,10968,6504
stress-five-minute-soak,19137,26.8391,-1,26.1937,-1.0000,-1.0000,-1.0000,-1.0000,-1.0000,-1.0000,-1.0000,-1.0000,-1.0000,-1,-1,-1,-1,-1,-1,-1,-1,-1,0,0,3279584499804,12.0940,4.2339,17.7874,-1,-1,182,10968,6504
stress-five-minute-soak,19138,24.3225,-1,25.5995,-1.0000,-1.0000,-1.0000,-1.0000,-1.0000,-1.0000,-1.0000,-1.0000,-1.0000,-1,-1,-1,-1,-1,-1,-1,-1,-1,0,0,3279584798743,12.5049,4.3975,14.6489,-1,-1,182,10968,6504
stress-five-minute-soak,19139,24.3084,-1,24.8837,-1.0000,-1.0000,-1.0000,-1.0000,-1.0000,-1.0000,-1.0000,-1.0000,-1.0000,-1,-1,-1,-1,-1,-1,-1,-1,-1,0,0,3279585070401,7.3302,4.4460,19.7468,-1,-1,182,10968,6504
stress-five-minute-soak,19140,24.1289,-1,24.0906,-1.0000,-1.0000,-1.0000,-1.0000,-1.0000,-1.0000,-1.0000,-1.0000,-1.0000,-1,-1,-1,-1,-1,-1,-1,-1,-1,0,0,3279585341271,12.3109,4.1914,14.5168,-1,-1,182,10968,6504
stress-five-minute-soak,19141,24.9555,-1,24.0110,-1.0000,-1.0000,-1.0000,-1.0000,-1.0000,-1.0000,-1.0000,-1.0000,-1.0000,-1,-1,-1,-1,-1,-1,-1,-1,-1,0,0,3279585609660,7.8263,4.6597,16.4840,-1,-1,182,10968,6504
stress-five-minute-soak,19142,23.7874,-1,24.7194,-1.0000,-1.0000,-1.0000,-1.0000,-1.0000,-1.0000,-1.0000,-1.0000,-1.0000,-1,-1,-1,-1,-1,-1,-1,-1,-1,0,0,3279585852878,16.4680,4.6438,7.8313,-1,-1,182,10968,6504
stress-five-minute-soak,19144,22.9949,-1,22.7940,-1.0000,-1.0000,-1.0000,-1.0000,-1.0000,-1.0000,-1.0000,-1.0000,-1.0000,-1,-1,-1,-1,-1,-1,-1,-1,-1,0,0,3279586337256,11.3766,4.2384,13.5676,-1,-1,182,10968,6504
stress-five-minute-soak,19197,23.5388,-1,14.9463,-1.0000,-1.0000,-1.0000,-1.0000,-1.0000,-1.0000,-1.0000,-1.0000,-1.0000,-1,-1,-1,-1,-1,-1,-1,-1,-1,0,0,3279595034248,7.4607,5.3415,8.0491,-1,-1,182,10976,6512
stress-five-minute-soak,19198,31.2579,-1,23.7885,-1.0000,-1.0000,-1.0000,-1.0000,-1.0000,-1.0000,-1.0000,-1.0000,-1.0000,-1,-1,-1,-1,-1,-1,-1,-1,-1,0,0,3279595189459,10.8141,4.7685,4.1531,-1,-1,182,10976,6512
stress-five-minute-soak,19199,33.8025,-1,30.3194,-1.0000,-1.0000,-1.0000,-1.0000,-1.0000,-1.0000,-1.0000,-1.0000,-1.0000,-1,-1,-1,-1,-1,-1,-1,-1,-1,0,0,3279595339248,5.6470,4.4596,9.1785,-1,-1,182,10976,6512
stress-five-minute-soak,19200,31.8594,-1,32.4649,-1.0000,-1.0000,-1.0000,-1.0000,-1.0000,-1.0000,-1.0000,-1.0000,-1.0000,-1,-1,-1,-1,-1,-1,-1,-1,-1,0,0,3279595487628,5.8427,4.3119,17.6843,-1,-1,182,10976,6512
stress-five-minute-soak,19201,31.4305,-1,32.1736,-1.0000,-1.0000,-1.0000,-1.0000,-1.0000,-1.0000,-1.0000,-1.0000,-1.0000,-1,-1,-1,-1,-1,-1,-1,-1,-1,0,0,3279595723012,13.5337,4.1928,17.7120,-1,-1,182,10976,6512
stress-five-minute-soak,19202,31.6144,-1,31.6408,-1.0000,-1.0000,-1.0000,-1.0000,-1.0000,-1.0000,-1.0000,-1.0000,-1.0000,-1,-1,-1,-1,-1,-1,-1,-1,-1,0,0,3279596035592,7.3185,4.5707,26.4719,-1,-1,182,10976,6512
stress-five-minute-soak,19203,27.5322,-1,31.2730,-1.0000,-1.0000,-1.0000,-1.0000,-1.0000,-1.0000,-1.0000,-1.0000,-1.0000,-1,-1,-1,-1,-1,-1,-1,-1,-1,0,0,3279596373627,11.0157,4.9153,20.8297,-1,-1,182,10976,6512
stress-five-minute-soak,19204,24.5919,-1,27.5436,-1.0000,-1.0000,-1.0000,-1.0000,-1.0000,-1.0000,-1.0000,-1.0000,-1.0000,-1,-1,-1,-1,-1,-1,-1,-1,-1,0,0,3279596692204,12.9519,4.4344,18.4682,-1,-1,182,10976,6512
stress-five-minute-soak,19280,35.4264,-1,19.8328,-1.0000,-1.0000,-1.0000,-1.0000,-1.0000,-1.0000,-1.0000,-1.0000,-1.0000,-1,-1,-1,-1,-1,-1,-1,-1,-1,0,0,3279609437305,7.9469,4.2395,7.7416,-1,-1,182,10986,6522
stress-five-minute-soak,19281,41.9663,-1,34.7976,-1.0000,-1.0000,-1.0000,-1.0000,-1.0000,-1.0000,-1.0000,-1.0000,-1.0000,-1,-1,-1,-1,-1,-1,-1,-1,-1,0,0,3279609594263,6.8874,5.1194,8.2979,-1,-1,182,10986,6522
stress-five-minute-soak,19282,44.2444,-1,41.1039,-1.0000,-1.0000,-1.0000,-1.0000,-1.0000,-1.0000,-1.0000,-1.0000,-1.0000,-1,-1,-1,-1,-1,-1,-1,-1,-1,0,0,3279609746228,11.2158,4.3901,9.2763,-1,-1,182,10986,6522
stress-five-minute-soak,19283,42.3470,-1,43.1096,-1.0000,-1.0000,-1.0000,-1.0000,-1.0000,-1.0000,-1.0000,-1.0000,-1.0000,-1,-1,-1,-1,-1,-1,-1,-1,-1,0,0,3279609951263,5.3557,4.3490,30.0607,-1,-1,182,10986,6522
stress-five-minute-soak,19284,40.7167,-1,42.7046,-1.0000,-1.0000,-1.0000,-1.0000,-1.0000,-1.0000,-1.0000,-1.0000,-1.0000,-1,-1,-1,-1,-1,-1,-1,-1,-1,0,0,3279610305533,13.1146,4.5954,28.8391,-1,-1,182,10986,6522
stress-five-minute-soak,19285,30.3638,-1,40.0036,-1.0000,-1.0000,-1.0000,-1.0000,-1.0000,-1.0000,-1.0000,-1.0000,-1.0000,-1,-1,-1,-1,-1,-1,-1,-1,-1,0,0,3279610725192,14.1733,4.2662,30.0589,-1,-1,182,10986,6522
stress-five-minute-soak,19286,26.7808,-1,30.7090,-1.0000,-1.0000,-1.0000,-1.0000,-1.0000,-1.0000,-1.0000,-1.0000,-1.0000,-1,-1,-1,-1,-1,-1,-1,-1,-1,0,0,3279611167635,7.7474,4.7648,34.5895,-1,-1,182,10986,6522
stress-five-minute-soak,19287,23.6926,-1,26.3475,-1.0000,-1.0000,-1.0000,-1.0000,-1.0000,-1.0000,-1.0000,-1.0000,-1.0000,-1,-1,-1,-1,-1,-1,-1,-1,-1,0,0,3279611591110,12.2400,4.5242,28.4666,-1,-1,182,10986,6522
stress-five-minute-soak,19288,24.8224,-1,24.4718,-1.0000,-1.0000,-1.0000,-1.0000,-1.0000,-1.0000,-1.0000,-1.0000,-1.0000,-1,-1,-1,-1,-1,-1,-1,-1,-1,0,0,3279611998286,12.2359,4.2508,18.1156,-1,-1,182,10986,6522
stress-five-minute-soak,19289,23.5801,-1,24.1649,-1.0000,-1.0000,-1.0000,-1.0000,-1.0000,-1.0000,-1.0000,-1.0000,-1.0000,-1,-1,-1,-1,-1,-1,-1,-1,-1,0,0,3279612301916,11.7636,3.9704,15.0063,-1,-1,182,10986,6522
stress-five-minute-soak,19290,24.0158,-1,23.4260,-1.0000,-1.0000,-1.0000,-1.0000,-1.0000,-1.0000,-1.0000,-1.0000,-1.0000,-1,-1,-1,-1,-1,-1,-1,-1,-1,0,0,3279612569740,7.0309,5.2363,16.6482,-1,-1,182,10986,6522
stress-five-minute-soak,19308,25.2996,-1,17.1090,-1.0000,-1.0000,-1.0000,-1.0000,-1.0000,-1.0000,-1.0000,-1.0000,-1.0000,-1,-1,-1,-1,-1,-1,-1,-1,-1,0,0,3279615508488,5.8477,4.2365,5.6104,-1,-1,182,10986,6522
stress-five-minute-soak,19320,73.7712,-1,14.0050,-1.0000,-1.0000,-1.0000,-1.0000,-1.0000,-1.0000,-1.0000,-1.0000,-1.0000,-1,-1,-1,-1,-1,-1,-1,-1,-1,0,0,3279617483847,6.1120,4.6420,7.8567,-1,-1,182,10986,6522
stress-five-minute-soak,19321,99.8083,-1,73.6440,-1.0000,-1.0000,-1.0000,-1.0000,-1.0000,-1.0000,-1.0000,-1.0000,-1.0000,-1,-1,-1,-1,-1,-1,-1,-1,-1,0,0,3279617623658,7.3035,5.4404,6.7630,-1,-1,182,10986,6522
stress-five-minute-soak,19322,98.6343,-1,97.6630,-1.0000,-1.0000,-1.0000,-1.0000,-1.0000,-1.0000,-1.0000,-1.0000,-1.0000,-1,-1,-1,-1,-1,-1,-1,-1,-1,0,0,3279617764454,10.4143,6.2012,3.8716,-1,-1,182,10982,6522
stress-five-minute-soak,19323,98.3009,-1,97.4193,-1.0000,-1.0000,-1.0000,-1.0000,-1.0000,-1.0000,-1.0000,-1.0000,-1.0000,-1,-1,-1,-1,-1,-1,-1,-1,-1,0,0,3279617907441,6.1445,4.4734,67.6450,-1,-1,182,10986,6522
stress-five-minute-soak,19324,66.7950,-1,97.7590,-1.0000,-1.0000,-1.0000,-1.0000,-1.0000,-1.0000,-1.0000,-1.0000,-1.0000,-1,-1,-1,-1,-1,-1,-1,-1,-1,0,0,3279618645407,20.3345,4.1464,79.4492,-1,-1,182,10986,6522
stress-five-minute-soak,19350,94.7335,-1,21.0964,-1.0000,-1.0000,-1.0000,-1.0000,-1.0000,-1.0000,-1.0000,-1.0000,-1.0000,-1,-1,-1,-1,-1,-1,-1,-1,-1,0,0,3279625762751,13.1703,4.1417,8.1375,-1,-1,182,10990,6526
stress-five-minute-soak,19351,98.1522,-1,93.5834,-1.0000,-1.0000,-1.0000,-1.0000,-1.0000,-1.0000,-1.0000,-1.0000,-1.0000,-1,-1,-1,-1,-1,-1,-1,-1,-1,0,0,3279625975916,5.0285,3.9747,16.2449,-1,-1,182,10990,6526
stress-five-minute-soak,19352,96.4138,-1,97.4262,-1.0000,-1.0000,-1.0000,-1.0000,-1.0000,-1.0000,-1.0000,-1.0000,-1.0000,-1,-1,-1,-1,-1,-1,-1,-1,-1,0,0,3279626188762,11.2698,4.1771,10.2531,-1,-1,182,10990,6526
stress-five-minute-soak,19353,59.3575,-1,95.1119,-1.0000,-1.0000,-1.0000,-1.0000,-1.0000,-1.0000,-1.0000,-1.0000,-1.0000,-1,-1,-1,-1,-1,-1,-1,-1,-1,0,0,3279626404105,5.3032,4.4397,89.4369,-1,-1,182,10988,6526
stress-five-minute-soak,19354,32.5226,-1,58.5234,-1.0000,-1.0000,-1.0000,-1.0000,-1.0000,-1.0000,-1.0000,-1.0000,-1.0000,-1,-1,-1,-1,-1,-1,-1,-1,-1,0,0,3279627351678,24.8564,4.6263,73.2610,-1,-1,182,10990,6526
stress-five-minute-soak,19379,22.9851,-1,21.3184,-1.0000,-1.0000,-1.0000,-1.0000,-1.0000,-1.0000,-1.0000,-1.0000,-1.0000,-1,-1,-1,-1,-1,-1,-1,-1,-1,0,0,3279633423241,5.4359,3.9987,16.3369,-1,-1,182,10987,6527
stress-five-minute-soak,19380,55.6931,-1,21.1988,-1.0000,-1.0000,-1.0000,-1.0000,-1.0000,-1.0000,-1.0000,-1.0000,-1.0000,-1,-1,-1,-1,-1,-1,-1,-1,-1,0,0,3279633641052,10.0842,4.0264,10.2914,-1,-1,182,10989,6527
stress-five-minute-soak,19381,97.8586,-1,55.4291,-1.0000,-1.0000,-1.0000,-1.0000,-1.0000,-1.0000,-1.0000,-1.0000,-1.0000,-1,-1,-1,-1,-1,-1,-1,-1,-1,0,0,3279633844926,10.1539,4.3602,11.4082,-1,-1,182,10991,6527
stress-five-minute-soak,19382,98.7764,-1,97.3824,-1.0000,-1.0000,-1.0000,-1.0000,-1.0000,-1.0000,-1.0000,-1.0000,-1.0000,-1,-1,-1,-1,-1,-1,-1,-1,-1,0,0,3279634060660,6.8921,4.3711,16.0825,-1,-1,182,10991,6527
stress-five-minute-soak,19383,91.8454,-1,97.5619,-1.0000,-1.0000,-1.0000,-1.0000,-1.0000,-1.0000,-1.0000,-1.0000,-1.0000,-1,-1,-1,-1,-1,-1,-1,-1,-1,0,0,3279634290519,10.8466,4.4826,44.8349,-1,-1,182,10991,6527
stress-five-minute-soak,19384,61.8856,-1,91.3715,-1.0000,-1.0000,-1.0000,-1.0000,-1.0000,-1.0000,-1.0000,-1.0000,-1.0000,-1,-1,-1,-1,-1,-1,-1,-1,-1,0,0,3279634847456,12.4723,4.6092,85.3768,-1,-1,182,10991,6527
stress-five-minute-soak,19385,31.8368,-1,60.2749,-1.0000,-1.0000,-1.0000,-1.0000,-1.0000,-1.0000,-1.0000,-1.0000,-1.0000,-1,-1,-1,-1,-1,-1,-1,-1,-1,0,0,3279635826099,30.7666,4.0953,67.9873,-1,-1,182,10991,6527
stress-five-minute-soak,19410,57.2739,-1,20.9695,-1.0000,-1.0000,-1.0000,-1.0000,-1.0000,-1.0000,-1.0000,-1.0000,-1.0000,-1,-1,-1,-1,-1,-1,-1,-1,-1,0,0,3279641934864,7.2690,4.2408,14.6937,-1,-1,182,10992,6528
stress-five-minute-soak,19411,97.1587,-1,56.0026,-1.0000,-1.0000,-1.0000,-1.0000,-1.0000,-1.0000,-1.0000,-1.0000,-1.0000,-1,-1,-1,-1,-1,-1,-1,-1,-1,0,0,3279642154608,6.9139,4.4497,14.5351,-1,-1,182,10992,6528
stress-five-minute-soak,19412,100.0498,-1,97.1592,-1.0000,-1.0000,-1.0000,-1.0000,-1.0000,-1.0000,-1.0000,-1.0000,-1.0000,-1,-1,-1,-1,-1,-1,-1,-1,-1,0,0,3279642369220,10.4289,4.2295,10.5307,-1,-1,182,10992,6528
stress-five-minute-soak,19413,97.2205,-1,97.1036,-1.0000,-1.0000,-1.0000,-1.0000,-1.0000,-1.0000,-1.0000,-1.0000,-1.0000,-1,-1,-1,-1,-1,-1,-1,-1,-1,0,0,3279642578921,6.8090,4.2580,50.4520,-1,-1,182,10992,6528
stress-five-minute-soak,19414,69.7093,-1,97.1387,-1.0000,-1.0000,-1.0000,-1.0000,-1.0000,-1.0000,-1.0000,-1.0000,-1.0000,-1,-1,-1,-1,-1,-1,-1,-1,-1,0,0,3279643151641,12.0681,4.3084,85.0836,-1,-1,182,10992,6528
stress-five-minute-soak,19433,23.0505,-1,20.6303,-1.0000,-1.0000,-1.0000,-1.0000,-1.0000,-1.0000,-1.0000,-1.0000,-1.0000,-1,-1,-1,-1,-1,-1,-1,-1,-1,0,0,3279649084258,8.7769,4.5924,2.5811,-1,-1,182,10997,6533
stress-five-minute-soak,19438,31.2457,-1,19.6237,-1.0000,-1.0000,-1.0000,-1.0000,-1.0000,-1.0000,-1.0000,-1.0000,-1.0000,-1,-1,-1,-1,-1,-1,-1,-1,-1,0,0,3279650057297,6.7930,4.2176,10.7110,-1,-1,182,10997,6533
stress-five-minute-soak,19439,49.0029,-1,31.6460,-1.0000,-1.0000,-1.0000,-1.0000,-1.0000,-1.0000,-1.0000,-1.0000,-1.0000,-1,-1,-1,-1,-1,-1,-1,-1,-1,0,0,3279650232449,10.9723,4.2295,10.0141,-1,-1,182,10997,6533
stress-five-minute-soak,19440,39.7082,-1,47.8597,-1.0000,-1.0000,-1.0000,-1.0000,-1.0000,-1.0000,-1.0000,-1.0000,-1.0000,-1,-1,-1,-1,-1,-1,-1,-1,-1,0,0,3279650442418,5.6803,4.4153,15.7635,-1,-1,182,10997,6533
stress-five-minute-soak,19441,36.4675,-1,39.3326,-1.0000,-1.0000,-1.0000,-1.0000,-1.0000,-1.0000,-1.0000,-1.0000,-1.0000,-1,-1,-1,-1,-1,-1,-1,-1,-1,0,0,3279650657047,7.3853,4.7300,23.8107,-1,-1,182,10997,6533
stress-five-minute-soak,19442,33.8739,-1,36.0876,-1.0000,-1.0000,-1.0000,-1.0000,-1.0000,-1.0000,-1.0000,-1.0000,-1.0000,-1,-1,-1,-1,-1,-1,-1,-1,-1,0,0,3279650969282,14.3193,3.9787,34.6707,-1,-1,182,10997,6533
stress-five-minute-soak,19443,31.5169,-1,33.3409,-1.0000,-1.0000,-1.0000,-1.0000,-1.0000,-1.0000,-1.0000,-1.0000,-1.0000,-1,-1,-1,-1,-1,-1,-1,-1,-1,0,0,3279651459312,13.3851,4.3792,26.3106,-1,-1,182,10997,6533
stress-five-minute-soak,19444,24.8008,-1,30.9578,-1.0000,-1.0000,-1.0000,-1.0000,-1.0000,-1.0000,-1.0000,-1.0000,-1.0000,-1,-1,-1,-1,-1,-1,-1,-1,-1,0,0,3279651856538,12.5654,4.5653,23.8758,-1,-1,182,10997,6533
stress-five-minute-soak,19445,22.6733,-1,25.1779,-1.0000,-1.0000,-1.0000,-1.0000,-1.0000,-1.0000,-1.0000,-1.0000,-1.0000,-1,-1,-1,-1,-1,-1,-1,-1,-1,0,0,3279652221055,13.3679,4.1117,20.4960,-1,-1,182,10997,6533
stress-factory-farm-mobs-storm,0,80.8692,-1,79.3439,-1.0000,-1.0000,-1.0000,-1.0000,-1.0000,-1.0000,-1.0000,-1.0000,-1.0000,-1,-1,-1,-1,-1,-1,-1,-1,-1,0,0,3279783939951,7.5544,4.2199,66.0777,-1,-1,165,7052,2439
stress-factory-farm-mobs-storm,1,78.6872,-1,79.5991,-1.0000,-1.0000,-1.0000,-1.0000,-1.0000,-1.0000,-1.0000,-1.0000,-1.0000,-1,-1,-1,-1,-1,-1,-1,-1,-1,0,0,3279784676394,13.3660,3.7025,67.2195,-1,-1,165,7056,2439
stress-factory-farm-mobs-storm,2,27.5878,-1,79.1831,-1.0000,-1.0000,-1.0000,-1.0000,-1.0000,-1.0000,-1.0000,-1.0000,-1.0000,-1,-1,-1,-1,-1,-1,-1,-1,-1,0,0,3279785482367,21.2081,4.3959,57.7470,-1,-1,165,7058,2439
stress-factory-farm-mobs-storm,30,64.6493,-1,17.6230,-1.0000,-1.0000,-1.0000,-1.0000,-1.0000,-1.0000,-1.0000,-1.0000,-1.0000,-1,-1,-1,-1,-1,-1,-1,-1,-1,0,0,3279791688363,12.4462,4.2142,6.2358,-1,-1,167,7098,2437
stress-factory-farm-mobs-storm,31,80.1509,-1,64.2598,-1.0000,-1.0000,-1.0000,-1.0000,-1.0000,-1.0000,-1.0000,-1.0000,-1.0000,-1,-1,-1,-1,-1,-1,-1,-1,-1,0,0,3279791875314,7.7418,4.8882,8.9415,-1,-1,167,7103,2438
stress-factory-farm-mobs-storm,32,79.4829,-1,79.8108,-1.0000,-1.0000,-1.0000,-1.0000,-1.0000,-1.0000,-1.0000,-1.0000,-1.0000,-1,-1,-1,-1,-1,-1,-1,-1,-1,0,0,3279792042268,6.4387,5.2046,11.5495,-1,-1,167,7105,2438
stress-factory-farm-mobs-storm,33,79.8574,-1,79.4829,-1.0000,-1.0000,-1.0000,-1.0000,-1.0000,-1.0000,-1.0000,-1.0000,-1.0000,-1,-1,-1,-1,-1,-1,-1,-1,-1,0,0,3279792222246,14.1786,4.1419,50.4626,-1,-1,167,7104,2437
stress-factory-farm-mobs-storm,34,76.1494,-1,78.9435,-1.0000,-1.0000,-1.0000,-1.0000,-1.0000,-1.0000,-1.0000,-1.0000,-1.0000,-1,-1,-1,-1,-1,-1,-1,-1,-1,0,0,3279792868805,17.4658,4.4115,62.6700,-1,-1,167,7110,2437
stress-factory-farm-mobs-storm,35,35.5578,-1,75.8968,-1.0000,-1.0000,-1.0000,-1.0000,-1.0000,-1.0000,-1.0000,-1.0000,-1.0000,-1,-1,-1,-1,-1,-1,-1,-1,-1,0,0,3279793670275,18.4880,3.5146,60.9808,-1,-1,167,7114,2437
stress-factory-farm-mobs-storm,36,29.4899,-1,-1.0000,-1.0000,-1.0000,-1.0000,-1.0000,-1.0000,-1.0000,-1.0000,-1.0000,-1.0000,-1,-1,-1,-1,-1,-1,-1,-1,-1,0,0,3279794465089,18.9380,3.9271,60.9316,-1,-1,167,7116,2437
stress-factory-farm-mobs-storm,62,22.2615,-1,17.9794,-1.0000,-1.0000,-1.0000,-1.0000,-1.0000,-1.0000,-1.0000,-1.0000,-1.0000,-1,-1,-1,-1,-1,-1,-1,-1,-1,0,0,3279799676385,6.3291,4.3372,10.0583,-1,-1,170,7150,2432
stress-factory-farm-mobs-storm,63,27.8117,-1,21.9382,-1.0000,-1.0000,-1.0000,-1.0000,-1.0000,-1.0000,-1.0000,-1.0000,-1.0000,-1,-1,-1,-1,-1,-1,-1,-1,-1,0,0,3279799840373,13.7187,3.8152,3.5345,-1,-1,170,7152,2432
stress-factory-farm-mobs-storm,166,23.5881,-1,12.7078,-1.0000,-1.0000,-1.0000,-1.0000,-1.0000,-1.0000,-1.0000,-1.0000,-1.0000,-1,-1,-1,-1,-1,-1,-1,-1,-1,0,0,3279815298662,17.9856,5.9225,0.0118,-1,-1,169,7248,2430
stress-factory-farm-mobs-storm,549,24.2294,-1,13.2052,-1.0000,-1.0000,-1.0000,-1.0000,-1.0000,-1.0000,-1.0000,-1.0000,-1.0000,-1,-1,-1,-1,-1,-1,-1,-1,-1,0,0,3279869418037,7.2424,3.6967,7.2747,-1,-1,169,7213,2396
stress-factory-farm-mobs-storm,550,81.0169,-1,22.9092,-1.0000,-1.0000,-1.0000,-1.0000,-1.0000,-1.0000,-1.0000,-1.0000,-1.0000,-1,-1,-1,-1,-1,-1,-1,-1,-1,0,0,3279869563269,5.9819,4.2851,7.3798,-1,-1,169,7213,2396
stress-factory-farm-mobs-storm,551,81.1507,-1,80.3738,-1.0000,-1.0000,-1.0000,-1.0000,-1.0000,-1.0000,-1.0000,-1.0000,-1.0000,-1,-1,-1,-1,-1,-1,-1,-1,-1,0,0,3279869696995,10.8013,3.6323,2.9367,-1,-1,169,7213,2396
stress-factory-farm-mobs-storm,552,37.2008,-1,81.2129,-1.0000,-1.0000,-1.0000,-1.0000,-1.0000,-1.0000,-1.0000,-1.0000,-1.0000,-1,-1,-1,-1,-1,-1,-1,-1,-1,0,0,3279869834496,6.8706,3.3872,17.3506,-1,-1,169,7213,2396
stress-factory-farm-mobs-storm,582,71.2583,-1,17.8340,-1.0000,-1.0000,-1.0000,-1.0000,-1.0000,-1.0000,-1.0000,-1.0000,-1.0000,-1,-1,-1,-1,-1,-1,-1,-1,-1,0,0,3279875506234,5.0380,3.5489,13.1489,-1,-1,169,7205,2388
stress-factory-farm-mobs-storm,583,81.0330,-1,70.9384,-1.0000,-1.0000,-1.0000,-1.0000,-1.0000,-1.0000,-1.0000,-1.0000,-1.0000,-1,-1,-1,-1,-1,-1,-1,-1,-1,0,0,3279875688203,12.9249,3.5963,4.5377,-1,-1,169,7205,2388
stress-factory-farm-mobs-storm,584,78.1385,-1,80.9288,-1.0000,-1.0000,-1.0000,-1.0000,-1.0000,-1.0000,-1.0000,-1.0000,-1.0000,-1,-1,-1,-1,-1,-1,-1,-1,-1,0,0,3279875862931,6.7939,3.3607,11.8205,-1,-1,169,7205,2388
stress-factory-farm-mobs-storm,585,33.5951,-1,78.3488,-1.0000,-1.0000,-1.0000,-1.0000,-1.0000,-1.0000,-1.0000,-1.0000,-1.0000,-1,-1,-1,-1,-1,-1,-1,-1,-1,0,0,3279876049183,6.1159,3.6592,65.2325,-1,-1,169,7205,2388
stress-factory-farm-mobs-storm,586,25.4723,-1,32.9147,-1.0000,-1.0000,-1.0000,-1.0000,-1.0000,-1.0000,-1.0000,-1.0000,-1.0000,-1,-1,-1,-1,-1,-1,-1,-1,-1,0,0,3279876762857,34.7876,3.1769,46.1147,-1,-1,169,7206,2389
stress-factory-farm-mobs-storm,683,30.9698,-1,13.2547,-1.0000,-1.0000,-1.0000,-1.0000,-1.0000,-1.0000,-1.0000,-1.0000,-1.0000,-1,-1,-1,-1,-1,-1,-1,-1,-1,0,0,3279891930651,6.6620,3.8682,6.4244,-1,-1,169,7192,2375
stress-factory-farm-mobs-storm,684,71.5757,-1,28.5983,-1.0000,-1.0000,-1.0000,-1.0000,-1.0000,-1.0000,-1.0000,-1.0000,-1.0000,-1,-1,-1,-1,-1,-1,-1,-1,-1,0,0,3279892061616,5.3471,4.6461,8.1062,-1,-1,169,7192,2375
stress-factory-farm-mobs-storm,685,82.0122,-1,70.8462,-1.0000,-1.0000,-1.0000,-1.0000,-1.0000,-1.0000,-1.0000,-1.0000,-1.0000,-1,-1,-1,-1,-1,-1,-1,-1,-1,0,0,3279892196262,10.8878,3.6399,1.4900,-1,-1,169,7192,2375
stress-factory-farm-mobs-storm,686,57.2613,-1,81.5575,-1.0000,-1.0000,-1.0000,-1.0000,-1.0000,-1.0000,-1.0000,-1.0000,-1.0000,-1,-1,-1,-1,-1,-1,-1,-1,-1,0,0,3279892320161,5.3782,3.5317,25.5886,-1,-1,169,7193,2376
stress-factory-farm-mobs-storm,714,22.5935,-1,17.9159,-1.0000,-1.0000,-1.0000,-1.0000,-1.0000,-1.0000,-1.0000,-1.0000,-1.0000,-1,-1,-1,-1,-1,-1,-1,-1,-1,0,0,3279898000533,4.8918,3.4205,13.3921,-1,-1,169,7189,2372
stress-factory-farm-mobs-storm,715,79.6558,-1,23.3846,-1.0000,-1.0000,-1.0000,-1.0000,-1.0000,-1.0000,-1.0000,-1.0000,-1.0000,-1,-1,-1,-1,-1,-1,-1,-1,-1,0,0,3279898183476,11.6133,3.8994,6.0339,-1,-1,169,7190,2373
stress-factory-farm-mobs-storm,716,80.2869,-1,78.0974,-1.0000,-1.0000,-1.0000,-1.0000,-1.0000,-1.0000,-1.0000,-1.0000,-1.0000,-1,-1,-1,-1,-1,-1,-1,-1,-1,0,0,3279898360043,6.9020,3.3399,12.0658,-1,-1,169,7190,2373
stress-factory-farm-mobs-storm,717,81.6869,-1,81.0708,-1.0000,-1.0000,-1.0000,-1.0000,-1.0000,-1.0000,-1.0000,-1.0000,-1.0000,-1,-1,-1,-1,-1,-1,-1,-1,-1,0,0,3279898549830,6.9837,3.6512,15.6017,-1,-1,169,7189,2372
stress-factory-farm-mobs-storm,718,81.0300,-1,80.5560,-1.0000,-1.0000,-1.0000,-1.0000,-1.0000,-1.0000,-1.0000,-1.0000,-1.0000,-1,-1,-1,-1,-1,-1,-1,-1,-1,0,0,3279898775794,9.8888,3.4581,69.7980,-1,-1,169,7188,2371
stress-factory-farm-mobs-storm,719,77.2631,-1,80.3574,-1.0000,-1.0000,-1.0000,-1.0000,-1.0000,-1.0000,-1.0000,-1.0000,-1.0000,-1,-1,-1,-1,-1,-1,-1,-1,-1,0,0,3279899572853,17.1435,3.0648,63.0613,-1,-1,169,7188,2371
stress-factory-farm-mobs-storm,747,25.9455,-1,17.9612,-1.0000,-1.0000,-1.0000,-1.0000,-1.0000,-1.0000,-1.0000,-1.0000,-1.0000,-1,-1,-1,-1,-1,-1,-1,-1,-1,0,0,3279906083655,5.2555,3.3577,13.0236,-1,-1,169,7180,2363
stress-factory-farm-mobs-storm,748,81.8439,-1,24.9759,-1.0000,-1.0000,-1.0000,-1.0000,-1.0000,-1.0000,-1.0000,-1.0000,-1.0000,-1,-1,-1,-1,-1,-1,-1,-1,-1,0,0,3279906266575,10.8579,3.3355,7.2982,-1,-1,169,7180,2363
stress-factory-farm-mobs-storm,749,80.0841,-1,80.9802,-1.0000,-1.0000,-1.0000,-1.0000,-1.0000,-1.0000,-1.0000,-1.0000,-1.0000,-1,-1,-1,-1,-1,-1,-1,-1,-1,0,0,3279906448257,6.8127,3.9676,10.5369,-1,-1,169,7180,2363
stress-factory-farm-mobs-storm,750,81.5877,-1,80.9190,-1.0000,-1.0000,-1.0000,-1.0000,-1.0000,-1.0000,-1.0000,-1.0000,-1.0000,-1,-1,-1,-1,-1,-1,-1,-1,-1,0,0,3279906621865,4.6351,3.9198,21.3021,-1,-1,169,7181,2364
stress-factory-farm-mobs-storm,751,80.8738,-1,80.5911,-1.0000,-1.0000,-1.0000,-1.0000,-1.0000,-1.0000,-1.0000,-1.0000,-1.0000,-1,-1,-1,-1,-1,-1,-1,-1,-1,0,0,3279906881333,11.5240,3.3644,70.3453,-1,-1,169,7182,2365
stress-factory-farm-mobs-storm,752,80.0431,-1,80.5386,-1.0000,-1.0000,-1.0000,-1.0000,-1.0000,-1.0000,-1.0000,-1.0000,-1.0000,-1,-1,-1,-1,-1,-1,-1,-1,-1,0,0,3279907700211,30.3420,3.4004,49.6709,-1,-1,169,7182,2365
stress-factory-farm-mobs-storm,753,25.3845,-1,-1.0000,-1.0000,-1.0000,-1.0000,-1.0000,-1.0000,-1.0000,-1.0000,-1.0000,-1.0000,-1,-1,-1,-1,-1,-1,-1,-1,-1,0,0,3279908500637,17.8070,3.3478,63.7654,-1,-1,169,7180,2363
stress-factory-farm-mobs-storm,781,48.2011,-1,17.8422,-1.0000,-1.0000,-1.0000,-1.0000,-1.0000,-1.0000,-1.0000,-1.0000,-1.0000,-1,-1,-1,-1,-1,-1,-1,-1,-1,0,0,3279914428550,7.3408,3.4297,10.1623,-1,-1,169,7180,2363
stress-factory-farm-mobs-storm,782,81.5838,-1,47.6352,-1.0000,-1.0000,-1.0000,-1.0000,-1.0000,-1.0000,-1.0000,-1.0000,-1.0000,-1,-1,-1,-1,-1,-1,-1,-1,-1,0,0,3279914603672,5.3422,3.6083,12.5102,-1,-1,169,7180,2363
stress-factory-farm-mobs-storm,783,80.7873,-1,80.3904,-1.0000,-1.0000,-1.0000,-1.0000,-1.0000,-1.0000,-1.0000,-1.0000,-1.0000,-1,-1,-1,-1,-1,-1,-1,-1,-1,0,0,3279914782286,9.9039,3.7993,7.5386,-1,-1,169,7179,2362
stress-factory-farm-mobs-storm,784,80.6401,-1,80.3123,-1.0000,-1.0000,-1.0000,-1.0000,-1.0000,-1.0000,-1.0000,-1.0000,-1.0000,-1,-1,-1,-1,-1,-1,-1,-1,-1,0,0,3279914956823,6.8376,3.2806,41.3552,-1,-1,169,7179,2362
stress-factory-farm-mobs-storm,785,81.7759,-1,80.8317,-1.0000,-1.0000,-1.0000,-1.0000,-1.0000,-1.0000,-1.0000,-1.0000,-1.0000,-1,-1,-1,-1,-1,-1,-1,-1,-1,0,0,3279915439013,11.2330,3.4479,70.3311,-1,-1,169,7179,2362
stress-factory-farm-mobs-storm,786,47.2634,-1,80.7608,-1.0000,-1.0000,-1.0000,-1.0000,-1.0000,-1.0000,-1.0000,-1.0000,-1.0000,-1,-1,-1,-1,-1,-1,-1,-1,-1,0,0,3279916254776,23.0842,3.6531,57.6750,-1,-1,169,7180,2363
stress-factory-farm-mobs-storm,816,42.8731,-1,17.6783,-1.0000,-1.0000,-1.0000,-1.0000,-1.0000,-1.0000,-1.0000,-1.0000,-1.0000,-1,-1,-1,-1,-1,-1,-1,-1,-1,0,0,3279922763188,9.5068,3.3442,4.6168,-1,-1,169,7174,2357
stress-factory-farm-mobs-storm,817,80.0508,-1,42.0211,-1.0000,-1.0000,-1.0000,-1.0000,-1.0000,-1.0000,-1.0000,-1.0000,-1.0000,-1,-1,-1,-1,-1,-1,-1,-1,-1,0,0,3279922904542,6.7187,3.4126,10.4061,-1,-1,169,7174,2357
stress-factory-farm-mobs-storm,818,80.4490,-1,79.7670,-1.0000,-1.0000,-1.0000,-1.0000,-1.0000,-1.0000,-1.0000,-1.0000,-1.0000,-1,-1,-1,-1,-1,-1,-1,-1,-1,0,0,3279923075903,4.8009,3.1681,13.3293,-1,-1,169,7174,2357
stress-factory-farm-mobs-storm,819,41.4391,-1,-1.0000,-1.0000,-1.0000,-1.0000,-1.0000,-1.0000,-1.0000,-1.0000,-1.0000,-1.0000,-1,-1,-1,-1,-1,-1,-1,-1,-1,0,0,3279923257324,13.7558,3.2832,29.1819,-1,-1,169,7174,2357
stress-factory-farm-mobs-storm,820,27.0279,-1,38.5720,-1.0000,-1.0000,-1.0000,-1.0000,-1.0000,-1.0000,-1.0000,-1.0000,-1.0000,-1,-1,-1,-1,-1,-1,-1,-1,-1,0,0,3279923686896,25.1866,3.7684,54.7524,-1,-1,169,7172,2355
stress-factory-farm-mobs-storm,906,29.9345,-1,22.8536,-1.0000,-1.0000,-1.0000,-1.0000,-1.0000,-1.0000,-1.0000,-1.0000,-1.0000,-1,-1,-1,-1,-1,-1,-1,-1,-1,0,0,3279937278815,10.0411,3.3214,3.4816,-1,-1,169,7169,2351
stress-factory-farm-mobs-storm,907,32.5887,-1,29.4523,-1.0000,-1.0000,-1.0000,-1.0000,-1.0000,-1.0000,-1.0000,-1.0000,-1.0000,-1,-1,-1,-1,-1,-1,-1,-1,-1,0,0,3279937414150,6.9114,3.5659,6.6704,-1,-1,169,7169,2351
stress-factory-farm-mobs-storm,908,33.2051,-1,32.4096,-1.0000,-1.0000,-1.0000,-1.0000,-1.0000,-1.0000,-1.0000,-1.0000,-1.0000,-1,-1,-1,-1,-1,-1,-1,-1,-1,0,0,3279937550068,5.4434,3.5022,16.7437,-1,-1,169,7170,2352
stress-factory-farm-mobs-storm,909,32.4823,-1,32.9646,-1.0000,-1.0000,-1.0000,-1.0000,-1.0000,-1.0000,-1.0000,-1.0000,-1.0000,-1,-1,-1,-1,-1,-1,-1,-1,-1,0,0,3279937772047,9.5954,3.5175,20.3260,-1,-1,169,7170,2352
stress-factory-farm-mobs-storm,910,31.8495,-1,32.7956,-1.0000,-1.0000,-1.0000,-1.0000,-1.0000,-1.0000,-1.0000,-1.0000,-1.0000,-1,-1,-1,-1,-1,-1,-1,-1,-1,0,0,3279938071387,8.1209,3.2446,24.4596,-1,-1,169,7170,2352
stress-factory-farm-mobs-storm,911,29.3938,-1,31.7542,-1.0000,-1.0000,-1.0000,-1.0000,-1.0000,-1.0000,-1.0000,-1.0000,-1.0000,-1,-1,-1,-1,-1,-1,-1,-1,-1,0,0,3279938397312,12.5248,3.3298,20.6673,-1,-1,169,7170,2352
stress-factory-farm-mobs-storm,912,24.9775,-1,29.1338,-1.0000,-1.0000,-1.0000,-1.0000,-1.0000,-1.0000,-1.0000,-1.0000,-1.0000,-1,-1,-1,-1,-1,-1,-1,-1,-1,0,0,3279938729330,10.5605,3.5845,21.9092,-1,-1,169,7170,2352
stress-factory-farm-mobs-storm,920,27.6596,-1,-1.0000,-1.0000,-1.0000,-1.0000,-1.0000,-1.0000,-1.0000,-1.0000,-1.0000,-1.0000,-1,-1,-1,-1,-1,-1,-1,-1,-1,0,0,3279940721863,12.6347,4.3194,6.3698,-1,-1,169,7163,2345
stress-factory-farm-mobs-storm,982,34.1374,-1,19.3106,-1.0000,-1.0000,-1.0000,-1.0000,-1.0000,-1.0000,-1.0000,-1.0000,-1.0000,-1,-1,-1,-1,-1,-1,-1,-1,-1,0,0,3279949371358,7.9573,4.9352,8.2118,-1,-1,168,7158,2340
stress-factory-farm-mobs-storm,983,41.8179,-1,33.5224,-1.0000,-1.0000,-1.0000,-1.0000,-1.0000,-1.0000,-1.0000,-1.0000,-1.0000,-1,-1,-1,-1,-1,-1,-1,-1,-1,0,0,3279949533135,5.9422,3.8114,5.8542,-1,-1,168,7157,2339
stress-factory-farm-mobs-storm,984,79.6986,-1,41.6338,-1.0000,-1.0000,-1.0000,-1.0000,-1.0000,-1.0000,-1.0000,-1.0000,-1.0000,-1,-1,-1,-1,-1,-1,-1,-1,-1,0,0,3279949651221,6.8564,4.2371,12.3826,-1,-1,168,7157,2339
stress-factory-farm-mobs-storm,985,44.8131,-1,79.8999,-1.0000,-1.0000,-1.0000,-1.0000,-1.0000,-1.0000,-1.0000,-1.0000,-1.0000,-1,-1,-1,-1,-1,-1,-1,-1,-1,0,0,3279949843738,12.1972,3.5647,21.9291,-1,-1,168,7156,2338
stress-factory-farm-mobs-storm,1004,23.6591,-1,17.7073,-1.0000,-1.0000,-1.0000,-1.0000,-1.0000,-1.0000,-1.0000,-1.0000,-1.0000,-1,-1,-1,-1,-1,-1,-1,-1,-1,0,0,3279953549844,5.4203,4.0970,9.2671,-1,-1,168,7158,2340
stress-factory-farm-mobs-storm,1020,23.3749,-1,21.5383,-1.0000,-1.0000,-1.0000,-1.0000,-1.0000,-1.0000,-1.0000,-1.0000,-1.0000,-1,-1,-1,-1,-1,-1,-1,-1,-1,0,0,3279955763105,12.3914,3.1712,0.6612,-1,-1,168,7156,2338
stress-factory-farm-mobs-storm,1021,22.7952,-1,23.2489,-1.0000,-1.0000,-1.0000,-1.0000,-1.0000,-1.0000,-1.0000,-1.0000,-1.0000,-1,-1,-1,-1,-1,-1,-1,-1,-1,0,0,3279955893727,6.5293,3.3629,12.4827,-1,-1,169,7149,2331
stress-factory-farm-mobs-storm,1022,23.6518,-1,23.0147,-1.0000,-1.0000,-1.0000,-1.0000,-1.0000,-1.0000,-1.0000,-1.0000,-1.0000,-1,-1,-1,-1,-1,-1,-1,-1,-1,0,0,3279956083919,5.3925,3.4356,15.8606,-1,-1,169,7150,2332
stress-factory-farm-mobs-storm,1024,22.3064,-1,22.3191,-1.0000,-1.0000,-1.0000,-1.0000,-1.0000,-1.0000,-1.0000,-1.0000,-1.0000,-1,-1,-1,-1,-1,-1,-1,-1,-1,0,0,3279956530319,6.1239,3.5754,16.6576,-1,-1,169,7151,2333
stress-factory-farm-mobs-storm,1085,22.3598,-1,22.4195,-1.0000,-1.0000,-1.0000,-1.0000,-1.0000,-1.0000,-1.0000,-1.0000,-1.0000,-1,-1,-1,-1,-1,-1,-1,-1,-1,0,0,3279966194107,10.2017,3.3686,7.6192,-1,-1,169,7143,2325
stress-factory-farm-mobs-storm,1086,23.5761,-1,22.5224,-1.0000,-1.0000,-1.0000,-1.0000,-1.0000,-1.0000,-1.0000,-1.0000,-1.0000,-1,-1,-1,-1,-1,-1,-1,-1,-1,0,0,3279966372415,6.0907,3.3061,15.8058,-1,-1,169,7144,2326
stress-factory-farm-mobs-storm,1087,23.2064,-1,22.4980,-1.0000,-1.0000,-1.0000,-1.0000,-1.0000,-1.0000,-1.0000,-1.0000,-1.0000,-1,-1,-1,-1,-1,-1,-1,-1,-1,0,0,3279966591516,5.0134,3.5630,17.1653,-1,-1,169,7145,2327
stress-factory-farm-mobs-storm,1089,24.5772,-1,22.3171,-1.0000,-1.0000,-1.0000,-1.0000,-1.0000,-1.0000,-1.0000,-1.0000,-1.0000,-1,-1,-1,-1,-1,-1,-1,-1,-1,0,0,3279967037004,8.4167,3.4050,15.1489,-1,-1,169,7145,2327
stress-factory-farm-mobs-storm,1150,46.1304,-1,11.8459,-1.0000,-1.0000,-1.0000,-1.0000,-1.0000,-1.0000,-1.0000,-1.0000,-1.0000,-1,-1,-1,-1,-1,-1,-1,-1,-1,0,0,3279975902048,6.4718,4.1016,9.5788,-1,-1,169,7137,2319
stress-factory-farm-mobs-storm,1151,82.5508,-1,41.4784,-1.0000,-1.0000,-1.0000,-1.0000,-1.0000,-1.0000,-1.0000,-1.0000,-1.0000,-1,-1,-1,-1,-1,-1,-1,-1,-1,0,0,3279976062642,5.1854,4.2902,8.2585,-1,-1,169,7137,2319
stress-factory-farm-mobs-storm,1152,79.7144,-1,82.1458,-1.0000,-1.0000,-1.0000,-1.0000,-1.0000,-1.0000,-1.0000,-1.0000,-1.0000,-1,-1,-1,-1,-1,-1,-1,-1,-1,0,0,3279976197200,14.9364,3.9438,0.0096,-1,-1,169,7139,2321
stress-factory-farm-mobs-storm,1169,23.4067,-1,19.2448,-1.0000,-1.0000,-1.0000,-1.0000,-1.0000,-1.0000,-1.0000,-1.0000,-1.0000,-1,-1,-1,-1,-1,-1,-1,-1,-1,0,0,3279980020487,5.1288,3.7519,11.7262,-1,-1,169,7137,2319
stress-factory-farm-mobs-storm,1182,32.2677,-1,11.6370,-1.0000,-1.0000,-1.0000,-1.0000,-1.0000,-1.0000,-1.0000,-1.0000,-1.0000,-1,-1,-1,-1,-1,-1,-1,-1,-1,0,0,3279982034503,5.8991,5.0940,5.6733,-1,-1,169,7140,2322
stress-factory-farm-mobs-storm,1183,68.0375,-1,29.7659,-1.0000,-1.0000,-1.0000,-1.0000,-1.0000,-1.0000,-1.0000,-1.0000,-1.0000,-1,-1,-1,-1,-1,-1,-1,-1,-1,0,0,3279982150342,5.9176,4.6029,6.0824,-1,-1,169,7140,2322
stress-factory-farm-mobs-storm,1184,80.8441,-1,67.0554,-1.0000,-1.0000,-1.0000,-1.0000,-1.0000,-1.0000,-1.0000,-1.0000,-1.0000,-1,-1,-1,-1,-1,-1,-1,-1,-1,0,0,3279982270493,13.2046,4.7218,0.0094,-1,-1,169,7141,2323
stress-factory-farm-mobs-storm,1185,82.7946,-1,80.3930,-1.0000,-1.0000,-1.0000,-1.0000,-1.0000,-1.0000,-1.0000,-1.0000,-1.0000,-1,-1,-1,-1,-1,-1,-1,-1,-1,0,0,3279982402794,8.6944,3.9466,23.5721,-1,-1,169,7136,2322
stress-factory-farm-mobs-storm,1186,80.0749,-1,81.8422,-1.0000,-1.0000,-1.0000,-1.0000,-1.0000,-1.0000,-1.0000,-1.0000,-1.0000,-1,-1,-1,-1,-1,-1,-1,-1,-1,0,0,3279982725537,13.1262,3.5983,54.8961,-1,-1,169,7138,2319
stress-factory-farm-mobs-storm,1187,81.0251,-1,80.5468,-1.0000,-1.0000,-1.0000,-1.0000,-1.0000,-1.0000,-1.0000,-1.0000,-1.0000,-1,-1,-1,-1,-1,-1,-1,-1,-1,0,0,3279983405888,15.1600,3.4758,65.6712,-1,-1,169,7138,2319
stress-factory-farm-mobs-storm,1188,27.3391,-1,-1.0000,-1.0000,-1.0000,-1.0000,-1.0000,-1.0000,-1.0000,-1.0000,-1.0000,-1.0000,-1,-1,-1,-1,-1,-1,-1,-1,-1,0,0,3279984214335,16.5737,3.3917,66.2071,-1,-1,169,7137,2318
stress-factory-farm-mobs-storm,1219,25.3087,-1,18.8984,-1.0000,-1.0000,-1.0000,-1.0000,-1.0000,-1.0000,-1.0000,-1.0000,-1.0000,-1,-1,-1,-1,-1,-1,-1,-1,-1,0,0,3279990382867,7.5537,3.7080,6.9078,-1,-1,169,7132,2313
stress-factory-farm-mobs-storm,1231,67.3283,-1,17.3962,-1.0000,-1.0000,-1.0000,-1.0000,-1.0000,-1.0000,-1.0000,-1.0000,-1.0000,-1,-1,-1,-1,-1,-1,-1,-1,-1,0,0,3279992369147,6.5477,3.4118,7.4972,-1,-1,169,7136,2317
stress-factory-farm-mobs-storm,1232,79.8000,-1,66.6486,-1.0000,-1.0000,-1.0000,-1.0000,-1.0000,-1.0000,-1.0000,-1.0000,-1.0000,-1,-1,-1,-1,-1,-1,-1,-1,-1,0,0,3279992509651,5.5083,3.4612,7.3489,-1,-1,169,7136,2317
stress-factory-farm-mobs-storm,1233,62.2785,-1,80.3653,-1.0000,-1.0000,-1.0000,-1.0000,-1.0000,-1.0000,-1.0000,-1.0000,-1.0000,-1,-1,-1,-1,-1,-1,-1,-1,-1,0,0,3279992638327,4.8673,3.1718,13.2419,-1,-1,169,7129,2314
stress-factory-farm-mobs-storm,1264,69.7914,-1,19.4729,-1.0000,-1.0000,-1.0000,-1.0000,-1.0000,-1.0000,-1.0000,-1.0000,-1.0000,-1,-1,-1,-1,-1,-1,-1,-1,-1,0,0,3279998346780,6.6754,3.8353,13.0198,-1,-1,169,7126,2310
stress-factory-farm-mobs-storm,1265,81.7039,-1,69.5501,-1.0000,-1.0000,-1.0000,-1.0000,-1.0000,-1.0000,-1.0000,-1.0000,-1.0000,-1,-1,-1,-1,-1,-1,-1,-1,-1,0,0,3279998543793,6.0057,3.1516,12.2758,-1,-1,169,7126,2310
stress-factory-farm-mobs-storm,1266,77.0744,-1,80.8264,-1.0000,-1.0000,-1.0000,-1.0000,-1.0000,-1.0000,-1.0000,-1.0000,-1.0000,-1,-1,-1,-1,-1,-1,-1,-1,-1,0,0,3279998726715,9.7242,3.3508,8.8610,-1,-1,169,7130,2310
stress-factory-farm-mobs-storm,1267,33.4115,-1,77.7974,-1.0000,-1.0000,-1.0000,-1.0000,-1.0000,-1.0000,-1.0000,-1.0000,-1.0000,-1,-1,-1,-1,-1,-1,-1,-1,-1,0,0,3279998912682,6.4158,3.4235,63.3770,-1,-1,169,7129,2309
stress-factory-farm-mobs-storm,1268,25.5990,-1,32.6244,-1.0000,-1.0000,-1.0000,-1.0000,-1.0000,-1.0000,-1.0000,-1.0000,-1.0000,-1,-1,-1,-1,-1,-1,-1,-1,-1,0,0,3279999610707,12.5957,3.4840,69.0906,-1,-1,169,7127,2307
stress-factory-farm-mobs-storm,1383,27.9697,-1,12.7419,-1.0000,-1.0000,-1.0000,-1.0000,-1.0000,-1.0000,-1.0000,-1.0000,-1.0000,-1,-1,-1,-1,-1,-1,-1,-1,-1,0,0,3280016984753,5.1362,4.3906,7.1637,-1,-1,169,7116,2296
stress-factory-farm-mobs-storm,1384,33.5508,-1,26.0511,-1.0000,-1.0000,-1.0000,-1.0000,-1.0000,-1.0000,-1.0000,-1.0000,-1.0000,-1,-1,-1,-1,-1,-1,-1,-1,-1,0,0,3280017107865,5.1146,3.8313,8.0647,-1,-1,169,7117,2297
stress-factory-farm-mobs-storm,1385,78.5571,-1,33.4822,-1.0000,-1.0000,-1.0000,-1.0000,-1.0000,-1.0000,-1.0000,-1.0000,-1.0000,-1,-1,-1,-1,-1,-1,-1,-1,-1,0,0,3280017239763,10.1336,3.1184,2.8928,-1,-1,169,7118,2298
stress-factory-farm-mobs-storm,1386,81.3074,-1,78.8685,-1.0000,-1.0000,-1.0000,-1.0000,-1.0000,-1.0000,-1.0000,-1.0000,-1.0000,-1,-1,-1,-1,-1,-1,-1,-1,-1,0,0,3280017370119,6.5789,3.4733,21.3864,-1,-1,169,7118,2298
stress-factory-farm-mobs-storm,1387,78.0398,-1,80.4106,-1.0000,-1.0000,-1.0000,-1.0000,-1.0000,-1.0000,-1.0000,-1.0000,-1.0000,-1,-1,-1,-1,-1,-1,-1,-1,-1,0,0,3280017649842,7.1803,3.3988,26.3600,-1,-1,169,7118,2298
stress-factory-farm-mobs-storm,1388,76.7073,-1,78.5733,-1.0000,-1.0000,-1.0000,-1.0000,-1.0000,-1.0000,-1.0000,-1.0000,-1.0000,-1,-1,-1,-1,-1,-1,-1,-1,-1,0,0,3280017985343,10.9944,3.3242,67.5534,-1,-1,169,7118,2298
stress-factory-farm-mobs-storm,1389,40.7818,-1,75.5835,-1.0000,-1.0000,-1.0000,-1.0000,-1.0000,-1.0000,-1.0000,-1.0000,-1.0000,-1,-1,-1,-1,-1,-1,-1,-1,-1,0,0,3280018770930,20.4205,3.5622,60.8742,-1,-1,169,7116,2296
stress-factory-farm-mobs-storm,1419,22.6765,-1,17.5836,-1.0000,-1.0000,-1.0000,-1.0000,-1.0000,-1.0000,-1.0000,-1.0000,-1.0000,-1,-1,-1,-1,-1,-1,-1,-1,-1,0,0,3280024954283,6.3593,3.4632,10.6411,-1,-1,169,7115,2295
stress-factory-farm-mobs-storm,1420,25.7904,-1,22.3580,-1.0000,-1.0000,-1.0000,-1.0000,-1.0000,-1.0000,-1.0000,-1.0000,-1.0000,-1,-1,-1,-1,-1,-1,-1,-1,-1,0,0,3280025124392,4.7534,3.4385,12.2148,-1,-1,169,7114,2294
stress-factory-farm-mobs-storm,1640,46.6920,-1,12.1979,-1.0000,-1.0000,-1.0000,-1.0000,-1.0000,-1.0000,-1.0000,-1.0000,-1.0000,-1,-1,-1,-1,-1,-1,-1,-1,-1,0,0,3280055903332,6.8638,3.3578,8.7922,-1,-1,169,7095,2276
stress-factory-farm-mobs-storm,1641,80.5709,-1,44.5496,-1.0000,-1.0000,-1.0000,-1.0000,-1.0000,-1.0000,-1.0000,-1.0000,-1.0000,-1,-1,-1,-1,-1,-1,-1,-1,-1,0,0,3280056059948,4.7709,4.7777,8.5504,-1,-1,169,7095,2276
stress-factory-farm-mobs-storm,1642,80.7735,-1,81.1761,-1.0000,-1.0000,-1.0000,-1.0000,-1.0000,-1.0000,-1.0000,-1.0000,-1.0000,-1,-1,-1,-1,-1,-1,-1,-1,-1,0,0,3280056193252,9.5045,3.4623,3.0134,-1,-1,169,7096,2277
stress-factory-farm-mobs-storm,1643,80.8593,-1,80.2263,-1.0000,-1.0000,-1.0000,-1.0000,-1.0000,-1.0000,-1.0000,-1.0000,-1.0000,-1,-1,-1,-1,-1,-1,-1,-1,-1,0,0,3280056318542,5.7513,3.2399,40.9352,-1,-1,169,7097,2278
stress-factory-farm-mobs-storm,1644,79.9093,-1,80.1562,-1.0000,-1.0000,-1.0000,-1.0000,-1.0000,-1.0000,-1.0000,-1.0000,-1.0000,-1,-1,-1,-1,-1,-1,-1,-1,-1,0,0,3280056785474,13.9031,3.4209,66.6696,-1,-1,169,7097,2278
stress-factory-farm-mobs-storm,1645,47.2639,-1,80.0788,-1.0000,-1.0000,-1.0000,-1.0000,-1.0000,-1.0000,-1.0000,-1.0000,-1.0000,-1,-1,-1,-1,-1,-1,-1,-1,-1,0,0,3280057591397,22.4269,3.3659,58.3019,-1,-1,169,7097,2278
stress-factory-farm-mobs-storm,1675,37.7165,-1,17.4707,-1.0000,-1.0000,-1.0000,-1.0000,-1.0000,-1.0000,-1.0000,-1.0000,-1.0000,-1,-1,-1,-1,-1,-1,-1,-1,-1,0,0,3280063974858,6.6122,3.1919,7.3546,-1,-1,169,7097,2277
stress-factory-farm-mobs-storm,1676,34.3628,-1,36.2025,-1.0000,-1.0000,-1.0000,-1.0000,-1.0000,-1.0000,-1.0000,-1.0000,-1.0000,-1,-1,-1,-1,-1,-1,-1,-1,-1,0,0,3280064114636,4.7897,4.3227,13.3120,-1,-1,169,7097,2277
stress-factory-farm-mobs-storm,1677,29.3209,-1,34.1363,-1.0000,-1.0000,-1.0000,-1.0000,-1.0000,-1.0000,-1.0000,-1.0000,-1.0000,-1,-1,-1,-1,-1,-1,-1,-1,-1,0,0,3280064295749,10.7062,3.3424,5.9416,-1,-1,169,7096,2276
stress-factory-farm-mobs-storm,1678,26.9991,-1,30.0298,-1.0000,-1.0000,-1.0000,-1.0000,-1.0000,-1.0000,-1.0000,-1.0000,-1.0000,-1,-1,-1,-1,-1,-1,-1,-1,-1,0,0,3280064462334,6.4323,3.7947,31.2742,-1,-1,169,7096,2276
stress-factory-farm-mobs-storm,1679,24.3025,-1,26.7446,-1.0000,-1.0000,-1.0000,-1.0000,-1.0000,-1.0000,-1.0000,-1.0000,-1.0000,-1,-1,-1,-1,-1,-1,-1,-1,-1,0,0,3280064839512,13.0918,3.6482,21.2590,-1,-1,169,7096,2276
stress-factory-farm-mobs-storm,1680,24.1498,-1,24.5043,-1.0000,-1.0000,-1.0000,-1.0000,-1.0000,-1.0000,-1.0000,-1.0000,-1.0000,-1,-1,-1,-1,-1,-1,-1,-1,-1,0,0,3280065183133,11.5997,4.0767,17.7103,-1,-1,169,7095,2275
stress-factory-farm-mobs-storm,1681,22.8876,-1,23.5098,-1.0000,-1.0000,-1.0000,-1.0000,-1.0000,-1.0000,-1.0000,-1.0000,-1.0000,-1,-1,-1,-1,-1,-1,-1,-1,-1,0,0,3280065476349,7.0361,3.5976,19.9506,-1,-1,169,7095,2275
stress-factory-farm-mobs-storm,1754,27.6569,-1,20.5210,-1.0000,-1.0000,-1.0000,-1.0000,-1.0000,-1.0000,-1.0000,-1.0000,-1.0000,-1,-1,-1,-1,-1,-1,-1,-1,-1,0,0,3280076512473,5.4547,3.6437,7.0238,-1,-1,169,7094,2273
stress-factory-farm-mobs-storm,1755,26.7547,-1,26.5687,-1.0000,-1.0000,-1.0000,-1.0000,-1.0000,-1.0000,-1.0000,-1.0000,-1.0000,-1,-1,-1,-1,-1,-1,-1,-1,-1,0,0,3280076637361,5.2609,3.1638,7.0044,-1,-1,169,7094,2273
stress-factory-farm-mobs-storm,1756,27.5929,-1,26.5615,-1.0000,-1.0000,-1.0000,-1.0000,-1.0000,-1.0000,-1.0000,-1.0000,-1.0000,-1,-1,-1,-1,-1,-1,-1,-1,-1,0,0,3280076760116,9.2621,3.6198,11.2288,-1,-1,169,7095,2274
stress-factory-farm-mobs-storm,1757,27.2653,-1,27.4163,-1.0000,-1.0000,-1.0000,-1.0000,-1.0000,-1.0000,-1.0000,-1.0000,-1.0000,-1,-1,-1,-1,-1,-1,-1,-1,-1,0,0,3280076965118,6.4384,3.1792,21.2104,-1,-1,169,7095,2274
stress-factory-farm-mobs-storm,1758,27.9290,-1,27.4967,-1.0000,-1.0000,-1.0000,-1.0000,-1.0000,-1.0000,-1.0000,-1.0000,-1.0000,-1,-1,-1,-1,-1,-1,-1,-1,-1,0,0,3280077241718,9.7607,3.5094,16.9809,-1,-1,169,7095,2274
stress-factory-farm-mobs-storm,1759,27.0392,-1,27.3910,-1.0000,-1.0000,-1.0000,-1.0000,-1.0000,-1.0000,-1.0000,-1.0000,-1.0000,-1,-1,-1,-1,-1,-1,-1,-1,-1,0,0,3280077509245,7.0157,4.0157,20.5669,-1,-1,169,7095,2274
stress-factory-farm-mobs-storm,1760,23.6626,-1,27.1511,-1.0000,-1.0000,-1.0000,-1.0000,-1.0000,-1.0000,-1.0000,-1.0000,-1.0000,-1,-1,-1,-1,-1,-1,-1,-1,-1,0,0,3280077785179,10.8691,3.4669,16.3836,-1,-1,169,7095,2274
stress-inventory,9,61.6052,-1,13.0839,-1.0000,-1.0000,-1.0000,-1.0000,-1.0000,-1.0000,-1.0000,-1.0000,-1.0000,-1,-1,-1,-1,-1,-1,-1,-1,-1,0,0,3280109070876,5.7931,3.7550,5.9593,-1,-1,189,7092,2269
stress-inventory,10,85.3158,-1,58.7571,-1.0000,-1.0000,-1.0000,-1.0000,-1.0000,-1.0000,-1.0000,-1.0000,-1.0000,-1,-1,-1,-1,-1,-1,-1,-1,-1,0,0,3280109188505,10.8303,3.5109,2.5708,-1,-1,189,7092,2269
stress-inventory,11,88.8479,-1,86.5731,-1.0000,-1.0000,-1.0000,-1.0000,-1.0000,-1.0000,-1.0000,-1.0000,-1.0000,-1,-1,-1,-1,-1,-1,-1,-1,-1,0,0,3280109322633,5.7225,3.5662,8.0455,-1,-1,189,7092,2269
stress-inventory,12,87.2532,-1,86.4663,-1.0000,-1.0000,-1.0000,-1.0000,-1.0000,-1.0000,-1.0000,-1.0000,-1.0000,-1,-1,-1,-1,-1,-1,-1,-1,-1,0,0,3280109460373,7.1207,3.5131,54.4766,-1,-1,189,7091,2268
stress-inventory,13,86.6515,-1,86.8756,-1.0000,-1.0000,-1.0000,-1.0000,-1.0000,-1.0000,-1.0000,-1.0000,-1.0000,-1,-1,-1,-1,-1,-1,-1,-1,-1,0,0,3280110076445,12.9666,3.2929,72.4169,-1,-1,189,7091,2268
stress-inventory,44,27.6337,-1,19.5476,-1.0000,-1.0000,-1.0000,-1.0000,-1.0000,-1.0000,-1.0000,-1.0000,-1.0000,-1,-1,-1,-1,-1,-1,-1,-1,-1,0,0,3280117175102,5.2737,3.3434,14.1919,-1,-1,189,7092,2269
stress-inventory,45,86.0106,-1,27.0474,-1.0000,-1.0000,-1.0000,-1.0000,-1.0000,-1.0000,-1.0000,-1.0000,-1.0000,-1,-1,-1,-1,-1,-1,-1,-1,-1,0,0,3280117369869,12.5623,3.6255,6.2008,-1,-1,189,7092,2269
stress-inventory,46,84.5715,-1,85.2280,-1.0000,-1.0000,-1.0000,-1.0000,-1.0000,-1.0000,-1.0000,-1.0000,-1.0000,-1,-1,-1,-1,-1,-1,-1,-1,-1,0,0,3280117557607,5.2020,3.4181,15.2203,-1,-1,189,7092,2269
stress-inventory,47,41.6598,-1,-1.0000,-1.0000,-1.0000,-1.0000,-1.0000,-1.0000,-1.0000,-1.0000,-1.0000,-1.0000,-1,-1,-1,-1,-1,-1,-1,-1,-1,0,0,3280117761938,9.6193,4.0933,18.0088,-1,-1,189,7092,2269
stress-inventory,48,26.8352,-1,36.3643,-1.0000,-1.0000,-1.0000,-1.0000,-1.0000,-1.0000,-1.0000,-1.0000,-1.0000,-1,-1,-1,-1,-1,-1,-1,-1,-1,0,0,3280118038376,10.4913,3.1298,75.5003,-1,-1,189,7092,2269
stress-inventory,100,28.1233,-1,13.1075,-1.0000,-1.0000,-1.0000,-1.0000,-1.0000,-1.0000,-1.0000,-1.0000,-1.0000,-1,-1,-1,-1,-1,-1,-1,-1,-1,0,0,3280127441172,6.3320,4.0072,7.8422,-1,-1,187,7091,2268
stress-inventory,101,40.8786,-1,26.1225,-1.0000,-1.0000,-1.0000,-1.0000,-1.0000,-1.0000,-1.0000,-1.0000,-1.0000,-1,-1,-1,-1,-1,-1,-1,-1,-1,0,0,3280127583009,6.8728,4.0671,6.6749,-1,-1,187,7091,2268
stress-inventory,102,84.7284,-1,39.4908,-1.0000,-1.0000,-1.0000,-1.0000,-1.0000,-1.0000,-1.0000,-1.0000,-1.0000,-1,-1,-1,-1,-1,-1,-1,-1,-1,0,0,3280127718587,10.4851,3.6548,3.3636,-1,-1,187,7092,2269
stress-inventory,103,68.4780,-1,85.6968,-1.0000,-1.0000,-1.0000,-1.0000,-1.0000,-1.0000,-1.0000,-1.0000,-1.0000,-1,-1,-1,-1,-1,-1,-1,-1,-1,0,0,3280127857183,6.8019,3.4835,21.3136,-1,-1,187,7092,2269
stress-inventory,133,30.1564,-1,21.2173,-1.0000,-1.0000,-1.0000,-1.0000,-1.0000,-1.0000,-1.0000,-1.0000,-1.0000,-1,-1,-1,-1,-1,-1,-1,-1,-1,0,0,3280133872782,6.8633,3.7316,7.3423,-1,-1,187,7090,2267
stress-inventory,134,29.2165,-1,29.0545,-1.0000,-1.0000,-1.0000,-1.0000,-1.0000,-1.0000,-1.0000,-1.0000,-1.0000,-1,-1,-1,-1,-1,-1,-1,-1,-1,0,0,3280134014948,6.1365,3.8447,7.2644,-1,-1,187,7090,2267
stress-inventory,135,34.1160,-1,30.4141,-1.0000,-1.0000,-1.0000,-1.0000,-1.0000,-1.0000,-1.0000,-1.0000,-1.0000,-1,-1,-1,-1,-1,-1,-1,-1,-1,0,0,3280134149080,5.7013,3.9500,14.7796,-1,-1,187,7090,2267
stress-inventory,136,32.3544,-1,-1.0000,-1.0000,-1.0000,-1.0000,-1.0000,-1.0000,-1.0000,-1.0000,-1.0000,-1.0000,-1,-1,-1,-1,-1,-1,-1,-1,-1,0,0,3280134354005,12.2644,3.2313,17.8813,-1,-1,187,7090,2267
stress-inventory,137,34.2107,-1,31.4744,-1.0000,-1.0000,-1.0000,-1.0000,-1.0000,-1.0000,-1.0000,-1.0000,-1.0000,-1,-1,-1,-1,-1,-1,-1,-1,-1,0,0,3280134655566,5.8733,3.2878,23.3325,-1,-1,187,7090,2267
stress-inventory,138,27.8782,-1,28.4206,-1.0000,-1.0000,-1.0000,-1.0000,-1.0000,-1.0000,-1.0000,-1.0000,-1.0000,-1,-1,-1,-1,-1,-1,-1,-1,-1,0,0,3280134947734,11.4428,5.8571,22.6775,-1,-1,187,7089,2266
stress-inventory,139,22.3303,-1,27.2906,-1.0000,-1.0000,-1.0000,-1.0000,-1.0000,-1.0000,-1.0000,-1.0000,-1.0000,-1,-1,-1,-1,-1,-1,-1,-1,-1,0,0,3280135289132,32.3673,4.3971,0.0165,-1,-1,187,7089,2266
stress-inventory,248,28.1357,-1,17.4170,-1.0000,-1.0000,-1.0000,-1.0000,-1.0000,-1.0000,-1.0000,-1.0000,-1.0000,-1,-1,-1,-1,-1,-1,-1,-1,-1,0,0,3280152168183,5.7978,3.2752,7.8580,-1,-1,187,7083,2260
stress-inventory,249,34.9817,-1,28.5043,-1.0000,-1.0000,-1.0000,-1.0000,-1.0000,-1.0000,-1.0000,-1.0000,-1.0000,-1,-1,-1,-1,-1,-1,-1,-1,-1,0,0,3280152304845,9.8751,3.3579,4.2370,-1,-1,187,7083,2260
stress-inventory,250,35.2669,-1,34.4023,-1.0000,-1.0000,-1.0000,-1.0000,-1.0000,-1.0000,-1.0000,-1.0000,-1.0000,-1,-1,-1,-1,-1,-1,-1,-1,-1,0,0,3280152446060,6.9152,3.3191,13.1407,-1,-1,187,7083,2260
stress-inventory,251,33.9014,-1,35.4488,-1.0000,-1.0000,-1.0000,-1.0000,-1.0000,-1.0000,-1.0000,-1.0000,-1.0000,-1,-1,-1,-1,-1,-1,-1,-1,-1,0,0,3280152646725,5.1923,3.2434,22.9306,-1,-1,187,7083,2260
stress-inventory,252,34.8661,-1,35.0252,-1.0000,-1.0000,-1.0000,-1.0000,-1.0000,-1.0000,-1.0000,-1.0000,-1.0000,-1,-1,-1,-1,-1,-1,-1,-1,-1,0,0,3280152928079,13.2689,3.5614,21.7024,-1,-1,187,7083,2260
stress-inventory,253,35.0522,-1,35.0495,-1.0000,-1.0000,-1.0000,-1.0000,-1.0000,-1.0000,-1.0000,-1.0000,-1.0000,-1,-1,-1,-1,-1,-1,-1,-1,-1,0,0,3280153277899,13.4043,7.5668,21.8646,-1,-1,187,7083,2260
stress-inventory,254,27.2843,-1,33.0012,-1.0000,-1.0000,-1.0000,-1.0000,-1.0000,-1.0000,-1.0000,-1.0000,-1.0000,-1,-1,-1,-1,-1,-1,-1,-1,-1,0,0,3280153630778,25.5025,3.5334,8.3606,-1,-1,187,7083,2260
stress-inventory,256,23.5813,-1,23.8428,-1.0000,-1.0000,-1.0000,-1.0000,-1.0000,-1.0000,-1.0000,-1.0000,-1.0000,-1,-1,-1,-1,-1,-1,-1,-1,-1,0,0,3280154318235,11.6893,4.0040,23.3544,-1,-1,187,7082,2259
stress-inventory,319,25.8587,-1,13.8926,-1.0000,-1.0000,-1.0000,-1.0000,-1.0000,-1.0000,-1.0000,-1.0000,-1.0000,-1,-1,-1,-1,-1,-1,-1,-1,-1,0,0,3280164309078,5.7690,3.6952,9.7193,-1,-1,187,7082,2258
stress-inventory,320,33.8698,-1,25.8540,-1.0000,-1.0000,-1.0000,-1.0000,-1.0000,-1.0000,-1.0000,-1.0000,-1.0000,-1,-1,-1,-1,-1,-1,-1,-1,-1,0,0,3280164464022,6.5166,3.4947,6.8877,-1,-1,187,7082,2258
stress-inventory,321,35.8573,-1,33.8601,-1.0000,-1.0000,-1.0000,-1.0000,-1.0000,-1.0000,-1.0000,-1.0000,-1.0000,-1,-1,-1,-1,-1,-1,-1,-1,-1,0,0,3280164598153,5.1961,3.0950,9.0433,-1,-1,187,7082,2258
stress-inventory,322,35.2656,-1,35.0694,-1.0000,-1.0000,-1.0000,-1.0000,-1.0000,-1.0000,-1.0000,-1.0000,-1.0000,-1,-1,-1,-1,-1,-1,-1,-1,-1,0,0,3280164740655,9.4643,3.3676,16.3859,-1,-1,187,7082,2258
stress-inventory,323,35.0511,-1,35.2133,-1.0000,-1.0000,-1.0000,-1.0000,-1.0000,-1.0000,-1.0000,-1.0000,-1.0000,-1,-1,-1,-1,-1,-1,-1,-1,-1,0,0,3280164999246,7.2519,3.2554,26.6069,-1,-1,187,7082,2258
stress-inventory,324,34.9294,-1,35.2051,-1.0000,-1.0000,-1.0000,-1.0000,-1.0000,-1.0000,-1.0000,-1.0000,-1.0000,-1,-1,-1,-1,-1,-1,-1,-1,-1,0,0,3280165337938,12.2315,3.7446,23.6141,-1,-1,187,7081,2257
stress-inventory,325,28.7488,-1,34.0987,-1.0000,-1.0000,-1.0000,-1.0000,-1.0000,-1.0000,-1.0000,-1.0000,-1.0000,-1,-1,-1,-1,-1,-1,-1,-1,-1,0,0,3280165696515,12.3888,3.7109,22.8664,-1,-1,187,7081,2257
stress-inventory,326,26.4377,-1,30.3352,-1.0000,-1.0000,-1.0000,-1.0000,-1.0000,-1.0000,-1.0000,-1.0000,-1.0000,-1,-1,-1,-1,-1,-1,-1,-1,-1,0,0,3280166049178,8.2954,3.4319,26.7422,-1,-1,187,7081,2257
stress-inventory,328,22.8482,-1,22.6529,-1.0000,-1.0000,-1.0000,-1.0000,-1.0000,-1.0000,-1.0000,-1.0000,-1.0000,-1,-1,-1,-1,-1,-1,-1,-1,-1,0,0,3280166748982,11.0929,3.5809,17.6433,-1,-1,187,7081,2257
stress-inventory,329,32.3425,-1,-1.0000,-1.0000,-1.0000,-1.0000,-1.0000,-1.0000,-1.0000,-1.0000,-1.0000,-1.0000,-1,-1,-1,-1,-1,-1,-1,-1,-1,0,0,3280167036469,7.5803,3.5098,18.8482,-1,-1,187,7081,2257
stress-inventory,349,28.7536,-1,19.4895,-1.0000,-1.0000,-1.0000,-1.0000,-1.0000,-1.0000,-1.0000,-1.0000,-1.0000,-1,-1,-1,-1,-1,-1,-1,-1,-1,0,0,3280170410954,7.1714,3.3284,8.9195,-1,-1,187,7080,2256
stress-inventory,350,45.9001,-1,29.7083,-1.0000,-1.0000,-1.0000,-1.0000,-1.0000,-1.0000,-1.0000,-1.0000,-1.0000,-1,-1,-1,-1,-1,-1,-1,-1,-1,0,0,3280170571969,5.4867,3.5289,14.9656,-1,-1,187,7080,2256
stress-inventory,351,30.7278,-1,43.2620,-1.0000,-1.0000,-1.0000,-1.0000,-1.0000,-1.0000,-1.0000,-1.0000,-1.0000,-1,-1,-1,-1,-1,-1,-1,-1,-1,0,0,3280170776583,13.2589,3.2883,6.4733,-1,-1,187,7080,2256
stress-inventory,352,30.3784,-1,32.5960,-1.0000,-1.0000,-1.0000,-1.0000,-1.0000,-1.0000,-1.0000,-1.0000,-1.0000,-1,-1,-1,-1,-1,-1,-1,-1,-1,0,0,3280170974021,6.8676,3.3157,21.8734,-1,-1,187,7080,2256
stress-inventory,353,25.6685,-1,28.8806,-1.0000,-1.0000,-1.0000,-1.0000,-1.0000,-1.0000,-1.0000,-1.0000,-1.0000,-1,-1,-1,-1,-1,-1,-1,-1,-1,0,0,3280171261554,10.4168,3.2196,35.4727,-1,-1,187,7081,2257
stress-inventory,354,27.2072,-1,26.7814,-1.0000,-1.0000,-1.0000,-1.0000,-1.0000,-1.0000,-1.0000,-1.0000,-1.0000,-1,-1,-1,-1,-1,-1,-1,-1,-1,0,0,3280171720566,13.0576,3.5559,17.6617,-1,-1,187,7081,2257
stress-inventory,413,23.2713,-1,22.4241,-1.0000,-1.0000,-1.0000,-1.0000,-1.0000,-1.0000,-1.0000,-1.0000,-1.0000,-1,-1,-1,-1,-1,-1,-1,-1,-1,0,0,3280180996395,5.3753,4.2369,11.7212,-1,-1,187,7080,2256
stress-inventory,414,22.9256,-1,22.7220,-1.0000,-1.0000,-1.0000,-1.0000,-1.0000,-1.0000,-1.0000,-1.0000,-1.0000,-1,-1,-1,-1,-1,-1,-1,-1,-1,0,0,3280181167458,5.3735,3.2222,10.6206,-1,-1,187,7080,2256
stress-inventory,415,23.1094,-1,22.9289,-1.0000,-1.0000,-1.0000,-1.0000,-1.0000,-1.0000,-1.0000,-1.0000,-1.0000,-1,-1,-1,-1,-1,-1,-1,-1,-1,0,0,3280181327507,10.9270,7.6914,11.1227,-1,-1,187,7080,2256
stress-inventory,416,22.9881,-1,22.9583,-1.0000,-1.0000,-1.0000,-1.0000,-1.0000,-1.0000,-1.0000,-1.0000,-1.0000,-1,-1,-1,-1,-1,-1,-1,-1,-1,0,0,3280181548187,17.4943,3.6529,5.7429,-1,-1,187,7081,2257
stress-inventory,417,24.4060,-1,22.9601,-1.0000,-1.0000,-1.0000,-1.0000,-1.0000,-1.0000,-1.0000,-1.0000,-1.0000,-1,-1,-1,-1,-1,-1,-1,-1,-1,0,0,3280181780735,13.9252,3.5885,8.9895,-1,-1,187,7081,2257
stress-inventory,420,23.6398,-1,22.4143,-1.0000,-1.0000,-1.0000,-1.0000,-1.0000,-1.0000,-1.0000,-1.0000,-1.0000,-1,-1,-1,-1,-1,-1,-1,-1,-1,0,0,3280182470922,6.4947,3.2336,17.8999,-1,-1,187,7081,2257
stress-inventory,475,49.8582,-1,19.6708,-1.0000,-1.0000,-1.0000,-1.0000,-1.0000,-1.0000,-1.0000,-1.0000,-1.0000,-1,-1,-1,-1,-1,-1,-1,-1,-1,0,0,3280191065573,5.1199,4.0554,8.2047,-1,-1,187,7078,2254
stress-inventory,476,89.4295,-1,49.6333,-1.0000,-1.0000,-1.0000,-1.0000,-1.0000,-1.0000,-1.0000,-1.0000,-1.0000,-1,-1,-1,-1,-1,-1,-1,-1,-1,0,0,3280191198916,10.6503,3.5654,2.7984,-1,-1,187,7078,2254
stress-inventory,477,68.0493,-1,86.6263,-1.0000,-1.0000,-1.0000,-1.0000,-1.0000,-1.0000,-1.0000,-1.0000,-1.0000,-1,-1,-1,-1,-1,-1,-1,-1,-1,0,0,3280191333506,7.0822,3.3436,13.5098,-1,-1,187,7079,2255
stress-inventory,504,85.9528,-1,19.4191,-1.0000,-1.0000,-1.0000,-1.0000,-1.0000,-1.0000,-1.0000,-1.0000,-1.0000,-1,-1,-1,-1,-1,-1,-1,-1,-1,0,0,3280197031218,7.2782,3.4491,12.8074,-1,-1,187,7080,2255
stress-inventory,505,84.3784,-1,84.9531,-1.0000,-1.0000,-1.0000,-1.0000,-1.0000,-1.0000,-1.0000,-1.0000,-1.0000,-1,-1,-1,-1,-1,-1,-1,-1,-1,0,0,3280197232202,11.9613,3.2815,7.7541,-1,-1,187,7080,2255
stress-inventory,506,89.0397,-1,86.5162,-1.0000,-1.0000,-1.0000,-1.0000,-1.0000,-1.0000,-1.0000,-1.0000,-1.0000,-1,-1,-1,-1,-1,-1,-1,-1,-1,0,0,3280197429463,6.3681,3.5832,13.0228,-1,-1,187,7076,2255
stress-inventory,507,84.4522,-1,85.9151,-1.0000,-1.0000,-1.0000,-1.0000,-1.0000,-1.0000,-1.0000,-1.0000,-1.0000,-1,-1,-1,-1,-1,-1,-1,-1,-1,0,0,3280197623476,5.3463,3.8235,80.6109,-1,-1,187,7079,2254
stress-inventory,508,82.2953,-1,86.2774,-1.0000,-1.0000,-1.0000,-1.0000,-1.0000,-1.0000,-1.0000,-1.0000,-1.0000,-1,-1,-1,-1,-1,-1,-1,-1,-1,0,0,3280198483239,30.8913,3.3905,53.4510,-1,-1,187,7080,2255
stress-inventory,509,39.2974,-1,-1.0000,-1.0000,-1.0000,-1.0000,-1.0000,-1.0000,-1.0000,-1.0000,-1.0000,-1.0000,-1,-1,-1,-1,-1,-1,-1,-1,-1,0,0,3280199326967,19.4052,3.2328,69.6122,-1,-1,187,7079,2254
stress-inventory,533,22.7270,-1,19.0444,-1.0000,-1.0000,-1.0000,-1.0000,-1.0000,-1.0000,-1.0000,-1.0000,-1.0000,-1,-1,-1,-1,-1,-1,-1,-1,-1,0,0,3280205117475,5.9927,3.6329,11.8623,-1,-1,187,7080,2255
stress-inventory,534,88.6583,-1,23.8533,-1.0000,-1.0000,-1.0000,-1.0000,-1.0000,-1.0000,-1.0000,-1.0000,-1.0000,-1,-1,-1,-1,-1,-1,-1,-1,-1,0,0,3280205296145,10.1743,3.5666,10.7804,-1,-1,187,7080,2255
stress-inventory,535,90.9028,-1,86.0122,-1.0000,-1.0000,-1.0000,-1.0000,-1.0000,-1.0000,-1.0000,-1.0000,-1.0000,-1,-1,-1,-1,-1,-1,-1,-1,-1,0,0,3280205505794,6.7761,3.4045,12.3335,-1,-1,187,7079,2254
stress-inventory,536,84.2462,-1,90.0874,-1.0000,-1.0000,-1.0000,-1.0000,-1.0000,-1.0000,-1.0000,-1.0000,-1.0000,-1,-1,-1,-1,-1,-1,-1,-1,-1,0,0,3280205696998,12.3638,3.7700,10.3526,-1,-1,187,7077,2252
stress-inventory,537,88.6976,-1,86.0140,-1.0000,-1.0000,-1.0000,-1.0000,-1.0000,-1.0000,-1.0000,-1.0000,-1.0000,-1,-1,-1,-1,-1,-1,-1,-1,-1,0,0,3280205924259,7.1801,4.1603,81.4739,-1,-1,187,7078,2253
stress-inventory,538,54.2805,-1,86.0242,-1.0000,-1.0000,-1.0000,-1.0000,-1.0000,-1.0000,-1.0000,-1.0000,-1.0000,-1,-1,-1,-1,-1,-1,-1,-1,-1,0,0,3280206810930,22.9682,3.2511,67.9131,-1,-1,187,7078,2253
stress-inventory,566,58.5013,-1,15.1660,-1.0000,-1.0000,-1.0000,-1.0000,-1.0000,-1.0000,-1.0000,-1.0000,-1.0000,-1,-1,-1,-1,-1,-1,-1,-1,-1,0,0,3280213541452,5.5309,4.1796,13.5128,-1,-1,187,7078,2253
stress-inventory,567,87.0869,-1,56.3594,-1.0000,-1.0000,-1.0000,-1.0000,-1.0000,-1.0000,-1.0000,-1.0000,-1.0000,-1,-1,-1,-1,-1,-1,-1,-1,-1,0,0,3280213731996,10.8017,3.4136,6.5206,-1,-1,187,7078,2253
stress-inventory,568,87.2207,-1,86.4602,-1.0000,-1.0000,-1.0000,-1.0000,-1.0000,-1.0000,-1.0000,-1.0000,-1.0000,-1,-1,-1,-1,-1,-1,-1,-1,-1,0,0,3280213905322,6.8304,3.4891,7.1056,-1,-1,187,7074,2249
stress-inventory,569,85.2952,-1,87.1752,-1.0000,-1.0000,-1.0000,-1.0000,-1.0000,-1.0000,-1.0000,-1.0000,-1.0000,-1,-1,-1,-1,-1,-1,-1,-1,-1,0,0,3280214044773,5.6946,5.1717,52.8134,-1,-1,187,7073,2248
stress-inventory,570,80.2881,-1,84.0210,-1.0000,-1.0000,-1.0000,-1.0000,-1.0000,-1.0000,-1.0000,-1.0000,-1.0000,-1,-1,-1,-1,-1,-1,-1,-1,-1,0,0,3280214630049,41.2521,3.7276,45.7789,-1,-1,187,7072,2247
stress-inventory,571,24.9044,-1,80.8223,-1.0000,-1.0000,-1.0000,-1.0000,-1.0000,-1.0000,-1.0000,-1.0000,-1.0000,-1,-1,-1,-1,-1,-1,-1,-1,-1,0,0,3280215500677,20.7580,3.3985,66.4623,-1,-1,187,7074,2249
stress-inventory,598,65.7769,-1,20.2491,-1.0000,-1.0000,-1.0000,-1.0000,-1.0000,-1.0000,-1.0000,-1.0000,-1.0000,-1,-1,-1,-1,-1,-1,-1,-1,-1,0,0,3280221615925,5.4085,3.4405,13.8599,-1,-1,187,7074,2249
stress-inventory,599,84.3960,-1,65.0732,-1.0000,-1.0000,-1.0000,-1.0000,-1.0000,-1.0000,-1.0000,-1.0000,-1.0000,-1,-1,-1,-1,-1,-1,-1,-1,-1,0,0,3280221808698,10.1854,3.4446,8.3354,-1,-1,187,7074,2249
active-factory-unload-return,1,37.9202,-1,9.2186,-1.0000,-1.0000,-1.0000,-1.0000,-1.0000,-1.0000,-1.0000,-1.0000,-1.0000,-1,-1,-1,-1,-1,-1,-1,-1,-1,0,0,3280254436990,9.1748,4.8584,6.8459,-1,-1,152,5741,1937
active-factory-unload-return,2,65.1065,-1,34.4924,-1.0000,-1.0000,-1.0000,-1.0000,-1.0000,-1.0000,-1.0000,-1.0000,-1.0000,-1,-1,-1,-1,-1,-1,-1,-1,-1,0,0,3280254597259,7.4920,3.6550,3.9606,-1,-1,154,5763,1956
active-factory-unload-return,3,64.4917,-1,63.2794,-1.0000,-1.0000,-1.0000,-1.0000,-1.0000,-1.0000,-1.0000,-1.0000,-1.0000,-1,-1,-1,-1,-1,-1,-1,-1,-1,0,0,3280254711907,15.5355,3.3583,0.0079,-1,-1,157,5823,2007
active-factory-unload-return,4,65.3710,-1,63.7727,-1.0000,-1.0000,-1.0000,-1.0000,-1.0000,-1.0000,-1.0000,-1.0000,-1.0000,-1,-1,-1,-1,-1,-1,-1,-1,-1,0,0,3280254867449,8.0356,3.3117,29.8866,-1,-1,162,5908,2075
active-factory-unload-return,5,62.2623,-1,63.6803,-1.0000,-1.0000,-1.0000,-1.0000,-1.0000,-1.0000,-1.0000,-1.0000,-1.0000,-1,-1,-1,-1,-1,-1,-1,-1,-1,0,0,3280255246738,12.6613,3.5374,52.4448,-1,-1,140,4714,1513
active-factory-unload-return,6,62.5024,-1,60.4488,-1.0000,-1.0000,-1.0000,-1.0000,-1.0000,-1.0000,-1.0000,-1.0000,-1.0000,-1,-1,-1,-1,-1,-1,-1,-1,-1,0,0,3280255898004,45.8511,3.0312,18.5910,-1,-1,132,4809,1588
active-factory-unload-return,7,60.2818,-1,61.8701,-1.0000,-1.0000,-1.0000,-1.0000,-1.0000,-1.0000,-1.0000,-1.0000,-1.0000,-1,-1,-1,-1,-1,-1,-1,-1,-1,0,0,3280256542695,17.0245,2.9058,48.3363,-1,-1,134,4913,1666
active-factory-unload-return,8,26.9917,-1,60.3924,-1.0000,-1.0000,-1.0000,-1.0000,-1.0000,-1.0000,-1.0000,-1.0000,-1.0000,-1,-1,-1,-1,-1,-1,-1,-1,-1,0,0,3280257196423,20.5495,2.9040,41.7149,-1,-1,133,4919,1669
active-factory-unload-return,38,24.5480,-1,5.7628,-1.0000,-1.0000,-1.0000,-1.0000,-1.0000,-1.0000,-1.0000,-1.0000,-1.0000,-1,-1,-1,-1,-1,-1,-1,-1,-1,0,0,3280262367276,12.5297,4.0551,0.0128,-1,-1,100,2865,797
active-factory-unload-return,41,24.7293,-1,-1.0000,-1.0000,-1.0000,-1.0000,-1.0000,-1.0000,-1.0000,-1.0000,-1.0000,-1.0000,-1,-1,-1,-1,-1,-1,-1,-1,-1,0,0,3280262730391,24.5177,3.2738,0.0121,-1,-1,101,2880,802
active-factory-unload-return,287,30.2838,-1,7.2970,-1.0000,-1.0000,-1.0000,-1.0000,-1.0000,-1.0000,-1.0000,-1.0000,-1.0000,-1,-1,-1,-1,-1,-1,-1,-1,-1,0,0,3280291451214,4.7173,1.8134,6.3819,-1,-1,64,2196,425
active-factory-unload-return,1038,45.6769,-1,14.0685,-1.0000,-1.0000,-1.0000,-1.0000,-1.0000,-1.0000,-1.0000,-1.0000,-1.0000,-1,-1,-1,-1,-1,-1,-1,-1,-1,0,0,3280375603357,3.2777,1.5097,7.8214,-1,-1,58,2049,466
active-factory-unload-return,1039,47.4765,-1,45.2951,-1.0000,-1.0000,-1.0000,-1.0000,-1.0000,-1.0000,-1.0000,-1.0000,-1.0000,-1,-1,-1,-1,-1,-1,-1,-1,-1,0,0,3280375714457,6.1314,1.6768,4.9692,-1,-1,58,2051,466
active-factory-unload-return,1040,48.9708,-1,47.5630,-1.0000,-1.0000,-1.0000,-1.0000,-1.0000,-1.0000,-1.0000,-1.0000,-1.0000,-1,-1,-1,-1,-1,-1,-1,-1,-1,0,0,3280375825562,3.3508,1.3119,9.3387,-1,-1,58,2044,453
active-factory-unload-return,1041,48.5082,-1,49.0698,-1.0000,-1.0000,-1.0000,-1.0000,-1.0000,-1.0000,-1.0000,-1.0000,-1.0000,-1,-1,-1,-1,-1,-1,-1,-1,-1,0,0,3280375952599,3.2423,4.0122,42.4330,-1,-1,58,2046,451
active-factory-unload-return,1042,47.6882,-1,47.3569,-1.0000,-1.0000,-1.0000,-1.0000,-1.0000,-1.0000,-1.0000,-1.0000,-1.0000,-1,-1,-1,-1,-1,-1,-1,-1,-1,0,0,3280376409560,20.4224,1.5003,27.0022,-1,-1,54,2048,447
active-factory-unload-return,1043,49.0106,-1,47.3170,-1.0000,-1.0000,-1.0000,-1.0000,-1.0000,-1.0000,-1.0000,-1.0000,-1.0000,-1,-1,-1,-1,-1,-1,-1,-1,-1,0,0,3280376884104,5.5435,1.6774,43.4121,-1,-1,54,2055,448
active-factory-unload-return,1044,48.3346,-1,48.2939,-1.0000,-1.0000,-1.0000,-1.0000,-1.0000,-1.0000,-1.0000,-1.0000,-1.0000,-1,-1,-1,-1,-1,-1,-1,-1,-1,0,0,3280377373802,5.3192,1.7271,43.1595,-1,-1,54,2060,447
active-factory-unload-return,1045,48.1434,-1,48.1853,-1.0000,-1.0000,-1.0000,-1.0000,-1.0000,-1.0000,-1.0000,-1.0000,-1.0000,-1,-1,-1,-1,-1,-1,-1,-1,-1,0,0,3280377858881,9.3314,2.5101,38.3462,-1,-1,54,2065,448
active-factory-unload-return,1084,49.3095,-1,18.6813,-1.0000,-1.0000,-1.0000,-1.0000,-1.0000,-1.0000,-1.0000,-1.0000,-1.0000,-1,-1,-1,-1,-1,-1,-1,-1,-1,0,0,3280383662018,4.1895,1.4224,5.6703,-1,-1,54,2101,445
active-factory-unload-return,1085,47.2845,-1,48.9093,-1.0000,-1.0000,-1.0000,-1.0000,-1.0000,-1.0000,-1.0000,-1.0000,-1.0000,-1,-1,-1,-1,-1,-1,-1,-1,-1,0,0,3280383760715,5.7350,1.1611,5.3934,-1,-1,54,2101,445
active-factory-unload-return,1086,46.7204,-1,47.0774,-1.0000,-1.0000,-1.0000,-1.0000,-1.0000,-1.0000,-1.0000,-1.0000,-1.0000,-1,-1,-1,-1,-1,-1,-1,-1,-1,0,0,3280383872101,3.0443,1.2912,16.5902,-1,-1,54,2101,445
active-factory-unload-return,1087,48.2043,-1,47.2458,-1.0000,-1.0000,-1.0000,-1.0000,-1.0000,-1.0000,-1.0000,-1.0000,-1.0000,-1,-1,-1,-1,-1,-1,-1,-1,-1,0,0,3280384068549,3.6689,1.3218,45.6329,-1,-1,54,2104,446
active-factory-unload-return,1088,48.5479,-1,47.2351,-1.0000,-1.0000,-1.0000,-1.0000,-1.0000,-1.0000,-1.0000,-1.0000,-1.0000,-1,-1,-1,-1,-1,-1,-1,-1,-1,0,0,3280384561667,4.7472,1.3982,42.5266,-1,-1,54,2104,446
active-factory-unload-return,1089,47.0418,-1,48.6646,-1.0000,-1.0000,-1.0000,-1.0000,-1.0000,-1.0000,-1.0000,-1.0000,-1.0000,-1,-1,-1,-1,-1,-1,-1,-1,-1,0,0,3280385034522,5.6041,1.3296,41.1038,-1,-1,54,2104,446
active-factory-unload-return,1090,46.6529,-1,45.8460,-1.0000,-1.0000,-1.0000,-1.0000,-1.0000,-1.0000,-1.0000,-1.0000,-1.0000,-1,-1,-1,-1,-1,-1,-1,-1,-1,0,0,3280385501713,8.5316,1.4384,39.6615,-1,-1,54,2104,446
active-factory-unload-return,1091,45.0326,-1,46.2702,-1.0000,-1.0000,-1.0000,-1.0000,-1.0000,-1.0000,-1.0000,-1.0000,-1.0000,-1,-1,-1,-1,-1,-1,-1,-1,-1,0,0,3280385983758,4.5829,1.4503,43.9541,-1,-1,54,2104,446
active-factory-unload-return,1092,35.6140,-1,45.9313,-1.0000,-1.0000,-1.0000,-1.0000,-1.0000,-1.0000,-1.0000,-1.0000,-1.0000,-1,-1,-1,-1,-1,-1,-1,-1,-1,0,0,3280386469257,5.4146,1.2491,41.5953,-1,-1,54,2104,446
active-factory-unload-return,1146,40.6071,-1,6.1911,-1.0000,-1.0000,-1.0000,-1.0000,-1.0000,-1.0000,-1.0000,-1.0000,-1.0000,-1,-1,-1,-1,-1,-1,-1,-1,-1,0,0,3280393857588,2.6721,1.5053,8.4283,-1,-1,58,2183,454
active-factory-unload-return,1147,48.6872,-1,43.3042,-1.0000,-1.0000,-1.0000,-1.0000,-1.0000,-1.0000,-1.0000,-1.0000,-1.0000,-1,-1,-1,-1,-1,-1,-1,-1,-1,0,0,3280393968770,4.0422,1.5659,7.0431,-1,-1,58,2183,454
active-factory-unload-return,1148,50.6543,-1,49.3481,-1.0000,-1.0000,-1.0000,-1.0000,-1.0000,-1.0000,-1.0000,-1.0000,-1.0000,-1,-1,-1,-1,-1,-1,-1,-1,-1,0,0,3280394079766,4.3623,1.2245,6.7381,-1,-1,58,2185,454
active-factory-unload-return,1149,49.5671,-1,49.1827,-1.0000,-1.0000,-1.0000,-1.0000,-1.0000,-1.0000,-1.0000,-1.0000,-1.0000,-1,-1,-1,-1,-1,-1,-1,-1,-1,0,0,3280394190899,5.5054,1.4208,35.0922,-1,-1,58,2187,454
active-factory-unload-return,1150,50.4361,-1,49.4065,-1.0000,-1.0000,-1.0000,-1.0000,-1.0000,-1.0000,-1.0000,-1.0000,-1.0000,-1,-1,-1,-1,-1,-1,-1,-1,-1,0,0,3280394596979,4.0117,1.4451,44.6648,-1,-1,58,2187,454
active-factory-unload-return,1151,50.5144,-1,50.0844,-1.0000,-1.0000,-1.0000,-1.0000,-1.0000,-1.0000,-1.0000,-1.0000,-1.0000,-1,-1,-1,-1,-1,-1,-1,-1,-1,0,0,3280395083852,6.1811,1.6660,44.4629,-1,-1,58,2187,454
active-factory-unload-return,1152,49.9533,-1,50.1658,-1.0000,-1.0000,-1.0000,-1.0000,-1.0000,-1.0000,-1.0000,-1.0000,-1.0000,-1,-1,-1,-1,-1,-1,-1,-1,-1,0,0,3280395590407,6.7793,1.9894,42.7753,-1,-1,58,2187,454
active-factory-unload-return,1153,48.2151,-1,50.1315,-1.0000,-1.0000,-1.0000,-1.0000,-1.0000,-1.0000,-1.0000,-1.0000,-1.0000,-1,-1,-1,-1,-1,-1,-1,-1,-1,0,0,3280396086097,6.2655,2.5058,44.1541,-1,-1,58,2187,454
active-factory-unload-return,1154,26.4782,-1,48.4526,-1.0000,-1.0000,-1.0000,-1.0000,-1.0000,-1.0000,-1.0000,-1.0000,-1.0000,-1,-1,-1,-1,-1,-1,-1,-1,-1,0,0,3280396590431,5.3497,1.7982,45.1672,-1,-1,58,2187,454
active-factory-unload-return,1210,23.9390,-1,7.0615,-1.0000,-1.0000,-1.0000,-1.0000,-1.0000,-1.0000,-1.0000,-1.0000,-1.0000,-1,-1,-1,-1,-1,-1,-1,-1,-1,0,0,3280404118700,4.2502,1.4486,6.8498,-1,-1,58,2213,455
active-factory-unload-return,1211,49.7954,-1,26.9722,-1.0000,-1.0000,-1.0000,-1.0000,-1.0000,-1.0000,-1.0000,-1.0000,-1.0000,-1,-1,-1,-1,-1,-1,-1,-1,-1,0,0,3280404229818,5.9212,1.4386,5.1747,-1,-1,58,2213,455
active-factory-unload-return,1212,50.5754,-1,49.9505,-1.0000,-1.0000,-1.0000,-1.0000,-1.0000,-1.0000,-1.0000,-1.0000,-1.0000,-1,-1,-1,-1,-1,-1,-1,-1,-1,0,0,3280404340892,3.3521,1.2751,7.7488,-1,-1,58,2213,455
active-factory-unload-return,1213,52.0173,-1,50.1916,-1.0000,-1.0000,-1.0000,-1.0000,-1.0000,-1.0000,-1.0000,-1.0000,-1.0000,-1,-1,-1,-1,-1,-1,-1,-1,-1,0,0,3280404452014,3.5374,1.1818,20.3941,-1,-1,58,2213,455
active-factory-unload-return,1214,51.7667,-1,51.5154,-1.0000,-1.0000,-1.0000,-1.0000,-1.0000,-1.0000,-1.0000,-1.0000,-1.0000,-1,-1,-1,-1,-1,-1,-1,-1,-1,0,0,3280404691442,6.1204,1.3409,43.6669,-1,-1,58,2213,455
active-factory-unload-return,1215,50.4448,-1,51.6966,-1.0000,-1.0000,-1.0000,-1.0000,-1.0000,-1.0000,-1.0000,-1.0000,-1.0000,-1,-1,-1,-1,-1,-1,-1,-1,-1,0,0,3280405189451,4.4908,1.5555,46.0675,-1,-1,58,2213,455
active-factory-unload-return,1216,51.0232,-1,49.9571,-1.0000,-1.0000,-1.0000,-1.0000,-1.0000,-1.0000,-1.0000,-1.0000,-1.0000,-1,-1,-1,-1,-1,-1,-1,-1,-1,0,0,3280405695163,7.3919,2.0505,44.6143,-1,-1,58,2213,455
active-factory-unload-return,1217,49.8967,-1,50.3160,-1.0000,-1.0000,-1.0000,-1.0000,-1.0000,-1.0000,-1.0000,-1.0000,-1.0000,-1,-1,-1,-1,-1,-1,-1,-1,-1,0,0,3280406215332,5.3949,1.1814,46.3610,-1,-1,58,2215,455
active-factory-unload-return,1218,37.7146,-1,50.0380,-1.0000,-1.0000,-1.0000,-1.0000,-1.0000,-1.0000,-1.0000,-1.0000,-1.0000,-1,-1,-1,-1,-1,-1,-1,-1,-1,0,0,3280406732998,4.5535,1.1392,45.8805,-1,-1,58,2215,455
active-factory-unload-return,1275,37.7642,-1,15.0228,-1.0000,-1.0000,-1.0000,-1.0000,-1.0000,-1.0000,-1.0000,-1.0000,-1.0000,-1,-1,-1,-1,-1,-1,-1,-1,-1,0,0,3280414535974,3.8138,2.0438,7.2821,-1,-1,58,2257,460
active-factory-unload-return,1276,48.9543,-1,36.0494,-1.0000,-1.0000,-1.0000,-1.0000,-1.0000,-1.0000,-1.0000,-1.0000,-1.0000,-1,-1,-1,-1,-1,-1,-1,-1,-1,0,0,3280414647052,3.9440,2.0237,7.1565,-1,-1,58,2257,460
active-factory-unload-return,1277,47.4888,-1,48.9201,-1.0000,-1.0000,-1.0000,-1.0000,-1.0000,-1.0000,-1.0000,-1.0000,-1.0000,-1,-1,-1,-1,-1,-1,-1,-1,-1,0,0,3280414758179,6.6585,1.9046,4.8171,-1,-1,58,2259,460
active-factory-unload-return,1278,49.3206,-1,47.1204,-1.0000,-1.0000,-1.0000,-1.0000,-1.0000,-1.0000,-1.0000,-1.0000,-1.0000,-1,-1,-1,-1,-1,-1,-1,-1,-1,0,0,3280414873052,3.1742,1.3985,34.5844,-1,-1,58,2259,460
active-factory-unload-return,1279,48.9522,-1,48.7444,-1.0000,-1.0000,-1.0000,-1.0000,-1.0000,-1.0000,-1.0000,-1.0000,-1.0000,-1,-1,-1,-1,-1,-1,-1,-1,-1,0,0,3280415250731,5.0815,1.7319,43.8637,-1,-1,58,2262,461
active-factory-unload-return,1280,48.1937,-1,49.0627,-1.0000,-1.0000,-1.0000,-1.0000,-1.0000,-1.0000,-1.0000,-1.0000,-1.0000,-1,-1,-1,-1,-1,-1,-1,-1,-1,0,0,3280415740302,5.9304,2.7697,41.5424,-1,-1,58,2265,461
active-factory-unload-return,1281,46.4953,-1,47.5300,-1.0000,-1.0000,-1.0000,-1.0000,-1.0000,-1.0000,-1.0000,-1.0000,-1.0000,-1,-1,-1,-1,-1,-1,-1,-1,-1,0,0,3280416215163,7.0824,3.2188,42.2421,-1,-1,58,2267,461
active-factory-unload-return,1282,47.9466,-1,47.6017,-1.0000,-1.0000,-1.0000,-1.0000,-1.0000,-1.0000,-1.0000,-1.0000,-1.0000,-1,-1,-1,-1,-1,-1,-1,-1,-1,0,0,3280416708615,27.7909,1.6233,21.1161,-1,-1,58,2267,461
active-factory-unload-return,1283,30.9330,-1,47.5031,-1.0000,-1.0000,-1.0000,-1.0000,-1.0000,-1.0000,-1.0000,-1.0000,-1.0000,-1,-1,-1,-1,-1,-1,-1,-1,-1,0,0,3280417197922,7.9653,2.1779,40.2122,-1,-1,58,2267,461
active-factory-unload-return,1341,47.2581,-1,18.0173,-1.0000,-1.0000,-1.0000,-1.0000,-1.0000,-1.0000,-1.0000,-1.0000,-1.0000,-1,-1,-1,-1,-1,-1,-1,-1,-1,0,0,3280424956975,3.4458,1.8791,7.6531,-1,-1,58,2317,467
active-factory-unload-return,1342,49.5129,-1,47.1260,-1.0000,-1.0000,-1.0000,-1.0000,-1.0000,-1.0000,-1.0000,-1.0000,-1.0000,-1,-1,-1,-1,-1,-1,-1,-1,-1,0,0,3280425068076,3.6955,1.8688,11.3036,-1,-1,58,2317,467
active-factory-unload-return,1343,47.7158,-1,48.7754,-1.0000,-1.0000,-1.0000,-1.0000,-1.0000,-1.0000,-1.0000,-1.0000,-1.0000,-1,-1,-1,-1,-1,-1,-1,-1,-1,0,0,3280425218187,5.1825,1.8841,13.6704,-1,-1,58,2320,468
active-factory-unload-return,1344,48.0256,-1,48.3735,-1.0000,-1.0000,-1.0000,-1.0000,-1.0000,-1.0000,-1.0000,-1.0000,-1.0000,-1,-1,-1,-1,-1,-1,-1,-1,-1,0,0,3280425406830,3.9668,1.9552,43.2788,-1,-1,58,2320,468
active-factory-unload-return,1345,45.8250,-1,46.7384,-1.0000,-1.0000,-1.0000,-1.0000,-1.0000,-1.0000,-1.0000,-1.0000,-1.0000,-1,-1,-1,-1,-1,-1,-1,-1,-1,0,0,3280425879399,5.9936,4.9785,43.5249,-1,-1,58,2320,468
active-factory-unload-return,1346,46.9147,-1,46.1806,-1.0000,-1.0000,-1.0000,-1.0000,-1.0000,-1.0000,-1.0000,-1.0000,-1.0000,-1,-1,-1,-1,-1,-1,-1,-1,-1,0,0,3280426374793,21.9523,1.5076,25.7062,-1,-1,58,2320,468
active-factory-unload-return,1347,46.3144,-1,46.1906,-1.0000,-1.0000,-1.0000,-1.0000,-1.0000,-1.0000,-1.0000,-1.0000,-1.0000,-1,-1,-1,-1,-1,-1,-1,-1,-1,0,0,3280426851695,4.1376,1.3473,43.8763,-1,-1,58,2320,468
active-factory-unload-return,1348,27.2661,-1,46.0913,-1.0000,-1.0000,-1.0000,-1.0000,-1.0000,-1.0000,-1.0000,-1.0000,-1.0000,-1,-1,-1,-1,-1,-1,-1,-1,-1,0,0,3280427331951,5.4287,1.5125,40.3849,-1,-1,58,2320,468
active-factory-unload-return,2063,51.7022,-1,16.0563,-1.0000,-1.0000,-1.0000,-1.0000,-1.0000,-1.0000,-1.0000,-1.0000,-1.0000,-1,-1,-1,-1,-1,-1,-1,-1,-1,0,0,3280508778389,5.7730,1.4310,5.3223,-1,-1,63,1955,420
active-factory-unload-return,2064,55.6940,-1,52.2015,-1.0000,-1.0000,-1.0000,-1.0000,-1.0000,-1.0000,-1.0000,-1.0000,-1.0000,-1,-1,-1,-1,-1,-1,-1,-1,-1,0,0,3280508889452,3.6797,1.3315,7.4263,-1,-1,63,1953,422
active-factory-unload-return,2065,55.5946,-1,54.9048,-1.0000,-1.0000,-1.0000,-1.0000,-1.0000,-1.0000,-1.0000,-1.0000,-1.0000,-1,-1,-1,-1,-1,-1,-1,-1,-1,0,0,3280509000624,3.9631,1.4216,9.1260,-1,-1,63,1948,421
active-factory-unload-return,2066,31.5942,-1,54.5203,-1.0000,-1.0000,-1.0000,-1.0000,-1.0000,-1.0000,-1.0000,-1.0000,-1.0000,-1,-1,-1,-1,-1,-1,-1,-1,-1,0,0,3280509131632,4.1852,1.7141,47.5060,-1,-1,63,1930,419
active-factory-unload-return,2103,55.3095,-1,22.8795,-1.0000,-1.0000,-1.0000,-1.0000,-1.0000,-1.0000,-1.0000,-1.0000,-1.0000,-1,-1,-1,-1,-1,-1,-1,-1,-1,0,0,3280514776142,13.2077,1.1348,0.0064,-1,-1,59,1852,407
active-factory-unload-return,2104,52.9359,-1,53.5258,-1.0000,-1.0000,-1.0000,-1.0000,-1.0000,-1.0000,-1.0000,-1.0000,-1.0000,-1,-1,-1,-1,-1,-1,-1,-1,-1,0,0,3280514908388,2.6877,1.5546,12.9553,-1,-1,59,1850,407
active-factory-unload-return,2105,51.7547,-1,53.0860,-1.0000,-1.0000,-1.0000,-1.0000,-1.0000,-1.0000,-1.0000,-1.0000,-1.0000,-1,-1,-1,-1,-1,-1,-1,-1,-1,0,0,3280515064873,6.2619,1.9341,15.8219,-1,-1,55,1842,403
active-factory-unload-return,2106,51.9745,-1,51.3413,-1.0000,-1.0000,-1.0000,-1.0000,-1.0000,-1.0000,-1.0000,-1.0000,-1.0000,-1,-1,-1,-1,-1,-1,-1,-1,-1,0,0,3280515285832,7.6184,1.5610,47.6823,-1,-1,55,1827,399
active-factory-unload-return,2107,50.6782,-1,50.9350,-1.0000,-1.0000,-1.0000,-1.0000,-1.0000,-1.0000,-1.0000,-1.0000,-1.0000,-1,-1,-1,-1,-1,-1,-1,-1,-1,0,0,3280515838950,5.5091,1.8677,47.4173,-1,-1,55,1814,395
active-factory-unload-return,2108,49.6946,-1,50.7187,-1.0000,-1.0000,-1.0000,-1.0000,-1.0000,-1.0000,-1.0000,-1.0000,-1.0000,-1,-1,-1,-1,-1,-1,-1,-1,-1,0,0,3280516368346,6.5627,1.4813,45.1756,-1,-1,55,1792,385
active-factory-unload-return,2109,51.4496,-1,50.1207,-1.0000,-1.0000,-1.0000,-1.0000,-1.0000,-1.0000,-1.0000,-1.0000,-1.0000,-1,-1,-1,-1,-1,-1,-1,-1,-1,0,0,3280516885877,4.7726,2.2181,47.2027,-1,-1,55,1786,384
active-factory-unload-return,2110,31.7041,-1,49.9820,-1.0000,-1.0000,-1.0000,-1.0000,-1.0000,-1.0000,-1.0000,-1.0000,-1.0000,-1,-1,-1,-1,-1,-1,-1,-1,-1,0,0,3280517405838,30.5706,1.7237,20.0591,-1,-1,55,1773,384
active-factory-unload-return,2148,47.9602,-1,21.1589,-1.0000,-1.0000,-1.0000,-1.0000,-1.0000,-1.0000,-1.0000,-1.0000,-1.0000,-1,-1,-1,-1,-1,-1,-1,-1,-1,0,0,3280523102804,3.6962,1.4743,7.4080,-1,-1,57,1770,383
active-factory-unload-return,2149,46.9221,-1,47.6142,-1.0000,-1.0000,-1.0000,-1.0000,-1.0000,-1.0000,-1.0000,-1.0000,-1.0000,-1,-1,-1,-1,-1,-1,-1,-1,-1,0,0,3280523213948,6.9068,1.4910,4.6411,-1,-1,57,1772,387
active-factory-unload-return,2150,46.7860,-1,46.9537,-1.0000,-1.0000,-1.0000,-1.0000,-1.0000,-1.0000,-1.0000,-1.0000,-1.0000,-1,-1,-1,-1,-1,-1,-1,-1,-1,0,0,3280523329534,2.6046,1.2515,19.5797,-1,-1,57,1758,387
active-factory-unload-return,2151,46.3089,-1,46.2682,-1.0000,-1.0000,-1.0000,-1.0000,-1.0000,-1.0000,-1.0000,-1.0000,-1.0000,-1,-1,-1,-1,-1,-1,-1,-1,-1,0,0,3280523551521,6.3477,1.0804,41.6350,-1,-1,57,1747,383
active-factory-unload-return,2152,46.9009,-1,46.8582,-1.0000,-1.0000,-1.0000,-1.0000,-1.0000,-1.0000,-1.0000,-1.0000,-1.0000,-1,-1,-1,-1,-1,-1,-1,-1,-1,0,0,3280524031557,5.6186,1.7082,41.2379,-1,-1,57,1738,376
active-factory-unload-return,2153,45.8322,-1,45.8714,-1.0000,-1.0000,-1.0000,-1.0000,-1.0000,-1.0000,-1.0000,-1.0000,-1.0000,-1,-1,-1,-1,-1,-1,-1,-1,-1,0,0,3280524500952,6.5420,1.3182,40.1606,-1,-1,56,1720,378
active-factory-unload-return,2154,44.6896,-1,45.0831,-1.0000,-1.0000,-1.0000,-1.0000,-1.0000,-1.0000,-1.0000,-1.0000,-1.0000,-1,-1,-1,-1,-1,-1,-1,-1,-1,0,0,3280524968129,6.6547,1.1674,39.6408,-1,-1,56,1710,378
active-factory-unload-return,2155,41.6805,-1,44.3658,-1.0000,-1.0000,-1.0000,-1.0000,-1.0000,-1.0000,-1.0000,-1.0000,-1.0000,-1,-1,-1,-1,-1,-1,-1,-1,-1,0,0,3280525431205,6.2010,1.9764,40.6875,-1,-1,57,1694,370
active-factory-unload-return,2156,41.1204,-1,-1.0000,-1.0000,-1.0000,-1.0000,-1.0000,-1.0000,-1.0000,-1.0000,-1.0000,-1.0000,-1,-1,-1,-1,-1,-1,-1,-1,-1,0,0,3280525900219,8.6037,1.8835,37.2158,-1,-1,57,1684,368
active-factory-unload-return,2157,27.8620,-1,32.6956,-1.0000,-1.0000,-1.0000,-1.0000,-1.0000,-1.0000,-1.0000,-1.0000,-1.0000,-1,-1,-1,-1,-1,-1,-1,-1,-1,0,0,3280526358541,5.0472,1.5213,39.6304,-1,-1,57,1681,370
active-factory-unload-return,2498,34.1191,-1,13.9814,-1.0000,-1.0000,-1.0000,-1.0000,-1.0000,-1.0000,-1.0000,-1.0000,-1.0000,-1,-1,-1,-1,-1,-1,-1,-1,-1,0,0,3280565983583,3.8771,1.1857,7.1719,-1,-1,60,1526,381
active-factory-unload-return,2499,45.8229,-1,33.9236,-1.0000,-1.0000,-1.0000,-1.0000,-1.0000,-1.0000,-1.0000,-1.0000,-1.0000,-1,-1,-1,-1,-1,-1,-1,-1,-1,0,0,3280566094235,3.9069,1.2502,7.1918,-1,-1,60,1526,382
active-factory-unload-return,2500,46.2650,-1,45.7249,-1.0000,-1.0000,-1.0000,-1.0000,-1.0000,-1.0000,-1.0000,-1.0000,-1.0000,-1,-1,-1,-1,-1,-1,-1,-1,-1,0,0,3280566205355,5.4169,1.3547,5.6794,-1,-1,60,1526,388
active-factory-unload-return,2501,45.7943,-1,45.8432,-1.0000,-1.0000,-1.0000,-1.0000,-1.0000,-1.0000,-1.0000,-1.0000,-1.0000,-1,-1,-1,-1,-1,-1,-1,-1,-1,0,0,3280566316436,3.8891,1.2179,30.2218,-1,-1,59,1515,388
active-factory-unload-return,2502,33.1939,-1,45.2805,-1.0000,-1.0000,-1.0000,-1.0000,-1.0000,-1.0000,-1.0000,-1.0000,-1.0000,-1,-1,-1,-1,-1,-1,-1,-1,-1,0,0,3280566657666,3.9216,1.3574,41.8950,-1,-1,59,1514,383
active-factory-unload-return,2780,22.4232,-1,-1.0000,-1.0000,-1.0000,-1.0000,-1.0000,-1.0000,-1.0000,-1.0000,-1.0000,-1.0000,-1,-1,-1,-1,-1,-1,-1,-1,-1,0,0,3280602871049,9.6395,4.9331,7.2466,-1,-1,161,6048,2131
active-factory-unload-return,3147,23.1175,-1,-1.0000,-1.0000,-1.0000,-1.0000,-1.0000,-1.0000,-1.0000,-1.0000,-1.0000,-1.0000,-1,-1,-1,-1,-1,-1,-1,-1,-1,0,0,3280655251554,11.8755,3.3409,1.9426,-1,-1,161,6562,2136
active-factory-unload-return,4039,59.1933,-1,13.5869,-1.0000,-1.0000,-1.0000,-1.0000,-1.0000,-1.0000,-1.0000,-1.0000,-1.0000,-1,-1,-1,-1,-1,-1,-1,-1,-1,0,0,3280784909992,6.5273,3.2680,8.2661,-1,-1,166,6944,2120
active-factory-unload-return,4040,83.2848,-1,55.3723,-1.0000,-1.0000,-1.0000,-1.0000,-1.0000,-1.0000,-1.0000,-1.0000,-1.0000,-1,-1,-1,-1,-1,-1,-1,-1,-1,0,0,3280785057987,5.0877,3.9181,9.1503,-1,-1,166,6944,2120
active-factory-unload-return,4041,74.4565,-1,82.7269,-1.0000,-1.0000,-1.0000,-1.0000,-1.0000,-1.0000,-1.0000,-1.0000,-1.0000,-1,-1,-1,-1,-1,-1,-1,-1,-1,0,0,3280785200486,13.1772,3.4110,0.6312,-1,-1,166,6944,2120
active-factory-unload-return,4070,58.1927,-1,18.2687,-1.0000,-1.0000,-1.0000,-1.0000,-1.0000,-1.0000,-1.0000,-1.0000,-1.0000,-1,-1,-1,-1,-1,-1,-1,-1,-1,0,0,3280791011004,6.1274,3.5778,11.7381,-1,-1,166,6944,2120
active-factory-unload-return,4071,81.8549,-1,58.2758,-1.0000,-1.0000,-1.0000,-1.0000,-1.0000,-1.0000,-1.0000,-1.0000,-1.0000,-1,-1,-1,-1,-1,-1,-1,-1,-1,0,0,3280791189781,9.0648,3.4671,10.2731,-1,-1,166,6944,2120
active-factory-unload-return,4072,81.9424,-1,81.3885,-1.0000,-1.0000,-1.0000,-1.0000,-1.0000,-1.0000,-1.0000,-1.0000,-1.0000,-1,-1,-1,-1,-1,-1,-1,-1,-1,0,0,3280791383274,6.2578,4.2029,11.9762,-1,-1,166,6944,2120
active-factory-unload-return,4073,80.7855,-1,81.4879,-1.0000,-1.0000,-1.0000,-1.0000,-1.0000,-1.0000,-1.0000,-1.0000,-1.0000,-1,-1,-1,-1,-1,-1,-1,-1,-1,0,0,3280791565697,5.0615,3.1669,53.1207,-1,-1,166,6944,2120
active-factory-unload-return,4074,82.5613,-1,81.4479,-1.0000,-1.0000,-1.0000,-1.0000,-1.0000,-1.0000,-1.0000,-1.0000,-1.0000,-1,-1,-1,-1,-1,-1,-1,-1,-1,0,0,3280792147620,12.1105,3.4982,69.7410,-1,-1,166,6944,2120
active-factory-unload-return,4075,33.4760,-1,81.3814,-1.0000,-1.0000,-1.0000,-1.0000,-1.0000,-1.0000,-1.0000,-1.0000,-1.0000,-1,-1,-1,-1,-1,-1,-1,-1,-1,0,0,3280792966271,13.6114,4.0500,68.3064,-1,-1,166,6943,2119
active-factory-unload-return,4105,72.1497,-1,17.8934,-1.0000,-1.0000,-1.0000,-1.0000,-1.0000,-1.0000,-1.0000,-1.0000,-1.0000,-1,-1,-1,-1,-1,-1,-1,-1,-1,0,0,3280799293363,8.1901,3.2957,11.0212,-1,-1,165,6945,2117
active-factory-unload-return,4106,80.9269,-1,71.3318,-1.0000,-1.0000,-1.0000,-1.0000,-1.0000,-1.0000,-1.0000,-1.0000,-1.0000,-1,-1,-1,-1,-1,-1,-1,-1,-1,0,0,3280799485585,6.2464,3.1665,10.8856,-1,-1,165,6945,2117
active-factory-unload-return,4107,81.8952,-1,81.4904,-1.0000,-1.0000,-1.0000,-1.0000,-1.0000,-1.0000,-1.0000,-1.0000,-1.0000,-1,-1,-1,-1,-1,-1,-1,-1,-1,0,0,3280799656990,5.1897,3.6641,12.9702,-1,-1,165,6946,2118
active-factory-unload-return,4108,80.4181,-1,81.2772,-1.0000,-1.0000,-1.0000,-1.0000,-1.0000,-1.0000,-1.0000,-1.0000,-1.0000,-1,-1,-1,-1,-1,-1,-1,-1,-1,0,0,3280799838691,9.6030,5.5444,62.5524,-1,-1,165,6946,2118
active-factory-unload-return,4109,82.2927,-1,81.2198,-1.0000,-1.0000,-1.0000,-1.0000,-1.0000,-1.0000,-1.0000,-1.0000,-1.0000,-1,-1,-1,-1,-1,-1,-1,-1,-1,0,0,3280800560470,35.6915,3.6691,45.1829,-1,-1,165,6946,2118
active-factory-unload-return,4137,52.6885,-1,17.9220,-1.0000,-1.0000,-1.0000,-1.0000,-1.0000,-1.0000,-1.0000,-1.0000,-1.0000,-1,-1,-1,-1,-1,-1,-1,-1,-1,0,0,3280807296547,11.1677,4.2680,7.1477,-1,-1,165,6946,2118
active-factory-unload-return,4138,80.9150,-1,52.2301,-1.0000,-1.0000,-1.0000,-1.0000,-1.0000,-1.0000,-1.0000,-1.0000,-1.0000,-1,-1,-1,-1,-1,-1,-1,-1,-1,0,0,3280807479836,11.6365,5.0926,6.8904,-1,-1,165,6946,2118
active-factory-unload-return,4139,82.6622,-1,81.5444,-1.0000,-1.0000,-1.0000,-1.0000,-1.0000,-1.0000,-1.0000,-1.0000,-1.0000,-1,-1,-1,-1,-1,-1,-1,-1,-1,0,0,3280807665243,5.8669,5.2315,11.6486,-1,-1,165,6942,2118
active-factory-unload-return,4140,81.7386,-1,81.1983,-1.0000,-1.0000,-1.0000,-1.0000,-1.0000,-1.0000,-1.0000,-1.0000,-1.0000,-1,-1,-1,-1,-1,-1,-1,-1,-1,0,0,3280807840520,12.0255,4.2364,40.6605,-1,-1,165,6945,2117
active-factory-unload-return,4141,81.9704,-1,81.8486,-1.0000,-1.0000,-1.0000,-1.0000,-1.0000,-1.0000,-1.0000,-1.0000,-1.0000,-1,-1,-1,-1,-1,-1,-1,-1,-1,0,0,3280808367506,14.7446,4.1778,66.1461,-1,-1,165,6945,2117
active-factory-unload-return,4142,61.3460,-1,81.1581,-1.0000,-1.0000,-1.0000,-1.0000,-1.0000,-1.0000,-1.0000,-1.0000,-1.0000,-1,-1,-1,-1,-1,-1,-1,-1,-1,0,0,3280809176559,14.8751,3.6254,67.7855,-1,-1,165,6946,2118
active-factory-unload-return,4143,27.9815,-1,-1.0000,-1.0000,-1.0000,-1.0000,-1.0000,-1.0000,-1.0000,-1.0000,-1.0000,-1.0000,-1,-1,-1,-1,-1,-1,-1,-1,-1,0,0,3280810003369,44.0984,3.8740,37.5965,-1,-1,165,6946,2118
active-factory-unload-return,4168,45.6219,-1,17.7971,-1.0000,-1.0000,-1.0000,-1.0000,-1.0000,-1.0000,-1.0000,-1.0000,-1.0000,-1,-1,-1,-1,-1,-1,-1,-1,-1,0,0,3280815554158,5.3649,3.6212,12.8400,-1,-1,165,6948,2120
active-factory-unload-return,4169,80.4795,-1,45.0519,-1.0000,-1.0000,-1.0000,-1.0000,-1.0000,-1.0000,-1.0000,-1.0000,-1.0000,-1,-1,-1,-1,-1,-1,-1,-1,-1,0,0,3280815736317,14.5424,3.7857,2.8507,-1,-1,165,6948,2120
active-factory-unload-return,4170,82.6559,-1,81.1620,-1.0000,-1.0000,-1.0000,-1.0000,-1.0000,-1.0000,-1.0000,-1.0000,-1.0000,-1,-1,-1,-1,-1,-1,-1,-1,-1,0,0,3280815910347,6.2547,3.2590,12.9931,-1,-1,165,6948,2120
active-factory-unload-return,4171,80.6566,-1,81.5288,-1.0000,-1.0000,-1.0000,-1.0000,-1.0000,-1.0000,-1.0000,-1.0000,-1.0000,-1,-1,-1,-1,-1,-1,-1,-1,-1,0,0,3280816102885,4.8790,3.6164,40.7327,-1,-1,165,6948,2120
active-factory-unload-return,4172,77.6467,-1,80.0776,-1.0000,-1.0000,-1.0000,-1.0000,-1.0000,-1.0000,-1.0000,-1.0000,-1.0000,-1,-1,-1,-1,-1,-1,-1,-1,-1,0,0,3280816559107,13.5742,3.6014,66.8941,-1,-1,165,6948,2120
active-factory-unload-return,4173,41.8677,-1,77.4497,-1.0000,-1.0000,-1.0000,-1.0000,-1.0000,-1.0000,-1.0000,-1.0000,-1.0000,-1,-1,-1,-1,-1,-1,-1,-1,-1,0,0,3280817363904,22.6779,3.4525,59.9655,-1,-1,165,6945,2119
active-factory-unload-return,4200,29.6140,-1,17.9717,-1.0000,-1.0000,-1.0000,-1.0000,-1.0000,-1.0000,-1.0000,-1.0000,-1.0000,-1,-1,-1,-1,-1,-1,-1,-1,-1,0,0,3280823603904,5.7310,4.1188,12.5824,-1,-1,165,6942,2118
active-factory-unload-return,4201,83.2716,-1,29.1059,-1.0000,-1.0000,-1.0000,-1.0000,-1.0000,-1.0000,-1.0000,-1.0000,-1.0000,-1,-1,-1,-1,-1,-1,-1,-1,-1,0,0,3280823787170,10.1247,4.0193,7.2166,-1,-1,165,6946,2118
active-factory-unload-return,4202,82.2240,-1,83.1268,-1.0000,-1.0000,-1.0000,-1.0000,-1.0000,-1.0000,-1.0000,-1.0000,-1.0000,-1,-1,-1,-1,-1,-1,-1,-1,-1,0,0,3280823960696,6.5987,3.6512,12.0440,-1,-1,165,6946,2118
active-factory-unload-return,4203,82.0975,-1,81.9205,-1.0000,-1.0000,-1.0000,-1.0000,-1.0000,-1.0000,-1.0000,-1.0000,-1.0000,-1,-1,-1,-1,-1,-1,-1,-1,-1,0,0,3280824147246,6.7005,3.5337,22.8996,-1,-1,165,6946,2118
active-factory-unload-return,4204,79.4059,-1,81.9405,-1.0000,-1.0000,-1.0000,-1.0000,-1.0000,-1.0000,-1.0000,-1.0000,-1.0000,-1,-1,-1,-1,-1,-1,-1,-1,-1,0,0,3280824443367,11.0553,3.9006,72.2052,-1,-1,165,6947,2119
active-factory-unload-return,4205,74.9704,-1,78.6591,-1.0000,-1.0000,-1.0000,-1.0000,-1.0000,-1.0000,-1.0000,-1.0000,-1.0000,-1,-1,-1,-1,-1,-1,-1,-1,-1,0,0,3280825276096,16.4637,4.0554,65.7479,-1,-1,165,6947,2119
active-factory-unload-return,4237,82.7944,-1,17.3773,-1.0000,-1.0000,-1.0000,-1.0000,-1.0000,-1.0000,-1.0000,-1.0000,-1.0000,-1,-1,-1,-1,-1,-1,-1,-1,-1,0,0,3280832113091,4.9354,4.6321,6.4132,-1,-1,165,6947,2119
active-factory-unload-return,4238,82.6790,-1,82.2021,-1.0000,-1.0000,-1.0000,-1.0000,-1.0000,-1.0000,-1.0000,-1.0000,-1.0000,-1,-1,-1,-1,-1,-1,-1,-1,-1,0,0,3280832226721,8.7236,3.9253,5.3083,-1,-1,165,6947,2119
active-factory-unload-return,4239,82.9982,-1,82.7953,-1.0000,-1.0000,-1.0000,-1.0000,-1.0000,-1.0000,-1.0000,-1.0000,-1.0000,-1,-1,-1,-1,-1,-1,-1,-1,-1,0,0,3280832367311,6.8395,3.2941,11.3395,-1,-1,165,6943,2119
active-factory-unload-return,4240,83.1822,-1,82.5626,-1.0000,-1.0000,-1.0000,-1.0000,-1.0000,-1.0000,-1.0000,-1.0000,-1.0000,-1,-1,-1,-1,-1,-1,-1,-1,-1,0,0,3280832549207,7.7643,3.5300,75.0199,-1,-1,165,6946,2118
active-factory-unload-return,4241,76.6479,-1,81.5780,-1.0000,-1.0000,-1.0000,-1.0000,-1.0000,-1.0000,-1.0000,-1.0000,-1.0000,-1,-1,-1,-1,-1,-1,-1,-1,-1,0,0,3280833377160,18.1065,3.3710,64.5620,-1,-1,165,6946,2118
active-factory-unload-return,4273,45.6406,-1,15.9941,-1.0000,-1.0000,-1.0000,-1.0000,-1.0000,-1.0000,-1.0000,-1.0000,-1.0000,-1,-1,-1,-1,-1,-1,-1,-1,-1,0,0,3280840310462,14.8236,3.2566,1.9420,-1,-1,165,6946,2118
active-factory-unload-return,4274,82.9345,-1,44.9720,-1.0000,-1.0000,-1.0000,-1.0000,-1.0000,-1.0000,-1.0000,-1.0000,-1.0000,-1,-1,-1,-1,-1,-1,-1,-1,-1,0,0,3280840478230,6.1533,3.5398,7.1138,-1,-1,165,6946,2118
active-factory-unload-return,4275,81.7645,-1,82.6691,-1.0000,-1.0000,-1.0000,-1.0000,-1.0000,-1.0000,-1.0000,-1.0000,-1.0000,-1,-1,-1,-1,-1,-1,-1,-1,-1,0,0,3280840610965,4.5813,3.3260,11.2200,-1,-1,165,6946,2118
active-factory-unload-return,4276,81.1653,-1,81.6020,-1.0000,-1.0000,-1.0000,-1.0000,-1.0000,-1.0000,-1.0000,-1.0000,-1.0000,-1,-1,-1,-1,-1,-1,-1,-1,-1,0,0,3280840769097,15.6279,3.2266,29.9990,-1,-1,165,6946,2118
active-factory-unload-return,4277,81.3755,-1,81.7175,-1.0000,-1.0000,-1.0000,-1.0000,-1.0000,-1.0000,-1.0000,-1.0000,-1.0000,-1,-1,-1,-1,-1,-1,-1,-1,-1,0,0,3280841225497,14.6818,3.3315,68.2468,-1,-1,165,6946,2118
active-factory-unload-return,4278,45.8976,-1,80.3942,-1.0000,-1.0000,-1.0000,-1.0000,-1.0000,-1.0000,-1.0000,-1.0000,-1.0000,-1,-1,-1,-1,-1,-1,-1,-1,-1,0,0,3280842054938,22.7171,4.0159,59.0216,-1,-1,165,6942,2118
active-factory-unload-return,4308,25.9599,-1,19.6987,-1.0000,-1.0000,-1.0000,-1.0000,-1.0000,-1.0000,-1.0000,-1.0000,-1.0000,-1,-1,-1,-1,-1,-1,-1,-1,-1,0,0,3280848338913,6.5161,4.0798,11.3394,-1,-1,165,6935,2110
active-factory-unload-return,4319,37.1267,-1,14.0250,-1.0000,-1.0000,-1.0000,-1.0000,-1.0000,-1.0000,-1.0000,-1.0000,-1.0000,-1,-1,-1,-1,-1,-1,-1,-1,-1,0,0,3280850302884,8.4283,3.7686,5.8947,-1,-1,165,6935,2110
active-factory-unload-return,4320,82.5288,-1,37.1694,-1.0000,-1.0000,-1.0000,-1.0000,-1.0000,-1.0000,-1.0000,-1.0000,-1.0000,-1,-1,-1,-1,-1,-1,-1,-1,-1,0,0,3280850446232,7.0078,4.0470,7.1445,-1,-1,165,6936,2111
active-factory-unload-return,4321,81.6354,-1,81.7068,-1.0000,-1.0000,-1.0000,-1.0000,-1.0000,-1.0000,-1.0000,-1.0000,-1.0000,-1,-1,-1,-1,-1,-1,-1,-1,-1,0,0,3280850587865,5.2529,3.4131,8.8071,-1,-1,165,6936,2111
active-factory-unload-return,4322,82.7197,-1,82.0306,-1.0000,-1.0000,-1.0000,-1.0000,-1.0000,-1.0000,-1.0000,-1.0000,-1.0000,-1,-1,-1,-1,-1,-1,-1,-1,-1,0,0,3280850728589,10.6887,3.4543,26.4257,-1,-1,165,6936,2111
active-factory-unload-return,4323,80.9219,-1,81.5657,-1.0000,-1.0000,-1.0000,-1.0000,-1.0000,-1.0000,-1.0000,-1.0000,-1.0000,-1,-1,-1,-1,-1,-1,-1,-1,-1,0,0,3280851099854,6.4949,5.3021,76.0267,-1,-1,165,6936,2111
active-factory-unload-return,4324,74.3422,-1,81.3468,-1.0000,-1.0000,-1.0000,-1.0000,-1.0000,-1.0000,-1.0000,-1.0000,-1.0000,-1,-1,-1,-1,-1,-1,-1,-1,-1,0,0,3280851925171,13.8299,3.2265,67.7905,-1,-1,165,6936,2111
stress-full-output,50,35.5774,-1,18.1051,-1.0000,-1.0000,-1.0000,-1.0000,-1.0000,-1.0000,-1.0000,-1.0000,-1.0000,-1,-1,-1,-1,-1,-1,-1,-1,-1,0,0,3280883190375,11.0356,4.2259,2.2072,-1,-1,169,6932,2107
stress-full-output,51,81.6182,-1,35.0879,-1.0000,-1.0000,-1.0000,-1.0000,-1.0000,-1.0000,-1.0000,-1.0000,-1.0000,-1,-1,-1,-1,-1,-1,-1,-1,-1,0,0,3280883322909,4.9161,3.3472,9.6825,-1,-1,169,6932,2107
stress-full-output,52,82.6325,-1,81.3588,-1.0000,-1.0000,-1.0000,-1.0000,-1.0000,-1.0000,-1.0000,-1.0000,-1.0000,-1,-1,-1,-1,-1,-1,-1,-1,-1,0,0,3280883468957,6.2665,3.8437,12.1495,-1,-1,169,6932,2107
stress-full-output,53,29.0642,-1,81.7869,-1.0000,-1.0000,-1.0000,-1.0000,-1.0000,-1.0000,-1.0000,-1.0000,-1.0000,-1,-1,-1,-1,-1,-1,-1,-1,-1,0,0,3280883653235,5.2070,3.6267,30.3580,-1,-1,169,6932,2107
stress-full-output,83,26.9863,-1,18.5016,-1.0000,-1.0000,-1.0000,-1.0000,-1.0000,-1.0000,-1.0000,-1.0000,-1.0000,-1,-1,-1,-1,-1,-1,-1,-1,-1,0,0,3280889292812,8.1241,3.3622,9.4478,-1,-1,169,6933,2108
stress-full-output,84,38.2511,-1,26.7633,-1.0000,-1.0000,-1.0000,-1.0000,-1.0000,-1.0000,-1.0000,-1.0000,-1.0000,-1,-1,-1,-1,-1,-1,-1,-1,-1,0,0,3280889468629,6.1547,3.3805,12.0461,-1,-1,169,6933,2108
stress-full-output,85,27.7581,-1,37.8634,-1.0000,-1.0000,-1.0000,-1.0000,-1.0000,-1.0000,-1.0000,-1.0000,-1.0000,-1,-1,-1,-1,-1,-1,-1,-1,-1,0,0,3280889650751,4.8395,3.2670,13.6108,-1,-1,169,6933,2108
stress-full-output,86,25.5279,-1,27.9470,-1.0000,-1.0000,-1.0000,-1.0000,-1.0000,-1.0000,-1.0000,-1.0000,-1.0000,-1,-1,-1,-1,-1,-1,-1,-1,-1,0,0,3280889835370,9.8056,3.3679,17.1761,-1,-1,169,6933,2108
stress-full-output,201,31.0906,-1,13.4792,-1.0000,-1.0000,-1.0000,-1.0000,-1.0000,-1.0000,-1.0000,-1.0000,-1.0000,-1,-1,-1,-1,-1,-1,-1,-1,-1,0,0,3280907783791,10.4968,3.5397,2.9050,-1,-1,169,6933,2108
stress-full-output,202,70.9603,-1,29.3970,-1.0000,-1.0000,-1.0000,-1.0000,-1.0000,-1.0000,-1.0000,-1.0000,-1.0000,-1,-1,-1,-1,-1,-1,-1,-1,-1,0,0,3280907917897,5.8210,3.6672,8.2059,-1,-1,169,6933,2108
stress-full-output,203,82.5501,-1,71.1941,-1.0000,-1.0000,-1.0000,-1.0000,-1.0000,-1.0000,-1.0000,-1.0000,-1.0000,-1,-1,-1,-1,-1,-1,-1,-1,-1,0,0,3280908058216,6.7680,3.5005,6.8571,-1,-1,169,6933,2108
stress-full-output,204,37.4815,-1,82.3685,-1.0000,-1.0000,-1.0000,-1.0000,-1.0000,-1.0000,-1.0000,-1.0000,-1.0000,-1,-1,-1,-1,-1,-1,-1,-1,-1,0,0,3280908194565,10.3525,6.1238,20.7468,-1,-1,169,6933,2108
stress-full-output,205,26.4135,-1,-1.0000,-1.0000,-1.0000,-1.0000,-1.0000,-1.0000,-1.0000,-1.0000,-1.0000,-1.0000,-1,-1,-1,-1,-1,-1,-1,-1,-1,0,0,3280908505782,18.3232,3.7712,52.5765,-1,-1,169,6933,2108
stress-full-output,233,26.8175,-1,18.7899,-1.0000,-1.0000,-1.0000,-1.0000,-1.0000,-1.0000,-1.0000,-1.0000,-1.0000,-1,-1,-1,-1,-1,-1,-1,-1,-1,0,0,3280913812381,8.8307,3.9173,8.5517,-1,-1,169,6933,2108
stress-full-output,234,26.5072,-1,26.8877,-1.0000,-1.0000,-1.0000,-1.0000,-1.0000,-1.0000,-1.0000,-1.0000,-1.0000,-1,-1,-1,-1,-1,-1,-1,-1,-1,0,0,3280913986320,6.2137,3.5906,12.0605,-1,-1,169,6933,2108
stress-power-shortage,122,36.4296,-1,20.2097,-1.0000,-1.0000,-1.0000,-1.0000,-1.0000,-1.0000,-1.0000,-1.0000,-1.0000,-1,-1,-1,-1,-1,-1,-1,-1,-1,0,0,3280998057999,5.0148,3.3358,6.6322,-1,-1,141,6891,2085
stress-power-shortage,123,68.7670,-1,36.5448,-1.0000,-1.0000,-1.0000,-1.0000,-1.0000,-1.0000,-1.0000,-1.0000,-1.0000,-1,-1,-1,-1,-1,-1,-1,-1,-1,0,0,3280998174568,5.1827,3.4668,6.6760,-1,-1,141,6891,2085
stress-power-shortage,124,68.6992,-1,68.1779,-1.0000,-1.0000,-1.0000,-1.0000,-1.0000,-1.0000,-1.0000,-1.0000,-1.0000,-1,-1,-1,-1,-1,-1,-1,-1,-1,0,0,3280998293253,10.7827,3.2884,9.7846,-1,-1,141,6891,2085
stress-power-shortage,125,66.5863,-1,67.8467,-1.0000,-1.0000,-1.0000,-1.0000,-1.0000,-1.0000,-1.0000,-1.0000,-1.0000,-1,-1,-1,-1,-1,-1,-1,-1,-1,0,0,3280998499038,7.6613,3.3404,28.7565,-1,-1,141,6891,2085
stress-power-shortage,126,66.9903,-1,66.9284,-1.0000,-1.0000,-1.0000,-1.0000,-1.0000,-1.0000,-1.0000,-1.0000,-1.0000,-1,-1,-1,-1,-1,-1,-1,-1,-1,0,0,3280998863331,9.7598,4.0347,58.9968,-1,-1,141,6891,2085
stress-power-shortage,127,67.9511,-1,66.9832,-1.0000,-1.0000,-1.0000,-1.0000,-1.0000,-1.0000,-1.0000,-1.0000,-1.0000,-1,-1,-1,-1,-1,-1,-1,-1,-1,0,0,3280999551014,9.8247,3.2431,58.8623,-1,-1,141,6891,2085
stress-power-shortage,128,24.6107,-1,66.7587,-1.0000,-1.0000,-1.0000,-1.0000,-1.0000,-1.0000,-1.0000,-1.0000,-1.0000,-1,-1,-1,-1,-1,-1,-1,-1,-1,0,0,3281000238008,12.3098,3.4317,54.2812,-1,-1,141,6891,2085
stress-power-shortage,164,35.4485,-1,15.3846,-1.0000,-1.0000,-1.0000,-1.0000,-1.0000,-1.0000,-1.0000,-1.0000,-1.0000,-1,-1,-1,-1,-1,-1,-1,-1,-1,0,0,3281006217161,8.3850,3.8411,5.8777,-1,-1,141,6893,2087
stress-power-shortage,165,30.2684,-1,35.7581,-1.0000,-1.0000,-1.0000,-1.0000,-1.0000,-1.0000,-1.0000,-1.0000,-1.0000,-1,-1,-1,-1,-1,-1,-1,-1,-1,0,0,3281006359902,6.3149,3.1379,9.3056,-1,-1,141,6893,2087
stress-power-shortage,166,24.2091,-1,28.9649,-1.0000,-1.0000,-1.0000,-1.0000,-1.0000,-1.0000,-1.0000,-1.0000,-1.0000,-1,-1,-1,-1,-1,-1,-1,-1,-1,0,0,3281006516197,4.5926,3.3337,10.4744,-1,-1,141,6893,2087
stress-power-shortage,268,48.3614,-1,10.5042,-1.0000,-1.0000,-1.0000,-1.0000,-1.0000,-1.0000,-1.0000,-1.0000,-1.0000,-1,-1,-1,-1,-1,-1,-1,-1,-1,0,0,3281020408311,6.4549,3.1324,8.2181,-1,-1,141,6890,2084
stress-power-shortage,269,68.6037,-1,47.0036,-1.0000,-1.0000,-1.0000,-1.0000,-1.0000,-1.0000,-1.0000,-1.0000,-1.0000,-1,-1,-1,-1,-1,-1,-1,-1,-1,0,0,3281020555104,4.9734,3.4518,5.3911,-1,-1,141,6890,2084
stress-power-shortage,270,67.5186,-1,68.0507,-1.0000,-1.0000,-1.0000,-1.0000,-1.0000,-1.0000,-1.0000,-1.0000,-1.0000,-1,-1,-1,-1,-1,-1,-1,-1,-1,0,0,3281020658847,4.8885,3.2000,5.2254,-1,-1,141,6890,2084
stress-power-shortage,271,68.6908,-1,68.0550,-1.0000,-1.0000,-1.0000,-1.0000,-1.0000,-1.0000,-1.0000,-1.0000,-1.0000,-1,-1,-1,-1,-1,-1,-1,-1,-1,0,0,3281020760098,13.9110,3.1018,34.4404,-1,-1,141,6890,2084
stress-power-shortage,272,66.3232,-1,67.8774,-1.0000,-1.0000,-1.0000,-1.0000,-1.0000,-1.0000,-1.0000,-1.0000,-1.0000,-1,-1,-1,-1,-1,-1,-1,-1,-1,0,0,3281021243726,13.1687,4.3477,55.4383,-1,-1,141,6890,2084
stress-power-shortage,273,67.9870,-1,67.0292,-1.0000,-1.0000,-1.0000,-1.0000,-1.0000,-1.0000,-1.0000,-1.0000,-1.0000,-1,-1,-1,-1,-1,-1,-1,-1,-1,0,0,3281021929992,39.2861,3.1602,28.1838,-1,-1,141,6890,2084
stress-power-shortage,274,46.8757,-1,66.9038,-1.0000,-1.0000,-1.0000,-1.0000,-1.0000,-1.0000,-1.0000,-1.0000,-1.0000,-1,-1,-1,-1,-1,-1,-1,-1,-1,0,0,3281022604987,14.7780,3.8960,53.8983,-1,-1,141,6890,2084
streaming,72,48.9924,-1,14.7023,-1.0000,-1.0000,-1.0000,-1.0000,-1.0000,-1.0000,-1.0000,-1.0000,-1.0000,-1,-1,-1,-1,-1,-1,-1,-1,-1,0,0,3281092206219,12.0004,3.6207,0.0081,-1,-1,142,6938,2211
streaming,73,64.7366,-1,47.8874,-1.0000,-1.0000,-1.0000,-1.0000,-1.0000,-1.0000,-1.0000,-1.0000,-1.0000,-1,-1,-1,-1,-1,-1,-1,-1,-1,0,0,3281092326422,8.3071,4.3717,6.0684,-1,-1,142,6937,2210
streaming,74,66.4717,-1,64.6648,-1.0000,-1.0000,-1.0000,-1.0000,-1.0000,-1.0000,-1.0000,-1.0000,-1.0000,-1,-1,-1,-1,-1,-1,-1,-1,-1,0,0,3281092470239,7.6463,4.1506,7.1838,-1,-1,142,6930,2204
streaming,75,50.3268,-1,-1.0000,-1.0000,-1.0000,-1.0000,-1.0000,-1.0000,-1.0000,-1.0000,-1.0000,-1.0000,-1,-1,-1,-1,-1,-1,-1,-1,-1,0,0,3281092618652,7.2020,12.7520,41.7973,-1,-1,142,6911,2195
streaming,104,31.3852,-1,13.9807,-1.0000,-1.0000,-1.0000,-1.0000,-1.0000,-1.0000,-1.0000,-1.0000,-1.0000,-1,-1,-1,-1,-1,-1,-1,-1,-1,0,0,3281098193294,14.9989,3.8087,1.0340,-1,-1,138,6746,2115
streaming,105,63.2187,-1,30.0134,-1.0000,-1.0000,-1.0000,-1.0000,-1.0000,-1.0000,-1.0000,-1.0000,-1.0000,-1,-1,-1,-1,-1,-1,-1,-1,-1,0,0,3281098353792,10.7414,3.6685,6.3382,-1,-1,138,6751,2120
streaming,106,63.6961,-1,62.4556,-1.0000,-1.0000,-1.0000,-1.0000,-1.0000,-1.0000,-1.0000,-1.0000,-1.0000,-1,-1,-1,-1,-1,-1,-1,-1,-1,0,0,3281098524648,7.1192,3.3438,7.1540,-1,-1,139,6745,2111
streaming,107,63.1666,-1,62.3762,-1.0000,-1.0000,-1.0000,-1.0000,-1.0000,-1.0000,-1.0000,-1.0000,-1.0000,-1,-1,-1,-1,-1,-1,-1,-1,-1,0,0,3281098667485,7.0470,3.7201,24.3286,-1,-1,137,6717,2098
streaming,108,63.2624,-1,62.4271,-1.0000,-1.0000,-1.0000,-1.0000,-1.0000,-1.0000,-1.0000,-1.0000,-1.0000,-1,-1,-1,-1,-1,-1,-1,-1,-1,0,0,3281098981347,12.2389,3.6529,50.9680,-1,-1,137,6725,2100
streaming,109,62.7737,-1,62.0941,-1.0000,-1.0000,-1.0000,-1.0000,-1.0000,-1.0000,-1.0000,-1.0000,-1.0000,-1,-1,-1,-1,-1,-1,-1,-1,-1,0,0,3281099613535,12.9208,4.5612,50.7788,-1,-1,137,6706,2088
streaming,110,63.2440,-1,61.9438,-1.0000,-1.0000,-1.0000,-1.0000,-1.0000,-1.0000,-1.0000,-1.0000,-1.0000,-1,-1,-1,-1,-1,-1,-1,-1,-1,0,0,3281100250740,44.3965,3.9510,18.7161,-1,-1,137,6709,2080
streaming,111,27.1123,-1,62.4438,-1.0000,-1.0000,-1.0000,-1.0000,-1.0000,-1.0000,-1.0000,-1.0000,-1.0000,-1,-1,-1,-1,-1,-1,-1,-1,-1,0,0,3281100882157,16.1594,4.3966,47.0914,-1,-1,135,6719,2078
streaming,141,74.0766,-1,13.7823,-1.0000,-1.0000,-1.0000,-1.0000,-1.0000,-1.0000,-1.0000,-1.0000,-1.0000,-1,-1,-1,-1,-1,-1,-1,-1,-1,0,0,3281106472392,7.8048,3.4507,10.8805,-1,-1,138,6613,2012
streaming,142,66.4254,-1,68.8463,-1.0000,-1.0000,-1.0000,-1.0000,-1.0000,-1.0000,-1.0000,-1.0000,-1.0000,-1,-1,-1,-1,-1,-1,-1,-1,-1,0,0,3281106659315,5.8981,3.6764,8.4386,-1,-1,138,6611,2010
streaming,143,65.6597,-1,65.0854,-1.0000,-1.0000,-1.0000,-1.0000,-1.0000,-1.0000,-1.0000,-1.0000,-1.0000,-1,-1,-1,-1,-1,-1,-1,-1,-1,0,0,3281106802794,14.8404,3.3868,0.0281,-1,-1,138,6607,2004
streaming,144,66.8104,-1,65.2326,-1.0000,-1.0000,-1.0000,-1.0000,-1.0000,-1.0000,-1.0000,-1.0000,-1.0000,-1,-1,-1,-1,-1,-1,-1,-1,-1,0,0,3281106951805,7.0504,3.2462,67.0039,-1,-1,138,6522,1971
streaming,145,66.2279,-1,65.5107,-1.0000,-1.0000,-1.0000,-1.0000,-1.0000,-1.0000,-1.0000,-1.0000,-1.0000,-1,-1,-1,-1,-1,-1,-1,-1,-1,0,0,3281107692428,29.7881,3.2903,36.6183,-1,-1,137,6522,1968
streaming,146,65.7342,-1,65.4029,-1.0000,-1.0000,-1.0000,-1.0000,-1.0000,-1.0000,-1.0000,-1.0000,-1.0000,-1,-1,-1,-1,-1,-1,-1,-1,-1,0,0,3281108356637,18.9689,3.6894,46.6799,-1,-1,135,6522,1963
streaming,178,69.6843,-1,20.0120,-1.0000,-1.0000,-1.0000,-1.0000,-1.0000,-1.0000,-1.0000,-1.0000,-1.0000,-1,-1,-1,-1,-1,-1,-1,-1,-1,0,0,3281114790663,10.7042,4.0737,3.7352,-1,-1,124,6164,1774
streaming,179,67.0678,-1,67.9291,-1.0000,-1.0000,-1.0000,-1.0000,-1.0000,-1.0000,-1.0000,-1.0000,-1.0000,-1,-1,-1,-1,-1,-1,-1,-1,-1,0,0,3281114935179,7.6672,4.0099,8.2904,-1,-1,124,6157,1770
streaming,180,68.9212,-1,66.2182,-1.0000,-1.0000,-1.0000,-1.0000,-1.0000,-1.0000,-1.0000,-1.0000,-1.0000,-1,-1,-1,-1,-1,-1,-1,-1,-1,0,0,3281115094857,6.3006,3.0495,14.2378,-1,-1,122,6149,1764
streaming,181,67.7527,-1,67.6291,-1.0000,-1.0000,-1.0000,-1.0000,-1.0000,-1.0000,-1.0000,-1.0000,-1.0000,-1,-1,-1,-1,-1,-1,-1,-1,-1,0,0,3281115300367,10.9540,3.0760,58.7169,-1,-1,123,5910,1682
streaming,182,66.9287,-1,66.1258,-1.0000,-1.0000,-1.0000,-1.0000,-1.0000,-1.0000,-1.0000,-1.0000,-1.0000,-1,-1,-1,-1,-1,-1,-1,-1,-1,0,0,3281115997215,15.9587,2.8444,51.1039,-1,-1,123,5890,1666
streaming,183,58.6834,-1,65.8985,-1.0000,-1.0000,-1.0000,-1.0000,-1.0000,-1.0000,-1.0000,-1.0000,-1.0000,-1,-1,-1,-1,-1,-1,-1,-1,-1,0,0,3281116668024,25.1134,3.4675,43.7708,-1,-1,118,5671,1652
streaming,184,28.9948,-1,58.2129,-1.0000,-1.0000,-1.0000,-1.0000,-1.0000,-1.0000,-1.0000,-1.0000,-1.0000,-1,-1,-1,-1,-1,-1,-1,-1,-1,0,0,3281117357095,14.3746,3.2208,53.3660,-1,-1,121,5670,1648
streaming,212,25.9577,-1,17.1300,-1.0000,-1.0000,-1.0000,-1.0000,-1.0000,-1.0000,-1.0000,-1.0000,-1.0000,-1,-1,-1,-1,-1,-1,-1,-1,-1,0,0,3281122943113,10.1295,5.5721,4.8325,-1,-1,115,5078,1443
streaming,225,43.3458,-1,8.7176,-1.0000,-1.0000,-1.0000,-1.0000,-1.0000,-1.0000,-1.0000,-1.0000,-1.0000,-1,-1,-1,-1,-1,-1,-1,-1,-1,0,0,3281124858736,7.9568,4.0461,4.4484,-1,-1,118,4852,1377
streaming,226,64.9128,-1,44.0975,-1.0000,-1.0000,-1.0000,-1.0000,-1.0000,-1.0000,-1.0000,-1.0000,-1.0000,-1,-1,-1,-1,-1,-1,-1,-1,-1,0,0,3281124982847,7.9875,3.4288,1.8235,-1,-1,118,4851,1377
streaming,227,63.7399,-1,63.2005,-1.0000,-1.0000,-1.0000,-1.0000,-1.0000,-1.0000,-1.0000,-1.0000,-1.0000,-1,-1,-1,-1,-1,-1,-1,-1,-1,0,0,3281125081109,6.0581,2.8562,5.5208,-1,-1,118,4852,1378
streaming,228,63.0465,-1,62.4911,-1.0000,-1.0000,-1.0000,-1.0000,-1.0000,-1.0000,-1.0000,-1.0000,-1.0000,-1,-1,-1,-1,-1,-1,-1,-1,-1,0,0,3281125196966,11.6393,2.5380,31.6977,-1,-1,115,4859,1381
streaming,229,63.2644,-1,62.0396,-1.0000,-1.0000,-1.0000,-1.0000,-1.0000,-1.0000,-1.0000,-1.0000,-1.0000,-1,-1,-1,-1,-1,-1,-1,-1,-1,0,0,3281125630453,8.1472,3.1292,56.7554,-1,-1,116,4860,1385
streaming,230,62.8843,-1,62.1414,-1.0000,-1.0000,-1.0000,-1.0000,-1.0000,-1.0000,-1.0000,-1.0000,-1.0000,-1,-1,-1,-1,-1,-1,-1,-1,-1,0,0,3281126279605,16.3180,2.9854,47.4067,-1,-1,111,4605,1309
streaming,231,63.4422,-1,61.8629,-1.0000,-1.0000,-1.0000,-1.0000,-1.0000,-1.0000,-1.0000,-1.0000,-1.0000,-1,-1,-1,-1,-1,-1,-1,-1,-1,0,0,3281126916985,10.1252,2.8255,52.9122,-1,-1,112,4608,1314
streaming,232,28.7553,-1,-1.0000,-1.0000,-1.0000,-1.0000,-1.0000,-1.0000,-1.0000,-1.0000,-1.0000,-1.0000,-1,-1,-1,-1,-1,-1,-1,-1,-1,0,0,3281127547499,14.6206,2.9821,48.6268,-1,-1,112,4613,1315
streaming,279,41.7056,-1,-1.0000,-1.0000,-1.0000,-1.0000,-1.0000,-1.0000,-1.0000,-1.0000,-1.0000,-1.0000,-1,-1,-1,-1,-1,-1,-1,-1,-1,0,0,3281135205877,15.8395,4.8998,0.0098,-1,-1,98,3850,1068
streaming,445,25.2993,-1,20.6451,-1.0000,-1.0000,-1.0000,-1.0000,-1.0000,-1.0000,-1.0000,-1.0000,-1.0000,-1,-1,-1,-1,-1,-1,-1,-1,-1,0,0,3281155721070,10.5066,1.6587,0.5896,-1,-1,79,2404,532
streaming,446,58.9914,-1,24.9380,-1.0000,-1.0000,-1.0000,-1.0000,-1.0000,-1.0000,-1.0000,-1.0000,-1.0000,-1,-1,-1,-1,-1,-1,-1,-1,-1,0,0,3281155832143,8.0775,1.5833,9.5810,-1,-1,79,2408,534
streaming,447,61.9255,-1,58.1120,-1.0000,-1.0000,-1.0000,-1.0000,-1.0000,-1.0000,-1.0000,-1.0000,-1.0000,-1,-1,-1,-1,-1,-1,-1,-1,-1,0,0,3281156008784,3.4892,2.2615,18.2134,-1,-1,79,2407,533
streaming,448,62.3901,-1,60.9892,-1.0000,-1.0000,-1.0000,-1.0000,-1.0000,-1.0000,-1.0000,-1.0000,-1.0000,-1,-1,-1,-1,-1,-1,-1,-1,-1,0,0,3281156225915,7.7841,1.5183,17.5061,-1,-1,79,2417,535
streaming,449,59.7860,-1,61.0076,-1.0000,-1.0000,-1.0000,-1.0000,-1.0000,-1.0000,-1.0000,-1.0000,-1.0000,-1,-1,-1,-1,-1,-1,-1,-1,-1,0,0,3281156478909,5.7304,3.6961,53.2663,-1,-1,76,2212,533
streaming,450,56.7996,-1,58.6719,-1.0000,-1.0000,-1.0000,-1.0000,-1.0000,-1.0000,-1.0000,-1.0000,-1.0000,-1,-1,-1,-1,-1,-1,-1,-1,-1,0,0,3281157069067,28.5157,1.4080,33.3628,-1,-1,76,2220,535
streaming,451,57.4740,-1,56.2749,-1.0000,-1.0000,-1.0000,-1.0000,-1.0000,-1.0000,-1.0000,-1.0000,-1.0000,-1,-1,-1,-1,-1,-1,-1,-1,-1,0,0,3281157688154,25.1430,2.0149,37.2399,-1,-1,76,2227,533
streaming,452,26.6683,-1,56.2258,-1.0000,-1.0000,-1.0000,-1.0000,-1.0000,-1.0000,-1.0000,-1.0000,-1.0000,-1,-1,-1,-1,-1,-1,-1,-1,-1,0,0,3281158312225,34.7714,2.0634,24.9613,-1,-1,76,2228,531
streaming,488,32.8839,-1,13.6215,-1.0000,-1.0000,-1.0000,-1.0000,-1.0000,-1.0000,-1.0000,-1.0000,-1.0000,-1,-1,-1,-1,-1,-1,-1,-1,-1,0,0,3281163994941,5.0126,1.5289,6.0888,-1,-1,75,2267,534
streaming,501,43.5674,-1,8.4644,-1.0000,-1.0000,-1.0000,-1.0000,-1.0000,-1.0000,-1.0000,-1.0000,-1.0000,-1,-1,-1,-1,-1,-1,-1,-1,-1,0,0,3281165938616,7.4320,2.3978,6.0789,-1,-1,75,2289,541
streaming,502,62.8668,-1,44.5082,-1.0000,-1.0000,-1.0000,-1.0000,-1.0000,-1.0000,-1.0000,-1.0000,-1.0000,-1,-1,-1,-1,-1,-1,-1,-1,-1,0,0,3281166073790,5.4997,1.5926,3.1993,-1,-1,75,2289,541
streaming,503,62.2215,-1,61.3821,-1.0000,-1.0000,-1.0000,-1.0000,-1.0000,-1.0000,-1.0000,-1.0000,-1.0000,-1,-1,-1,-1,-1,-1,-1,-1,-1,0,0,3281166160889,4.2386,1.3578,6.8616,-1,-1,75,2292,541
streaming,504,62.0597,-1,61.3225,-1.0000,-1.0000,-1.0000,-1.0000,-1.0000,-1.0000,-1.0000,-1.0000,-1.0000,-1,-1,-1,-1,-1,-1,-1,-1,-1,0,0,3281166272014,14.0723,1.6747,29.4876,-1,-1,75,2292,541
streaming,505,62.1493,-1,60.8215,-1.0000,-1.0000,-1.0000,-1.0000,-1.0000,-1.0000,-1.0000,-1.0000,-1.0000,-1,-1,-1,-1,-1,-1,-1,-1,-1,0,0,3281166707734,13.2703,1.4632,49.5839,-1,-1,75,2289,537
streaming,506,61.3287,-1,60.9134,-1.0000,-1.0000,-1.0000,-1.0000,-1.0000,-1.0000,-1.0000,-1.0000,-1.0000,-1,-1,-1,-1,-1,-1,-1,-1,-1,0,0,3281167336393,14.4707,1.5852,47.7879,-1,-1,75,2293,539
streaming,507,60.6179,-1,59.8861,-1.0000,-1.0000,-1.0000,-1.0000,-1.0000,-1.0000,-1.0000,-1.0000,-1.0000,-1,-1,-1,-1,-1,-1,-1,-1,-1,0,0,3281167959113,16.5430,1.5353,45.4530,-1,-1,75,2292,538
streaming,508,35.0286,-1,-1.0000,-1.0000,-1.0000,-1.0000,-1.0000,-1.0000,-1.0000,-1.0000,-1.0000,-1.0000,-1,-1,-1,-1,-1,-1,-1,-1,-1,0,0,3281168579210,14.7982,1.6471,47.3380,-1,-1,75,2296,540
streaming,558,60.8531,-1,19.8740,-1.0000,-1.0000,-1.0000,-1.0000,-1.0000,-1.0000,-1.0000,-1.0000,-1.0000,-1,-1,-1,-1,-1,-1,-1,-1,-1,0,0,3281176319101,5.0728,2.0188,6.4299,-1,-1,75,2323,536
streaming,559,62.6847,-1,59.1073,-1.0000,-1.0000,-1.0000,-1.0000,-1.0000,-1.0000,-1.0000,-1.0000,-1.0000,-1,-1,-1,-1,-1,-1,-1,-1,-1,0,0,3281176434192,6.1716,1.7154,4.5365,-1,-1,75,2323,536
streaming,560,63.6439,-1,61.9684,-1.0000,-1.0000,-1.0000,-1.0000,-1.0000,-1.0000,-1.0000,-1.0000,-1.0000,-1,-1,-1,-1,-1,-1,-1,-1,-1,0,0,3281176541379,5.3744,2.1885,13.6495,-1,-1,75,2323,536
streaming,561,61.9180,-1,62.1056,-1.0000,-1.0000,-1.0000,-1.0000,-1.0000,-1.0000,-1.0000,-1.0000,-1.0000,-1,-1,-1,-1,-1,-1,-1,-1,-1,0,0,3281176731727,8.1423,1.7031,52.7032,-1,-1,74,2325,499
streaming,562,60.2020,-1,61.4810,-1.0000,-1.0000,-1.0000,-1.0000,-1.0000,-1.0000,-1.0000,-1.0000,-1.0000,-1,-1,-1,-1,-1,-1,-1,-1,-1,0,0,3281177340281,9.5520,2.3884,53.1210,-1,-1,74,2325,499
streaming,563,61.2195,-1,59.8610,-1.0000,-1.0000,-1.0000,-1.0000,-1.0000,-1.0000,-1.0000,-1.0000,-1.0000,-1,-1,-1,-1,-1,-1,-1,-1,-1,0,0,3281177967130,9.3107,1.9013,54.3356,-1,-1,73,2331,501
streaming,564,28.7656,-1,59.9590,-1.0000,-1.0000,-1.0000,-1.0000,-1.0000,-1.0000,-1.0000,-1.0000,-1.0000,-1,-1,-1,-1,-1,-1,-1,-1,-1,0,0,3281178603806,30.1942,1.6598,31.6762,-1,-1,73,2339,504
streaming,619,22.6401,-1,15.9053,-1.0000,-1.0000,-1.0000,-1.0000,-1.0000,-1.0000,-1.0000,-1.0000,-1.0000,-1,-1,-1,-1,-1,-1,-1,-1,-1,0,0,3281186655663,6.3148,2.1035,4.7857,-1,-1,73,2388,510
streaming,620,26.0485,-1,22.0150,-1.0000,-1.0000,-1.0000,-1.0000,-1.0000,-1.0000,-1.0000,-1.0000,-1.0000,-1,-1,-1,-1,-1,-1,-1,-1,-1,0,0,3281186766780,9.5215,1.8577,1.5760,-1,-1,73,2392,512
streaming,621,27.2597,-1,25.3683,-1.0000,-1.0000,-1.0000,-1.0000,-1.0000,-1.0000,-1.0000,-1.0000,-1.0000,-1,-1,-1,-1,-1,-1,-1,-1,-1,0,0,3281186877868,3.5139,1.9082,14.7820,-1,-1,73,2402,516
streaming,622,27.9155,-1,27.3859,-1.0000,-1.0000,-1.0000,-1.0000,-1.0000,-1.0000,-1.0000,-1.0000,-1.0000,-1,-1,-1,-1,-1,-1,-1,-1,-1,0,0,3281187060939,4.9562,2.3611,17.6767,-1,-1,71,2404,516
streaming,623,27.0721,-1,27.3165,-1.0000,-1.0000,-1.0000,-1.0000,-1.0000,-1.0000,-1.0000,-1.0000,-1.0000,-1,-1,-1,-1,-1,-1,-1,-1,-1,0,0,3281187287380,10.0776,1.4622,15.9586,-1,-1,70,2406,518
streaming,624,27.8306,-1,26.7551,-1.0000,-1.0000,-1.0000,-1.0000,-1.0000,-1.0000,-1.0000,-1.0000,-1.0000,-1,-1,-1,-1,-1,-1,-1,-1,-1,0,0,3281187547848,3.8447,1.6214,23.4050,-1,-1,70,2411,493
streaming,625,23.4623,-1,26.7305,-1.0000,-1.0000,-1.0000,-1.0000,-1.0000,-1.0000,-1.0000,-1.0000,-1.0000,-1,-1,-1,-1,-1,-1,-1,-1,-1,0,0,3281187820433,8.5607,1.8729,19.3435,-1,-1,70,2411,493
streaming,766,41.1916,-1,18.7607,-1.0000,-1.0000,-1.0000,-1.0000,-1.0000,-1.0000,-1.0000,-1.0000,-1.0000,-1,-1,-1,-1,-1,-1,-1,-1,-1,0,0,3281205115005,3.4150,1.3851,7.6838,-1,-1,65,2323,502
streaming,767,58.2362,-1,41.3512,-1.0000,-1.0000,-1.0000,-1.0000,-1.0000,-1.0000,-1.0000,-1.0000,-1.0000,-1,-1,-1,-1,-1,-1,-1,-1,-1,0,0,3281205226117,6.8846,1.5518,4.2147,-1,-1,65,2323,502
streaming,768,60.1183,-1,59.0469,-1.0000,-1.0000,-1.0000,-1.0000,-1.0000,-1.0000,-1.0000,-1.0000,-1.0000,-1,-1,-1,-1,-1,-1,-1,-1,-1,0,0,3281205337216,4.1985,1.7572,15.2656,-1,-1,65,2321,500
streaming,769,57.7225,-1,59.0172,-1.0000,-1.0000,-1.0000,-1.0000,-1.0000,-1.0000,-1.0000,-1.0000,-1.0000,-1,-1,-1,-1,-1,-1,-1,-1,-1,0,0,3281205531976,4.1520,1.3546,37.0031,-1,-1,65,2326,501
streaming,770,59.1771,-1,57.6760,-1.0000,-1.0000,-1.0000,-1.0000,-1.0000,-1.0000,-1.0000,-1.0000,-1.0000,-1,-1,-1,-1,-1,-1,-1,-1,-1,0,0,3281205943825,8.5838,2.5890,49.6429,-1,-1,65,2318,495
streaming,771,57.8538,-1,57.9707,-1.0000,-1.0000,-1.0000,-1.0000,-1.0000,-1.0000,-1.0000,-1.0000,-1.0000,-1,-1,-1,-1,-1,-1,-1,-1,-1,0,0,3281206526200,6.9715,1.5220,53.1332,-1,-1,65,2320,495
streaming,772,50.6667,-1,57.7987,-1.0000,-1.0000,-1.0000,-1.0000,-1.0000,-1.0000,-1.0000,-1.0000,-1.0000,-1,-1,-1,-1,-1,-1,-1,-1,-1,0,0,3281207127374,7.3416,1.7513,50.3709,-1,-1,65,2319,494
streaming,809,29.2267,-1,18.4440,-1.0000,-1.0000,-1.0000,-1.0000,-1.0000,-1.0000,-1.0000,-1.0000,-1.0000,-1,-1,-1,-1,-1,-1,-1,-1,-1,0,0,3281213060051,4.1272,1.9293,9.3741,-1,-1,65,2303,474
streaming,810,23.6861,-1,-1.0000,-1.0000,-1.0000,-1.0000,-1.0000,-1.0000,-1.0000,-1.0000,-1.0000,-1.0000,-1,-1,-1,-1,-1,-1,-1,-1,-1,0,0,3281213195174,9.5024,1.3654,4.0978,-1,-1,65,2303,474
streaming,811,23.8199,-1,22.2776,-1.0000,-1.0000,-1.0000,-1.0000,-1.0000,-1.0000,-1.0000,-1.0000,-1.0000,-1,-1,-1,-1,-1,-1,-1,-1,-1,0,0,3281213331272,3.0007,2.2871,16.8439,-1,-1,65,2307,474
streaming,963,59.0629,-1,11.1534,-1.0000,-1.0000,-1.0000,-1.0000,-1.0000,-1.0000,-1.0000,-1.0000,-1.0000,-1,-1,-1,-1,-1,-1,-1,-1,-1,0,0,3281231524344,3.1070,1.3420,6.4295,-1,-1,65,2338,448
streaming,964,60.3121,-1,58.8910,-1.0000,-1.0000,-1.0000,-1.0000,-1.0000,-1.0000,-1.0000,-1.0000,-1.0000,-1,-1,-1,-1,-1,-1,-1,-1,-1,0,0,3281231619795,2.8863,1.3860,7.5233,-1,-1,65,2340,448
streaming,965,60.5126,-1,60.4795,-1.0000,-1.0000,-1.0000,-1.0000,-1.0000,-1.0000,-1.0000,-1.0000,-1.0000,-1,-1,-1,-1,-1,-1,-1,-1,-1,0,0,3281231723978,6.4121,1.1724,4.6888,-1,-1,65,2345,451
streaming,966,33.2160,-1,59.8625,-1.0000,-1.0000,-1.0000,-1.0000,-1.0000,-1.0000,-1.0000,-1.0000,-1.0000,-1,-1,-1,-1,-1,-1,-1,-1,-1,0,0,3281231835093,2.7841,1.7465,56.2820,-1,-1,65,2350,450
